ra,dec,sy_dist,pl_rade,st_rad,st_teff,hostname,sy_pnum,x,y,z
296.8372475,48.2399695,1680.6928339133112,13.31600225,1.9096144578965228,5613.0,Kepler-6,1,505.34462094388056,-998.7983736908209,1253.6973417708175
287.1305782,42.3501533,1807.3467696195105,8.547,1.7911705279599754,5522.0,Kepler-491,1,393.43230537609276,-1276.4473595641728,1217.5366544799317
297.3159994,46.0232642,2240.096973613963,2.67,1.7865753921591394,5188.0,Kepler-257,3,713.7913351661288,-1381.9983647771114,1612.0226117488494
293.7280695,46.1291139,3419.0677543633856,2.23,1.8722881254376968,6142.0,Kepler-216,2,953.4924295880985,-2169.2283267939038,2464.8174297258993
297.8423073,46.5743595,918.6962480223494,2.08,1.5144368545005131,3727.0,Kepler-32,5,294.9464781536956,-558.4159212096586,667.2188772019585
288.2119707,46.6150461,2882.498150184034,2.71,1.7487496731023373,5926.0,Kepler-259,2,618.8093647859615,-1880.7949216246761,2094.870167494492
289.7861626,46.8588176,2271.675048792208,3.55,1.7255214628674054,5271.0,Kepler-148,3,525.8315892601116,-1461.6609227755646,1657.575341838841
287.9060885,46.9377479,2178.13365052193,3.75,1.727953081648573,5431.0,Kepler-222,3,457.2552924580856,-1415.1754491407726,1591.3711839807434
298.348382,47.4913021,2391.4470660333222,3.14,1.768978018166044,5701.0,Kepler-29,2,767.2830640412184,-1422.121110138479,1762.9144384721012
298.6636163,47.7619329,1734.6624772063954,1.8,1.7408395611469554,5475.0,Kepler-179,2,559.320772449873,-1023.1622144612143,1284.2714924161207
280.69092,47.8096702,1604.9714643147208,2.186,1.6735793555283123,5100.0,Kepler-165,2,199.96064989807581,-1059.1818719680095,1189.1521777515363
296.2860853,48.2246328,4742.584879785869,2.84,1.7636809171015375,5630.0,Kepler-228,3,1399.2249708672998,-2832.84842100648,3536.8419029518464
287.6979913,42.3385782,799.1703237848252,2.868,1.7487496731023373,5508.0,Kepler-20,6,179.5813990400346,-562.7710062937119,538.2494979211118
293.1600977,48.8812074,1728.4377718214841,1.59,1.6779864484808917,5409.0,Kepler-166,3,447.0500592517271,-1045.055368561911,1302.1146847425432
286.7380152,49.9757383,912.0227848073631,2.21,1.5519061763821282,4222.0,Kepler-52,3,168.91905937050913,-561.6822942286249,698.401683660076
295.2264739,50.5592348,938.1752330594113,1.42,1.840052627658335,6003.0,Kepler-197,4,254.0153527436732,-539.1633171545584,724.5356346871291
125.007177,14.0194586,933.7339781475723,2.3,1.7408395611469554,5482.0,K2-183,3,-519.7080738051749,742.0222072379505,226.19837297099636
132.5235618,23.1924709,939.1625002855764,2.25541631,1.7523800309982094,5477.0,K2-187,4,-583.4757776995436,636.2266073256424,369.86203226537174
131.2665588,13.5497322,793.2496156396422,1.38,1.690929606204274,4877.0,K2-270,2,-508.63594142493935,579.6501119659458,185.84988431815694
291.9518784,43.0746172,1748.1136312614178,2.497,1.7225842963731024,5530.0,Kepler-184,3,477.3539679069077,-1184.355461994336,1193.8746151793723
291.5953596,-22.2477071,1114.6731352338118,7.67,1.8986684984060007,5742.0,K2-280,1,379.7134747109844,-959.2737419704619,-422.02815486750865
288.0267612,-21.0075789,402.9258454640222,2.0,1.6371057805743707,4473.0,K2-381,3,116.40214216753508,-357.68042403263547,-144.44546550702154
291.4787013,-23.2028183,2460.654209066308,13.843115,1.8566650551887136,6149.0,HATS-36,1,828.1066297626288,-2104.5650606132062,-969.4660654118062
286.9994758,48.3757867,2373.3027736392573,2.49,1.6855863417299641,5014.0,Kepler-229,3,460.894936290404,-1507.5687400659506,1774.0852310533503
16.4625203,11.7537171,274.43634547222587,2.53826377,1.8224670780722418,6101.0,K2-222,1,257.66750032369066,76.14128547288938,55.904129003390544
14.8759777,4.2277722,851.5070676187979,2.43,1.8954625689388938,5854.0,K2-214,1,820.7283778279278,218.01050992918445,62.77446609186743
12.7700071,9.5167694,657.1630798664472,2.37,1.8082552678038222,5612.0,K2-220,1,632.0876211998137,143.25886428561563,108.6528898332245
11.4802354,6.3470302,315.37464042229345,1.75,1.6634861535426746,4503.0,K2-216,1,307.17067259682653,62.38424059763596,34.86471343579898
18.4241015,3.0970732,297.2998331115953,2.39257704,1.5876479769768224,4349.0,K2-212,1,281.6492104138818,93.82382693037495,16.06245751927247
19.3047733,9.5012663,182.249327285232,1.49,1.471370331589931,3695.0,K2-151,1,169.64253728982226,59.423838224120146,30.0837878018123
19.6101417,6.8167277,655.0987938481022,11.6786,1.680172303484953,4492.0,K2-295,1,612.7394376850625,218.3089177379268,77.75620645792077
13.4321524,7.9952914,1417.952362433917,2.82,1.772471662610759,5523.0,K2-282,2,1365.7590624467898,326.17972689676367,197.22543253329337
13.1943679,9.6929181,1147.6148551731237,3.52,1.7166458784388943,5060.0,K2-283,1,1101.3688359556015,258.2095119927063,193.22109335246262
16.2274724,7.2692169,1307.5000319993285,8.18,1.6855863417299641,4812.0,K2-281,1,1245.318708350653,362.44613001254254,165.4401739271244
19.4418282,11.3684915,752.1376079811585,7.322,1.578612750973135,3572.0,K2-387,1,695.3349642075623,245.436815837927,148.2600361575106
182.699673,-6.2943552,415.98035550149433,1.15,1.627919912838472,4597.0,K2-156,1,-413.0138315154537,-19.47487546097798,-45.60658248381896
183.7514959,-5.7820178,844.9436224524752,1.0,1.7455110852701348,5456.0,K2-157,3,-838.8435462397764,-55.00270574955656,-85.123042798144
179.9397081,-5.7216879,552.3129842782789,2.64,1.7767971411933234,5503.0,K2-158,2,-549.5610035006765,0.5782989528819684,-55.06361415698087
183.4686492,-3.8318097,597.4869741018931,1.75,1.7636809171015375,5677.0,K2-244,1,-595.0591866405479,-36.0685705512715,-39.92877201359689
294.5589885,46.0623952,961.7914757685842,8.18,2.1185594192143338,5854.0,Kepler-108,2,277.3758589668578,-606.9889364804276,692.5820577475772
180.5408896,-3.5809053,476.16601854406895,2.20753881,1.7215586694872895,5419.0,K2-159,1,-475.2151752715428,-4.486309187824942,-29.740333515591878
184.0545174,-3.5530888,894.1332710523089,3.17824034,1.7608963704222114,5649.0,K2-160,1,-890.1810585849815,-63.098736583440655,-55.412442472761384
183.7938491,-3.4956913,2634.0281777010246,6.11721229,2.183298019918726,4972.0,K2-161,1,-2623.3657400968923,-173.9608924092465,-160.60586079294796
186.0383865,-1.111479,341.35048075411856,1.44,1.6460897446698746,4842.0,K2-162,1,-339.3926756597507,-35.90151892033463,-6.62143177839935
182.3292517,-0.5393421,584.8262128701643,2.46610713,1.6867684037396051,4937.0,K2-163,1,-584.3171262945643,-23.76740386494579,-5.505060621050274
184.9004881,0.968327,370.7600422889691,1.27443657,1.7085033908244502,5185.0,K2-165,3,-369.35199967179216,-31.667805853245483,6.2657297266744445
183.7203635,1.9681688,653.0692503714404,1.2,1.7939991485313231,5711.17,EPIC 201595106,2,-651.3085264064138,-42.35068808235524,22.429187010943572
185.1880932,2.2823788,1361.7649868967198,2.19,1.992426059451779,5960.0,K2-166,2,-1355.110248475437,-123.04075720380477,54.23159670688172
52.5035514,17.5841081,696.9780326354238,2.03803688,1.9411067821806585,5909.0,K2-175,1,404.4353506366529,527.1380604825134,210.56089457087592
58.2691796,17.9069486,697.0822602604734,1.49090097,1.7380864912246365,5428.0,K2-176,1,348.85601268770625,564.1669967111181,214.3332914025315
55.2296156,20.7360891,1406.0182993657286,2.1162048,1.8768828267988038,6063.0,K2-177,1,749.8948097639025,1080.1481563736447,497.8204422510918
52.8888524,22.4348186,602.8460111565306,3.54381082,1.749829806644862,5888.0,K2-178,1,336.2055235832194,444.3636589366432,230.065420469726
285.5739904,38.4008192,1800.0276741715777,1.48,1.7793706265776335,5779.0,Kepler-9,3,378.73598022231363,-1358.8611237148118,1118.103363524635
130.2596625,14.6902225,758.0409448555,1.31284773,1.761162447974768,5722.0,K2-185,2,-473.87213253921374,559.5689844113928,192.23378414045652
129.6821253,15.6806039,451.5074995843995,2.41,1.7313332277641686,5368.0,K2-263,1,-277.5704918621427,334.54758156133886,122.030979262743
135.3350487,18.8252879,938.6500477957486,3.17207779,1.7898515832937636,5784.0,K2-186,1,-631.883973149989,624.5367144160961,302.88685849586284
130.4971951,19.9166357,1201.1560071187814,3.21,1.858430733578619,5817.0,K2-341,1,-733.3887176722717,858.7729884292065,409.17685244026836
129.8137008,23.3574367,1274.7320247684327,1.35,1.8688675706510516,5977.0,K2-188,2,-749.3142143578362,898.9176798126423,505.38791838723523
203.6214411,-15.0365158,682.0590061942854,1.51234354,1.7371986391520748,5503.0,K2-189,2,-603.5146885478879,-263.9380818348796,-176.94970357422608
205.3630485,-13.1608686,446.2903279083018,1.09308317,1.7602033090113878,5631.0,K2-190,2,-392.6810599908185,-186.14842136755203,-101.6140105071884
199.8315191,-8.5095364,893.1228421316885,2.57581891,1.7575784792225257,5712.0,K2-195,2,-830.9064873310031,-299.66118298808277,-132.15897948615304
200.4562487,-8.4717104,1674.4333859867168,3.59970536,1.9739378595512052,6045.0,K2-196,1,-1551.7244299967995,-578.8158356683161,-246.67931781492751
292.2196,44.6173667,97.07132736164822,0.962,1.1167760811656895,3241.0,Kepler-42,3,26.12941609781553,-63.9656217943985,68.17987561293629
293.5607117,-23.1312775,554.1456533520691,1.40006712,1.7446559887031008,5507.0,K2-201,2,203.69613800089394,-467.11486522602314,-217.6901265041355
283.2643203,-22.4070553,850.8035311497125,2.30165603,1.7595211894069478,5491.0,K2-202,1,180.47283966825924,-765.5830184528869,-324.3128807424418
287.4125267,-19.6269336,787.152299574236,2.072,1.7121347533076936,5452.0,K2-382,1,221.8690456402594,-707.4429260323249,-264.40002972486747
282.008765,-18.3795798,571.1000136934832,1.564,1.708591353555505,5129.0,K2-383,1,112.7624370892771,-530.1067858353232,-180.07402376169196
12.7736909,-1.1958844,462.1213460686249,1.37068602,1.6871934534954223,5000.0,K2-203,1,450.5861309556594,102.15310001049735,-9.644751989159108
17.3825067,-0.5177539,1652.3081773581162,3.17214154,1.8899541094368688,5783.0,K2-204,1,1576.7855020903537,493.605978173589,-14.930896606219664
15.2175909,0.425966,1154.5228305444716,1.99552771,1.828302387327434,5890.0,K2-205,1,1114.0097990387299,303.037063790015,8.583231537948153
11.2564264,0.5931866,688.8048497044451,2.79522879,1.6845340605942034,5043.0,K2-206,1,675.5183765795528,134.44772645711714,7.131110025864864
11.6996481,0.6406182,1032.2377694549382,2.60585269,1.7672895220686557,5522.0,K2-207,1,1010.7288753103477,209.30541376690354,11.541103545648816
20.7789809,0.8890076,724.8328654299501,1.67866113,1.7372379822253712,5582.0,K2-208,1,677.6051786489423,257.11365020817004,11.246134987531436
14.6903464,1.382807,202.57023991575068,0.86850263,1.6591285133139646,4720.0,K2-209,1,195.89125403487182,51.35583328403311,4.888463958412217
17.6412694,1.5784137,492.1244260238973,0.86,1.7501298226802984,5500.0,K2-210,1,468.8031588229909,149.08485885450216,13.555582881938843
21.1061587,1.7049101,769.4480793748259,1.3,1.7014110500221729,5360.0,K2-211,1,717.5117538869936,276.9533557565742,22.892545135721797
13.1403998,3.5077702,1109.3604215680853,1.51398464,1.8737298437205707,5794.0,K2-213,1,1078.2888745875728,251.72729770738334,67.87499886795062
18.4700795,6.1238647,1150.651932358599,2.12381238,1.7871622655837576,5704.0,K2-215,1,1085.153101102722,362.4571374382902,122.74950153774111
11.2983678,6.4815879,1086.708284390622,3.57854073,1.9154725568443127,5967.0,K2-217,1,1058.8367102777684,211.5450849946347,122.67189305613388
12.809613,6.8464327,1122.0443444942696,2.56948149,1.8011141584692831,5757.0,K2-218,1,1086.3171802058644,246.99688377332131,133.75737141340286
12.8452963,8.8675474,923.1925119585202,1.34762583,1.8686036846449245,5753.0,K2-219,3,889.3301472473679,202.7903534429056,142.31084246732053
16.6550286,10.1897385,904.1130661508155,1.67890272,1.775762761784767,5716.0,K2-221,1,852.5214418762689,255.03948963327085,159.94526017809056
185.306183,-10.2820915,556.0912356863298,0.89,1.7936553618229116,5835.0,K2-223,2,-544.8161626861186,-50.600366999659194,-99.25932773609651
189.7041426,-10.0605942,778.0121158997408,1.56,1.726495846908477,5620.0,K2-224,2,-755.0878792390934,-129.1257250965602,-135.91061117987732
186.5410958,-9.6248232,1016.9336798434772,2.66099554,1.8754447699435184,5733.0,K2-225,1,-996.0923643286548,-114.21417752806435,-170.02715247199274
183.6456643,-9.5626286,592.7475123739397,1.53899305,1.749670290409674,5288.0,K2-226,1,-583.3282149841634,-37.16667242015468,-98.47053107451102
190.9484237,-8.4784159,523.1726774414734,1.66551298,1.7504355848140905,5673.0,K2-227,1,-508.03673599417215,-98.27781875083672,-77.1349184432414
187.2947047,-6.8342028,355.9047105075832,1.21,1.6216792738837174,4715.0,K2-228,1,-350.51572270800233,-44.8691736298809,-42.35148585049907
186.8729195,-6.7218474,278.0350937482466,1.26,1.6930475068578255,5163.0,K2-229,2,-274.1396826616531,-33.043086378930944,-32.54385023808474
191.363117,-6.576051,1546.7429644536346,1.93420564,1.865848846708995,6002.0,K2-230,1,-1506.447056411617,-302.74396790304957,-177.13597662222418
186.4860415,-1.4047214,334.2224692854434,2.332,1.7973545174916377,5868.0,EPIC 229004835,1,-331.98344665050325,-37.74280990459292,-8.193315923203256
186.8026947,1.5668631,1186.8218134626438,2.32,1.8477204113675578,6059.0,K2-259,1,-1178.0258816683095,-140.52727413389388,32.45187598364736
59.037486,13.5590288,562.4549112379739,2.55211506,1.7272047118965712,5377.0,K2-80,3,281.3051385769888,468.8649446465827,131.8658783289111
189.5748998,-5.2446247,415.73136728609785,1.1,1.3320152555737954,3782.0,EPIC 228836835,1,-408.2236039703973,-68.86191694468887,-38.00125394893459
132.7376431,13.170269,593.2252223220842,2.72,1.821581120040963,5994.0,K2-331,2,-391.9986048471,424.245223616687,135.1637837419498
136.7892752,15.2056765,977.0144994494508,5.7395617,1.8728803893219947,5790.7,K2-333,1,-687.1578906640713,645.5263034483476,256.2560379559416
136.4894259,16.3255146,1057.5969296718858,5.0,1.9379171123551746,6890.0,K2-334,1,-736.0932826620183,698.784672209188,297.2842524533573
133.1218996,21.2386816,584.3282364393714,2.4,1.93704587811059,6140.0,K2-342,1,-372.2904331057945,397.53356292839646,211.6751937844879
134.2021746,21.5026882,462.18504072837754,2.3,1.4847732999317564,3790.0,K2-343,2,-299.80463953174234,308.27246599550926,169.41156010550642
136.3614923,21.6685886,198.72105581843,1.6,1.5541377774392235,3860.0,K2-344,1,-133.6533185095207,127.44773067042348,73.37523031611808
130.8783479,24.4229559,565.5064644824838,3.36071,1.7408395611469554,4954.0,K2-348,2,-336.9814707372271,389.3192401459811,233.81954367291448
140.4451478,18.469628,490.7955238045139,2.0,1.7650116418091568,5930.0,K2-352,3,-358.91955694416293,296.4480134654483,155.4849611439716
134.7188514,21.0747961,61.94690724108773,2.06081,1.3320152555737954,3413.0,G 9-40,1,-40.6721146634785,41.07323978329028,22.27526384223372
140.3390845,14.3678691,299.1585590916479,1.61084174,1.8906223143813703,5910.0,HD 80653,2,-223.09946208299175,184.96380256598178,74.23520213755197
287.3619673,38.7141384,295.2847656939682,1.654,2.0686397771270113,6202.0,Kepler-21,1,68.75413082364521,-219.90613674189362,184.68149167927567
281.2881335,42.4510975,2939.6206791348714,14.83,1.9499233351294365,6225.0,Kepler-8,1,424.56861673011406,-2127.0509470499283,1984.1283969388783
282.0004201,48.542256,633.0372798792539,8.28,2.3882343628731686,7221.0,TOI-4588,1,87.14158452560818,-409.95414206551163,474.42612002989614
291.0489438,36.8400772,712.6150716046824,2.78,1.7413091234176281,5505.0,KOI-984,2,204.83719036703835,-532.2596839846148,427.27227212315375
287.857953,42.5426758,801.6225681852997,2.53,1.5328198936278925,4057.0,Kepler-505,1,181.11681288335342,-562.1586233985978,542.0084169582288
291.4994412,37.0592571,5135.667786813499,1.92,1.7623458459799721,5880.0,Kepler-745,1,1502.0050307925885,-3813.1709705849707,3094.962302367461
290.7287168,37.2526575,1756.2289099562581,1.75,1.7436488774402559,5830.0,Kepler-262,2,494.78222002624085,-1307.4210087412546,1063.0996401156624
292.2628779,37.2369732,4920.292980495568,2.23,1.7815028896896852,5922.0,Kepler-748,1,1484.072396509691,-3625.2309006387018,2977.3332115983003
292.044628,37.3761861,2708.8809837575345,3.71,2.100448916134923,6207.0,Kepler-264,2,807.9543784735641,-1995.2813185092948,1644.4142928338936
129.6894456,23.6852651,83.1757582942614,2.884,1.8790445422674094,6252.6,HD 73344,3,-48.64384545892123,58.613760962362115,33.412723514270084
292.2910129,37.5807686,3714.2056459623886,2.88,1.7865753921591394,6000.0,Kepler-1732,1,1116.497149251323,-2723.5180830393097,2265.216755096615
292.4698022,37.5677941,2166.243015630846,2.67,1.6988157783724447,5265.0,Kepler-263,2,656.2445145767535,-1586.679194336512,1320.757765117048
291.3647333,37.609239,900.3174434719232,2.094,1.680172303484953,5121.0,Kepler-261,2,259.8299469424596,-664.21103512942,549.4393492497625
332.6357627,-11.1661157,579.2645109890412,1.948,1.6297736752523506,4663.0,K2-368,3,504.7076930739303,-261.216077780778,-112.17699832047164
291.1384628,37.8592447,6004.607706429044,2.31,1.8118251936543144,6363.0,Kepler-1733,1,1709.628235177456,-4421.764814583526,3685.1704071999447
293.2541121,37.8461519,5106.397195445381,2.04,1.7853131557109085,5952.0,Kepler-754,1,1592.0006283691905,-3704.748691325498,3132.995922602927
123.1361518,13.6884986,645.7356788644729,2.061,1.9596659733298052,6138.0,K2-373,1,-342.9529870631352,525.3639261562289,152.80890260959006
291.9032411,37.9023677,776.5992525379563,1.52,1.5304684744203585,3937.0,Kepler-753,1,228.59250908685007,-568.5487927870871,477.0787503675224
130.082542,18.6929046,1024.4091167289846,1.92,1.6634861535426746,4857.0,K2-339,1,-624.8130244067182,742.4483494047824,328.31870405948854
292.2681469,37.955672,3548.8311475502337,2.92,1.7361140297684075,5687.0,Kepler-752,1,1060.3572902373442,-2589.5178777670303,2182.714386168781
293.1845144,37.9698357,6633.187141832804,2.59,1.7711650427075207,5957.0,Kepler-766,1,2058.6909242606184,-4806.873419445169,4081.045364410265
287.4441104,38.0884183,4016.581567078729,2.4,1.9496415330419778,5979.0,Kepler-771,1,947.6766887296461,-3015.9013449685954,2477.73595365843
210.6376171,-10.0236852,1607.9940654411614,2.3,1.7680999213478592,5765.0,EPIC 212624936,2,-1362.4120036819616,-806.9360096237145,-279.87983687620897
290.8846217,38.0575539,1564.846723882402,1.52,1.8418913797994083,5735.0,Kepler-773,1,439.2449265983336,-1151.1958002502734,964.6540277162815
283.0317641,-27.1807287,508.61844768800876,2.181,1.6807169456863442,4603.0,K2-379,1,102.02388677788566,-440.7989444384688,-232.33627017154373
283.4346389,-26.5387308,702.8755790861514,2.729,1.9112465342545746,5911.0,K2-380,1,146.0964241214764,-611.6082033710976,-314.0466845928939
291.5791562,38.0358066,6498.299223747681,6.64,1.772471662610759,5694.0,Kepler-767,1,1882.4142043678805,-4759.493563969681,4003.951870225831
291.9259658,38.0140525,1797.4451452397914,2.108,1.7685392055509868,5541.0,Kepler-260,2,528.796331604451,-1313.7015582780916,1106.965087798836
291.9761559,38.0550327,2447.4346719558403,2.55,1.8967479596574832,6081.0,Kepler-268,2,721.1819314645883,-1787.128834811985,1508.6429740015208
20.4998403,0.7509701,220.40966650654505,2.222,1.3663021402674942,3623.0,K2-384,5,206.43408699295307,77.18188662506456,2.8888049272946628
12.6140752,5.8712567,1199.4507273644965,1.539,1.6861238222961243,4844.0,K2-385,1,1164.359619443965,260.5655534688509,122.69603224634727
289.7766991,38.2622374,4121.243473899447,2.44,1.7865753921591394,6085.0,Kepler-1736,1,1094.8963838602997,-3045.0766581320995,2552.1280974644405
18.2999964,7.0130302,1222.5139846185446,2.32,1.7853131557109085,5749.0,K2-386,1,1152.002172043772,380.98821188165147,149.26292440376633
291.0318604,38.211894,2638.327567234324,2.2,1.9847376714382752,6405.0,Kepler-774,1,743.9761006050461,-1934.9073776242865,1631.9942872976615
291.423582,38.2165603,3253.2879262982606,1.82,1.8404210404022199,5714.0,Kepler-772,1,933.6180266932045,-2379.429188200486,2012.5994261082105
133.7094899,11.8482712,930.0918016944476,1.49,1.696203923404798,5106.0,K2-268,5,-629.0026480670707,657.9954460347255,190.96706863069085
348.5159113,-0.0821031,750.9679424111565,2.352,1.8258010477404696,5678.0,K2-393,1,735.932832817979,-149.51440763014085,-1.0761137294148635
71.110002,16.5185817,264.8653542808585,1.92318,1.6519711973873963,4197.0,K2-394,1,82.2116146346328,240.25732862032112,75.30818256815365
295.9463854,42.6588324,2013.5176976031926,4.283,1.798172025587478,5595.0,Kepler-119,2,647.8699064292824,-1331.4909686152532,1364.4229195526545
242.3762343,-21.0831403,383.9158847396839,18.647,1.9210375152196648,4060.0,1RXS J160929.1-210524,1,-166.09186955470608,-317.38373240255714,-138.10309131043658
286.4904589,38.374872,2674.9606822274786,1.93,1.6818040577943414,5513.0,Kepler-770,3,595.2674001270797,-2010.8186207464714,1660.6263421577125
133.1468373,28.3298154,17.528278177902965,1.856,1.7737741190871752,5272.0,55 Cnc,7,-10.551385936413002,11.25699780432526,8.317979991333925
86.8212337,-51.066148,38.254230940211954,16.8,1.9753589053697496,8038.68,bet Pic,2,1.333044136226939,24.002841165279722,-29.756894901052657
291.0636813,0.7460143,960.7897324833845,10.87,1.7014110500221729,5075.0,CoRoT-10,1,345.2837041124953,-896.5152456376278,12.509518741831235
280.6872998,5.9376586,1877.56144636131,16.02887,1.9264435972615899,6440.0,CoRoT-11,1,346.3234921916974,-1835.0948150310303,194.2267835926596
100.7656871,-1.2964437,3242.170312959628,16.14,1.84262457086894,5675.0,CoRoT-12,1,-605.4597419874796,3184.290483174923,-73.35501230865806
102.7211432,-5.0864557,3307.4862913240927,14.033668,1.8967479596574832,5945.0,CoRoT-13,1,-725.4607986238824,3213.5935861290636,-293.2378900260767
103.4242023,-5.5360385,5032.077108361347,12.22,1.8756802935503716,6035.0,CoRoT-14,1,-1162.7919389572216,4871.760426905515,-485.45367856038075
278.699236,-6.612288,3386.207100354668,11.43318,1.987316569025403,5740.0,CoRoT-17,1,508.749017121944,-3324.9862385038373,-389.92239975401407
98.1724172,-0.0316045,2195.6062537767857,14.022459,1.7654542557253547,5440.0,CoRoT-18,1,-312.1107131948124,2173.3090570750983,-1.2111020203985943
97.0335983,-0.1707293,2270.227442888741,14.45961,2.0024573337179334,6090.0,CoRoT-19,1,-277.9911865457486,2253.1328811899166,-6.764787421958958
102.0798591,-3.1021394,2262.2540295724402,17.385159,1.8480819805301598,5950.0,CoRoT-1,1,-472.7390934186213,2208.9190387670697,-122.42436049597816
97.7204249,0.2268931,2424.8259629554814,13.00244,1.9173933254505269,5880.0,CoRoT-20,2,-325.7472182767848,2402.8269798392257,9.602362449877381
279.7826586,4.3577516,3052.823460786048,11.77,1.992426059451779,5900.0,CoRoT-23,1,517.2094690183194,-2999.736258051924,231.96514827045567
291.7770457,1.3836634,598.5900498003356,16.47723,1.7578638502881687,5696.0,CoRoT-2,1,222.0096578258663,-555.7093076898864,14.45423463339442
292.0552827,0.1218359,2206.845466011309,11.623733,1.983442095356276,6740.0,CoRoT-3,1,828.6708638066274,-2045.3482561051871,4.692715644478357
102.1946233,-0.6727861,2084.2071890813295,13.33871,1.8619393723892377,6190.0,CoRoT-4,1,-440.22313957941407,2037.0381125478302,-24.472891629583817
101.2772396,0.8152163,2536.0339436716795,18.38267405,1.8964237797648056,6100.0,CoRoT-5,1,-495.8879404579067,2486.8175250843115,36.08200239573526
281.0725563,6.6632062,1849.3533977263373,13.068,1.8078566779022531,6090.0,CoRoT-6,1,352.772819073151,-1802.6680852423199,214.58588549557106
100.9561682,-1.0630076,444.0523291815407,1.860694,1.781077325974338,5250.0,CoRoT-7,3,-84.38116662009224,435.8834990642841,-8.238022509063242
290.4132621,38.3437283,3330.300560362744,4.75,1.8322382502535537,6038.0,Kepler-24,4,911.0246769466937,-2447.9370726952607,2066.0445175433024
291.5885696,1.4262972,913.4559146517962,6.38913,1.690929606204274,5080.0,CoRoT-8,1,335.99197518354754,-849.1137360002876,22.736841474612323
280.7866461,6.2040783,1176.7551620099293,11.623733,1.771601046921307,5625.0,CoRoT-9,1,218.94267397234407,-1149.19279556749,127.17207023018767
258.8313991,4.9606795,23.48430790713062,2.733,1.1717358609634754,3101.0,GJ 1214,1,-4.531795237555773,-22.953249421200727,2.030736519081948
175.5505363,26.7030669,9.328198729237684,3.85,1.445111052952736,3505.0,GJ 436,1,-8.308206094721667,0.6464970765551956,4.191782979805476
237.3003643,-35.6515055,418.75686362434544,51.5614,2.0689620178502537,4360.0,GQ Lup,1,-183.82697092826191,-286.34393938326957,-244.07397233279303
245.4776921,-20.7193398,295.22107103421564,20.1762,1.7568892511320837,4432.0,GSC 06214-00210,1,-114.60604933788252,-251.2207732160616,-104.44643288536183
209.3886452,43.49331,394.3849706335626,15.24421375,1.6525547148479038,4650.0,HAT-P-12,1,-249.28945958625857,-140.4023091716091,271.44329422571315
129.8823772,47.3519076,695.6578160514612,14.358729,1.9795305448209009,5653.0,HAT-P-13,2,-302.20636786529894,361.6607513958244,511.6762737854473
260.1161719,38.2421682,625.7471365493903,12.89,1.9546844828260332,6600.0,HAT-P-14,1,-84.36009723783559,-484.1683880146539,387.3290912661684
66.248142,39.460602,538.4651862057066,12.016,1.8292216025271144,5568.0,HAT-P-15,1,167.44557342333334,380.5155399418473,342.2201930910006
9.5730343,42.4630961,637.252708270152,14.448401,1.884700974817395,6158.0,HAT-P-16,1,463.56263394999536,78.18135600621069,430.21898397910815
324.5359781,30.4881882,248.55923186301726,11.37711541,1.7361140297684075,5350.0,HAT-P-17,2,174.4550068534825,-124.27233848958483,126.10919163334059
296.9985853,42.7819633,2939.0126846554144,3.026,1.9106267404865913,6154.0,Kepler-123,2,979.2417822018585,-1921.9875256993091,1996.2076654526202
292.7130925,38.3581685,3367.2434630192406,2.92,1.8986684984060007,6186.0,Kepler-769,2,1019.5079236599792,-2435.6486696978313,2089.6286011249726
256.346376,33.0123251,448.3777756211023,10.7299795,1.674748004479632,4790.0,HAT-P-18,1,-88.75276631369563,-365.36345134508156,244.28492496223393
9.5165832,34.7114025,566.1492015036235,11.29865255,1.6925190595810296,4962.0,HAT-P-19,1,458.98721950333936,76.94469093815265,322.38977222023664
344.4453632,38.674919,441.3684678365115,15.24424,1.8548917165648964,5975.0,HAT-P-1,1,331.95802872413634,-92.40109748862413,275.81158197007056
111.9164295,24.3361185,186.7589091957147,11.489225,1.6398819140769425,4595.0,HAT-P-20,1,-63.514438316887144,157.86630789466963,76.96125727253232
171.2749348,41.0280207,783.8691293851714,12.4249,1.892231295892917,5634.0,HAT-P-21,1,-584.4987341511871,89.7025805270639,514.5536792459189
155.6814593,50.1287115,217.8167148122536,12.89035,1.8404210404022199,5302.0,HAT-P-22,1,-127.2449199791036,57.50286205868774,167.17138644568834
306.1239076,16.7621462,1037.301494905268,14.10495771,1.8555168095587278,5918.23,HAT-P-23,1,585.5404295950585,-802.2729565918597,299.15698180670023
108.8251171,14.2626064,1183.5994427215246,13.921578,1.9103164908233712,6373.0,HAT-P-24,1,-370.1524731258539,1085.7553296087146,291.59929985476504
48.4354731,25.1973548,850.7658933962224,12.66750036,1.7581710888907258,5610.0,HAT-P-25,1,510.7423379213672,575.9808032989996,362.20295947428093
213.1565508,4.0594175,391.73874704202353,7.09629938,1.7360085006025563,5061.9,HAT-P-26,1,-327.13278950773844,-213.71556997198783,27.73155449102266
222.7673221,5.9473626,557.738611204476,10.91473171,1.7383290719283142,5316.0,HAT-P-27,1,-407.24170027095505,-376.678745950809,57.78995014399245
13.0009159,34.728402,1142.9940971292547,13.585,1.837835150728063,5680.0,HAT-P-28,1,915.3034147089021,211.32985516132334,651.1488749986733
33.1310921,51.7787754,888.9595275533153,12.408,1.8803825268063306,6087.0,HAT-P-29,1,460.5812170673196,300.60539762363305,698.3912793213684
245.1514324,41.0479601,351.02338340109003,11.242627,1.9651306792104442,6290.0,HAT-P-2,2,-111.24431321828956,-240.21976762189922,230.51373432969342
123.9498431,5.8368669,600.6224884888043,15.02,1.8773658790798913,6304.0,HAT-P-30,1,-333.68877487754344,495.64933841310443,61.08116346190394
271.5376722,26.4266061,977.1882121578669,12.21781,1.9323676706883592,6065.0,HAT-P-31,1,23.48201293151264,-874.7619991503899,434.89865703562
31.0427614,46.6878512,818.4003206064907,20.053,1.8787093606892435,6207.0,HAT-P-32,1,480.99799794003064,289.5015604691818,595.4904342072992
113.1842383,33.8350214,1127.9129388269278,18.898374,1.999224094558947,6446.0,HAT-P-33,1,-368.8450772347571,861.2342849540753,628.0258059924971
303.1954355,18.1047776,702.939273745904,13.417,1.9729269454353096,6442.0,HAT-P-34,1,365.8025044419228,-559.1020284605634,218.44237704648654
281.0503476,47.1882005,691.2947318584095,1.06,1.5351578632716567,4072.0,Kepler-1735,1,90.04701426500124,-461.08816859723464,507.126850301576
123.250703,4.7870288,1448.8616436847599,14.930388,1.9453910207891365,6096.0,HAT-P-35,1,-791.6447970189452,1207.42667138045,120.91075689476014
188.2662048,44.9153672,833.4959549678522,14.168,1.835232797798231,5560.0,HAT-P-36,1,-584.108421526012,-84.86037213265108,588.4994274352955
284.2960393,51.2691212,1111.9429504998716,13.204,1.7441152253649648,5500.0,HAT-P-37,1,171.79104292857738,-674.1578163802483,867.4192765608145
206.0940142,48.028565,370.6529194521125,10.076891,1.7230752921218317,5185.0,HAT-P-3,1,-222.61254169429927,-109.02792203734464,275.57241370463186
229.99122,36.229545,908.8641087259967,14.280266,1.9888561336012873,5860.0,HAT-P-4,1,-471.33960442826964,-561.5458869954756,537.158414460918
274.4055335,36.6214617,859.3125586502961,14.056086,1.8601888176294028,5960.0,HAT-P-5,1,52.97792739867374,-687.6414093688426,512.6018969764854
354.7740917,42.4659866,778.3103227158552,14.90797,1.9532898928970845,6570.0,HAT-P-6,1,571.7560804664433,-52.29457117320575,525.4780877653409
343.0414932,35.4471778,593.5813333743372,16.8135,1.9847376714382752,6200.0,HAT-P-8,1,462.53428429891994,-141.04472936920786,344.24877559071854
110.1685157,37.1405946,1298.9996901341658,15.6926,1.9112465342545746,6350.0,HAT-P-9,1,-357.0242348063964,972.0113501799849,784.3008516193569
283.1846044,47.1557114,3097.1491535502305,2.437,1.8451804321499692,6038.0,Kepler-765,1,480.3758222320907,-2050.5710337645937,2270.8435402372747
292.1445534,47.1573604,2767.613250473027,1.96700001,1.727953081648573,4999.0,Kepler-763,3,709.3877150063788,-1743.1215591984383,2029.2805138396982
203.509956,53.7281876,248.19964655659587,13.1383,2.091183299318356,5828.7,HD 118203,2,-134.65004038588043,-58.575326979092644,200.10337889249215
296.4960493,47.1827848,1283.8316754776308,2.7,1.9821423997885472,5938.0,Kepler-744,1,389.2855420675774,-780.9208472061424,941.723509367635
297.3931183,47.1645814,3014.8093297609853,1.59,1.729888015021152,5798.0,Kepler-764,1,943.07731878623,-1819.9155520738398,2210.788965262092
230.4401147,-48.3188174,23.59808973114319,1.54221286,1.808283154546309,5739.0,HD 136352,3,-9.994230391249001,-12.098185433927917,-17.624389551187722
296.9811361,43.2097025,1466.9306605718443,2.36,1.7269821692878775,5544.0,Kepler-112,2,485.0822408354125,-952.8028762483038,1004.3642076282895
299.8305655,47.1575741,748.301452336969,2.0,1.5359342242109721,4081.0,Kepler-267,3,253.11243256546896,-441.4130224168994,548.6744970300567
247.6229827,38.3475349,200.73380706661152,9.090499,1.9726605694651989,6160.0,HD 149026,1,-59.932712702037456,-145.57337258397953,124.54125598433853
291.2756631,47.3295107,5476.955354615053,11.1,1.7936553618229116,6075.0,Kepler-762,1,1346.9835169333885,-3459.174812119261,4027.0069506714217
42.4366123,71.7530882,207.16696770162213,12.184183,1.963689632231584,6079.0,HD 17156,1,47.873121331398224,43.770297703840704,196.74978475106732
300.1821223,22.7097759,38.31097709162789,13.3010355,1.6943572212247824,5023.0,HD 189733,1,17.767602240970017,-30.54971918745097,14.790467669746086
287.3456737,43.3783894,836.026370087114,1.728,1.9445355885027291,6302.0,Kepler-1713,1,181.16291936234373,-580.0182696944829,574.1941265371556
287.6535874,47.4147762,3062.9567021103226,2.72,1.66687832165535,5330.0,Kepler-781,1,628.5575533852341,-1975.0534098504459,2255.1681066658953
291.0628615,47.484789,1475.280451423046,2.55,1.8418913797994083,5775.0,Kepler-783,2,358.3043935092718,-930.3626320915038,1087.4262019791083
330.7950219,18.8842419,120.93395259559111,15.233,1.8566650551887136,6065.0,HD 209458,1,99.87891884128983,-55.831829970836154,39.14114489377336
296.1313474,47.4388098,3753.1751968837398,2.33,1.798172025587478,6063.0,Kepler-1738,1,1118.0600282544067,-2279.0874720514676,2764.4214813340427
299.1275257,47.5938319,2556.694175125971,1.87,1.7767971411933234,5605.0,Kepler-272,3,839.2574073889136,-1506.144762945908,1887.81886374634
291.3021458,47.6976573,2048.167592508597,1.55,1.714145846720863,5627.0,Kepler-273,2,500.79150440692655,-1284.3216639676723,1514.8320763634558
114.8406393,-78.2791464,90.20938585803046,12.31,1.8177066463718359,4840.0,HD 63454,1,-7.698452689080896,16.62998993390344,-88.32842440503103
296.2320536,47.6788626,2249.9696458756134,1.9,1.6888006747684101,5734.0,Kepler-1739,1,669.5849630968619,-1358.8568023628077,1663.5887638561799
140.6569501,50.6037764,173.53850352170525,11.242627,1.8126142941149619,5574.0,HD 80606,1,-85.17936104506892,69.82544124409863,134.10628774063366
288.868246,47.75947,1274.7986146399924,3.73,1.867491293553981,6126.0,Kepler-782,1,277.1401672499715,-810.926446730904,943.7706996813855
168.6376584,25.7105962,43.516567920497884,2.341,1.6537192566944874,5119.0,HD 97658,1,-38.43984056610895,7.724542645497332,18.878606456762725
346.8701486,21.1340376,100.500995268144,6.7254,1.96169096513196,7204.58,HR 8799,4,91.29064154004055,-21.29414239774186,36.23573259422273
232.5774696,-42.9799461,2220.2734583718757,9.976,1.7166458784388943,5000.0,Lupus-TR-3,1,-987.0892414068701,-1290.0074997680188,-1513.6544222482503
166.9798793,-61.1462496,4693.424183304105,21.90663275,1.989736208958255,6933.0,OGLE2-TR-L9,1,-2206.7026174057432,510.2737450738031,-4110.755992253348
267.8677483,-29.8764758,3875.063613955723,13.89916,1.7977634759166157,5750.0,OGLE-TR-10,1,-125.01562077831994,-3357.7463763467144,-1930.2923040035957
163.324115,-61.4056976,3074.132219685093,11.209,1.7313332277641686,5070.0,OGLE-TR-111,1,-1409.4159857820234,422.19854454337934,-2699.182074650307
163.1010355,-61.4468591,1621.109374926579,12.251,1.6930475068578255,4790.0,OGLE-TR-113,1,-741.3887363585758,225.2364847541917,-1423.940614285249
162.6440933,-61.9572476,5808.051776856193,12.89,1.9382071115951987,6411.0,OGLE-TR-132,1,-2606.2198623169515,814.5376779112025,-5126.169314719327
167.3279228,-61.0952624,7224.186727982542,16.47723,1.9715933262696894,5924.0,OGLE-TR-182,1,-3406.7892523400565,766.008706008953,-6324.230509178004
160.0598236,-62.4555353,4368.089232558766,14.145758,1.9795305448209009,6325.0,OGLE-TR-211,1,-1898.866892741844,688.8865880697708,-3872.976030912449
295.57423,42.8064255,788.8170463632241,1.21,1.7313332277641686,5486.0,Kepler-743,1,249.82125899472516,-522.0195962781972,536.0197872178221
303.3818697,65.1623313,518.4853295260449,12.5242,1.690929606204274,4910.0,Qatar-1,1,119.83118807119118,-181.85872781331076,470.5262228795567
207.6554928,-6.8040714,506.20673625283143,14.056086,1.6941023562475501,4645.0,Qatar-2,1,-445.21700453461324,-233.30316218275834,-59.97260388290149
286.0408755,36.632536,443.3343166534207,12.318691,1.7156476998923782,5226.0,TrES-1,1,98.30645484177182,-341.9145464540045,264.52901576604137
268.0291106,37.5463268,650.8602037627487,14.627745,1.7156476998923782,5650.0,TrES-3,1,-17.747560692661096,-515.7363084504071,396.63596543618394
268.3043361,37.2117397,1474.9619781242832,19.626959,2.041640889283367,6200.0,TrES-4,1,-34.759146437722706,-1174.1542156992066,892.0014105409256
305.2219454,59.4489033,1024.2730417740586,13.383546,1.7398988152503025,5171.0,TrES-5,1,300.2793686221835,-425.3271896838959,882.0795579767986
348.9930457,31.4627508,389.30966433600463,11.960003,1.6537192566944874,4680.0,WASP-10,1,325.96441601941905,-63.40212387174887,203.19789596126017
47.3689472,30.6733817,342.2103586607784,11.265,1.7014110500221729,4980.0,WASP-11,1,199.34330568582595,216.54854556409143,174.57635426100114
97.636645,29.6722662,1218.0582536476707,20.389171,1.9821423997885472,6300.0,WASP-12,1,-140.64258154827903,1048.9491370747899,602.9853077519407
140.1029654,33.8823291,639.8583988963937,16.2509,1.987316569025403,5914.0,WASP-13,1,-407.5360496362816,340.7171916877564,356.71407902340985
218.2766247,21.8946875,450.1062170698428,14.358729,1.9068881115727245,6480.0,WASP-14,1,-327.85991665802584,-258.7110444298947,167.8453966717881
208.9280111,-32.1597118,797.8037838119518,15.782272,1.9694504437122267,6405.0,WASP-15,1,-591.1246116735269,-326.69547805113075,-424.655902536904
214.6830109,-20.2754374,543.149638909328,11.857124,1.7767971411933234,5700.0,WASP-16,1,-418.9640755266152,-289.9207245222602,-188.21957166551465
239.9622479,-28.0617941,1156.2802241112815,22.261074,1.9844788845276566,6650.0,WASP-17,1,-510.7565172438461,-883.3116258025951,-543.9414568551917
24.3544618,-45.6777937,338.60002953752985,13.36783038,1.8909641431309594,6332.0,WASP-18,2,215.52472632112506,97.5598809533968,-242.2419079667663
148.4167672,-45.6591078,757.9482980776779,15.80466279,1.805055612235423,5460.0,WASP-19,1,-451.28329761052987,277.4493216286583,-542.0801433223799
5.1669536,31.9899732,1119.1172853574578,16.735037,1.9538482999670839,6213.0,WASP-1,1,945.3121095932071,85.48042818687317,592.8757123034093
288.4165196,41.0298175,9671.827741683863,5.27,1.696203923404798,5096.0,Kepler-747,1,2305.0085714389083,-6922.44695003603,6349.08777497489
347.4928024,18.3961597,729.2885964008237,14.156967,1.867491293553981,5800.0,WASP-21,1,675.5974270449675,-149.86538715289174,230.1528603863469
52.8180374,-23.8197924,900.7604108783842,12.980022,1.8787093606892435,6000.0,WASP-22,1,498.0034669191638,656.5244087731993,-363.78230499474506
227.2154975,2.343286,913.6788459609302,14.605327,1.9103164908233712,6107.0,WASP-24,1,-620.0908349881566,-670.000615018914,37.35727231028702
195.3597581,-27.5222273,593.184689356787,13.80946422,1.7473648476840138,5697.0,WASP-25,1,-507.2651498401619,-139.34086455965303,-274.10630585361304
4.6030424,-15.2674044,712.8814310909204,13.80446613,1.9000298065491061,6034.0,WASP-26,1,685.5038118084159,55.19096309688683,-187.71898247862043
353.6162694,-1.5799849,990.0545334278881,15.177,1.8451804321499692,6084.0,WASP-28,1,983.5416542045914,-110.03908681014167,-27.298223011754573
357.8791976,-39.9071215,234.69753677377156,8.63093,1.7014110500221729,4800.0,WASP-29,1,179.90973966694492,-6.662399270606822,-150.56902661771773
307.7255587,6.4293305,424.7586377001227,12.005,1.726495846908477,5200.0,WASP-2,1,258.266695677369,-333.8501617486511,47.5634702808453
169.4388603,-19.0547781,1092.3568426259533,17.228233,1.8860206011828309,6300.0,WASP-31,1,-1015.0124828884829,189.24198032756556,-356.6238972559189
3.9617073,1.2005122,780.1516774250662,12.4543,1.8098457519570923,6427.0,WASP-32,1,778.11662743491,53.888654982247694,16.34523669667147
36.7127375,37.5504441,334.1442985666562,17.855937,1.9479466284227749,7430.0,WASP-33,1,212.36743669326472,158.3672628956284,203.64747516205986
165.3993679,-23.8609457,363.5364888306651,13.67498,1.7680999213478592,5700.0,WASP-34,1,-321.72849320260457,83.80778555468642,-147.05716729670004
76.0818912,-6.2297801,566.5545311565945,14.796,1.832988946353755,5990.0,WASP-35,1,135.47134792575122,546.6733279527606,-61.48026651131332
131.5803897,-8.0269855,1099.6440907440099,14.874343,1.7915857173422127,5959.0,WASP-36,1,-722.6507545472482,814.5024634432083,-153.5537375170603
221.9438866,1.0650227,1118.303730839709,13.00244,1.7989879019295476,5800.0,WASP-37,1,-831.6503850476938,-747.3478530902796,20.786003497181245
243.9597194,10.0324103,375.5342465586058,12.21781,1.9204324019904733,6180.0,WASP-38,1,-162.3398064519565,-332.252882074536,65.42002699973077
217.3266477,-3.4444994,600.6138028533835,14.23543,1.7524197665499857,5400.0,WASP-39,1,-476.7402180742666,-363.52924885868896,-36.08586804749444
278.6317411,35.6614312,650.3506464847279,16.4012,1.9234490497169126,6352.0,WASP-3,1,79.30305704888174,-522.4094748568323,379.15079995381006
190.6188034,-30.6398176,454.08423809257215,13.22662,1.7408395611469554,5545.0,WASP-41,2,-383.99808564318045,-71.99373105665362,-231.4192476762178
154.9081869,-9.8064431,232.24066003440615,10.424,1.588961504021594,4400.0,WASP-43,1,-207.25087451456406,97.0472942621871,-39.55530132047402
3.9032733,-11.9382645,1036.4300361513806,12.77826,1.7667792290465103,5400.0,WASP-44,1,1011.6610345793291,69.02619517427792,-214.39345915954618
5.2377567,-35.998465,592.5477427592612,10.80996251,1.7430446324579236,5100.0,WASP-45,1,477.3888091535631,43.76299872537703,-348.27798134048203
318.7370122,-55.8718634,1067.69253324267,13.18745031,1.7504851463177213,5600.0,WASP-46,1,450.2806697894476,-395.0661550656627,-883.8197763558757
291.1623865,55.4730273,1295.9336608306212,18.05375882,2.03129444478996,6148.0,WASP-48,1,265.17360428796945,-684.991799359966,1067.667198930631
353.5629149,-42.0617794,754.7085560657173,15.210613,1.7569615234059175,5500.0,WASP-4,1,556.7804574617459,-62.81787563230774,-505.6030471511549
43.6880738,-10.8980242,516.2647020701253,12.924,1.727953081648573,5400.0,WASP-50,1,366.5839743035863,350.1692964205304,-97.60582068551793
359.3490277,-41.2772202,876.1076823423286,12.218,1.8082552678038222,5880.0,WASP-5,1,658.375626063745,-7.4805289603177965,-577.9708018151889
348.1571282,-22.6741248,551.7918461530305,11.54527,1.6691242279191756,5450.0,WASP-6,1,498.30749681412595,-104.49105439448982,-212.7098955181383
311.0427558,-39.2254856,450.99215188276503,15.277867,1.954127217693136,6400.0,WASP-7,1,229.40210906901203,-263.4995538845663,-285.1956846047476
359.9008737,-35.0313349,241.54558126071606,12.7393,1.7977634759166157,5600.0,WASP-8,2,197.7864612978489,-0.34218680374795496,-138.65304346476876
240.5492745,28.1696248,454.61116664143435,13.8352,1.7636809171015375,5729.0,XO-1,1,-197.04569786048893,-348.9770139228762,214.61442063205246
117.0267691,50.2251472,427.74360107307314,11.119328,1.7853131557109085,5340.0,XO-2 N,4,-124.35229591002863,243.77349591050367,328.7485018253872
65.4695814,57.8172095,597.9241510847404,14.79585452,1.9697189191975233,6970.0,XO-3,1,132.22019960025813,289.72303513777626,506.055009044106
110.3880285,58.2681094,770.4845652017085,15.02006,1.9795305448209009,6400.0,XO-4,1,-141.1733951913227,379.8467257271844,655.3113783985118
116.7163868,39.0944695,780.7799383871712,12.206601,1.8235046714103924,5370.0,XO-5,1,-272.4282000425748,541.2774681708361,492.3605289419607
278.5246658,-6.0026026,2101.5697742875213,13.11,1.8688675706510516,5650.0,CoRoT-16,1,309.818494421318,-2066.956625674832,-219.76879735831906
299.0975167,43.4975851,3598.3971736849694,10.53,1.8957842957651594,6475.0,Kepler-471,1,1269.377273984411,-2280.8534639981544,2476.8631435029874
299.8973341,43.9040667,2068.616473500982,3.212,1.7008933122560963,4704.0,Kepler-749,1,742.9069886253283,-1292.0939678478621,1434.4882359024257
101.1275033,-42.7622296,581.8180878027584,10.783,1.6882667048535867,5150.0,WASP-23,1,-82.43846192503813,419.12730141095244,-395.02973622483796
296.3561853,41.0927315,3545.154228555426,0.759,1.1459852122171936,27730.0,KOI-55,2,1186.143214778848,-2394.065126097288,2330.1577093156793
175.5252399,-23.3548451,803.2467820089904,14.594,1.813008273819361,5870.0,HATS-1,1,-735.1867829242744,57.534595917545516,-318.4266906116052
63.7562662,-22.1163901,2164.8272570572544,17.82231,2.099082171426304,6100.0,WASP-78,1,886.8315410666157,1798.8123838278987,-815.0342805396843
289.0968274,44.004364,3733.342996006232,4.39,2.051426542763962,5897.0,Kepler-750,2,878.5523310704802,-2537.5621745086796,2593.602501907761
66.3709016,-30.6004362,695.310390634629,23.43,2.062269457361629,6600.0,WASP-79,1,239.87945498967036,548.3031765534084,-353.94634194999253
0.3620995,39.3837953,758.2522953174063,12.442,1.9555189586075263,6516.0,KELT-1,1,586.0513984814364,3.703793637812418,481.1201342749608
92.6640226,30.9571333,369.2168943958725,14.4147,2.0443330213749777,6151.0,KELT-2 A,1,-14.716380499119174,316.2806439776612,189.92392555287478
291.2501859,49.2318073,1509.6350347241428,1.45,1.986029154066117,5919.0,Kepler-36,2,357.2915269781782,-918.7648125458586,1143.3336879685382
119.7735021,15.391209,66.27177463828794,4.83,1.566558422962594,3600.0,GJ 3470,1,-31.728511855208126,55.460564374647596,17.589071846106936
113.7582526,17.8300283,1999.064800262971,17.609,1.996216694763179,6430.0,HAT-P-39,1,-766.6970931309595,1741.7710994105264,612.1021812518028
335.5129199,45.4573423,1325.82672273723,17.03768,2.0686397771270113,6080.0,HAT-P-40,1,846.3400282451104,-385.46891441698193,944.9543752649664
297.3226523,4.6724124,989.1599129795451,18.887165,2.010551735086567,6390.0,HAT-P-41,1,452.5163797697753,-875.8845993230447,80.57560520695648
192.981203,-42.0736165,494.3855864451139,12.576498,1.7510473402634537,5315.0,WASP-42,1,-357.5962721079906,-82.43404442385193,-331.2803081667752
294.8438103,44.0776872,2182.6965043296605,3.24,1.7836240875567575,5568.0,Kepler-751,1,658.8071888731449,-1422.930949097072,1518.3558976747481
331.203092,-12.019067,747.6847722220916,12.251,1.852753504653339,5476.0,WASP-47,4,640.8570860831047,-352.2691291799364,-155.6957753334445
91.0897193,-16.9653901,544.3627326564341,12.498,1.7878337428040505,5600.0,WASP-49,1,-9.902176124966356,520.5785461122726,-158.84177328650975
203.7581951,-17.5034961,842.3060844963569,14.964015,1.8374643988553263,6070.0,WASP-55,1,-735.2290432395696,-323.63405056447465,-253.33534153734306
75.2996637,-26.0541438,1395.864791558806,13.899,1.9234490497169126,6320.0,WASP-61,1,318.22368271288343,1212.9675248611818,-613.0921527032436
87.1398205,-63.9883286,489.5795348456011,14.79588,1.8823813274233343,6230.0,WASP-62,1,10.713634437548164,214.43970850135668,-439.9874434510909
94.3363562,-38.3233826,822.6823388689484,15.17673459,2.0362575814547856,5570.0,WASP-63,1,-48.80065931451197,643.5659329179474,-510.144701359138
158.2250301,-34.9899074,1429.4434580956436,15.581,2.026508618266858,6580.0,WASP-66,1,-1087.5172948556235,434.42488701776676,-819.6888134053919
295.7438485,-19.9497314,529.6434758299741,14.10377302,1.7221236975193477,5417.0,WASP-67,1,216.24512021905718,-448.4455705637953,-180.71200765974027
35.3834942,32.2460441,719.9660143824915,9.247,1.7650116418091568,5330.0,HAT-P-38,1,496.4506912709249,352.5939385505075,384.1422750750972
295.2978883,46.9204303,2948.740596326718,3.03,1.782352690227932,5636.0,Kepler-47,3,860.6441303128289,-1820.8804275080267,2153.77743838622
293.9850284,36.2962939,6773.286441170412,16.7,1.8548917165648964,6250.0,WTS-1,1,2219.0893888766577,-4987.663476856689,4009.521734564836
205.4542456,-0.1281712,708.6660027000223,17.00865915,2.0336309309911007,6097.47,WASP-54,1,-639.8733335859566,-304.57693149706984,-1.5852912200740645
183.3660401,23.055687,910.6967777997868,12.4681,1.8404210404022199,5797.0,WASP-56,1,-836.5089261984693,-49.20024602320715,356.6521740806494
223.8199788,-2.0576866,1134.18396760075,11.76945,1.7667792290465103,5600.0,WASP-57,1,-817.8074205644385,-784.7967120396488,-40.72365411005521
348.4947931,8.7610793,487.2257276465625,15.55890793,1.7346098076951935,5087.0,WASP-52,1,471.8650141797283,-96.04667991916767,74.2115445897207
274.7012534,45.1722194,821.8716795630064,15.35633,1.8619393723892377,5800.0,WASP-58,1,47.48793484295562,-577.4522518665445,582.8952311748013
349.6229547,24.889277,316.74986603058784,11.52852644,1.6848369902127875,4302.0,WASP-59,1,282.6313557373388,-51.75552299000978,133.30926533628391
356.6667136,31.1559115,1229.0774297848673,9.63974,1.8513217907144042,5900.0,WASP-60,1,1050.019098916141,-61.155785197059416,635.8861456698372
37.1555223,-7.0606675,285.5684348698927,13.09118126,1.769843291577538,5500.0,WASP-77 A,1,225.8717867487404,171.16981881658234,-35.10213770228351
355.1025974,44.3338511,125.90242557747307,15.91675259,2.10278132709503,11327.0,kap And,1,89.72670643301304,-7.688194759790539,87.98539981332455
101.1149223,-32.8583878,1052.1047128741293,14.72475239,1.8350052345689034,5400.0,WASP-64,1,-170.37347188330415,867.2052640324466,-570.8346844444525
41.0400779,-30.1690785,1239.7955038941423,14.24,2.0769819832390146,6250.0,WASP-72,1,808.4512492727199,703.7693869235625,-623.0634952031306
303.1667996,-2.1444369,125.23623734069722,10.671,1.5687116531130711,4145.0,WASP-80,1,68.46604103085481,-104.75951535311594,-4.6861830733569585
29.2634506,0.7588247,1031.2273405343176,13.22662,2.042540238186703,6050.0,WASP-71,1,899.5445255343257,504.04658147553096,13.657164769339266
298.2150641,39.9550863,2972.307620435173,6.18,2.022754250548905,6407.0,PH1,1,1077.195455576924,-2007.6933675601383,1908.7770647292612
148.6431193,40.3879446,589.8146628135141,15.13212395,1.955240989258719,6306.0,KELT-3,1,-383.6310748644653,233.77330831736458,382.17610493921353
294.7420605,43.5367842,2746.504261188661,3.43,1.9439643041166978,6187.0,Kepler-116,2,833.3133817438346,-1808.2554619284897,1891.847416928731
293.7419543,44.4482521,341.18545368112325,1.2,1.67468559141778,5121.0,Kepler-78,1,98.06432011213984,-222.95304401467106,238.92016049117709
67.4231674,26.5493897,371.4983212997377,30.2643,1.925508660416722,4371.0,DH Tau,1,127.58633931865829,306.8561578895758,166.04826741955213
20.7128012,-24.6646128,79.03010450791051,11.209,1.3874182065394485,3309.0,2MASS J01225093-2439505,1,67.177803452885,25.40153020045439,-32.97972718583664
203.6087259,-66.5811639,2146.5903178853678,10.548,1.5807035683792576,4400.0,POTS-1,1,-781.7533058155697,-341.681413248325,-1969.7628216428138
176.7388264,-22.5630097,971.035887068129,13.092112,1.7537876002134754,5227.0,HATS-2,1,-895.258843518754,51.01163603161511,-372.58570834779687
312.4574879,-24.4286938,1171.6335323234605,15.479629,1.9364640219103184,6351.0,HATS-3,1,720.0987159158061,-787.0214173464145,-484.5412903346808
133.3242982,8.5230171,773.5187471753769,12.464,1.8018307125752475,5600.0,WASP-65,1,-524.8708517929963,556.5063864190164,114.64066924397943
342.3858995,-10.6754686,832.2857564325533,13.3413,1.8986684984060007,6089.0,WASP-75,1,779.5353861083719,-247.4943556120305,-154.1775149156474
135.3443583,6.0970828,1154.3404322006347,14.348,1.9715933262696894,5743.0,HAT-P-42,1,-816.48808268982,806.7321097149129,122.60647370173935
128.9256885,10.2065866,1512.1509737843696,14.4797,1.8404210404022199,5645.0,HAT-P-43,1,-935.0673403858369,1157.7791077483212,267.9499470466012
278.4958319,5.5383811,2906.065174292489,11.287463,1.8292216025271144,5900.0,CoRoT-27,1,427.3304623757489,-2860.758484715524,280.47168357875285
249.3148604,7.1833758,1068.668219621607,17.127,1.9456757675172445,6110.0,WASP-103,1,-374.5251452185028,-991.9300200052454,133.63201203554678
195.9818362,30.640145,678.0433474180659,14.2866,2.0024573337179334,6266.0,KELT-6,2,-560.8302846054191,-160.62310173930905,345.56098164425924
288.5106679,51.1624235,2434.8868239845815,4.347,1.6941550273270205,4700.0,Kepler-413,1,484.7790734516202,-1447.9559318826266,1896.5987226830625
305.4413294,26.6926759,995.4309417533673,15.838317,2.045449530978403,6820.0,HAT-P-49,1,515.7045761624562,-724.5593994918592,447.1523527088878
305.0957239,-19.3147271,636.5636478601012,14.79588,2.035746387966088,5910.0,WASP-68,1,345.3892579645215,-491.5171763922752,-210.5478652730568
319.9496969,-58.1489328,897.9404745784291,13.00244,2.095151815070417,6030.0,WASP-73,1,362.7263894742686,-304.90665924932114,-762.7310085544666
309.5112337,-48.4620833,1497.4751451350135,18.45046895,2.079466166498329,6282.4,WASP-88,1,631.7752795240015,-766.0986163575793,-1120.8856839546581
337.4578243,-48.0030988,379.3096027548496,13.56,1.8477204113675578,5630.0,WASP-95,1,234.4020655749994,-97.29472474791567,-281.89569512932053
1.0465696,-47.3606352,1001.548524301422,13.78704626,1.8196484738321974,5678.0,WASP-96,1,678.3173077876032,12.391580033229658,-736.77101275119
24.6051389,-55.7720006,418.46444723184493,14.2954,1.8477204113675578,5640.0,WASP-97,1,214.00813043956046,98.0037909811097,-345.9888302476665
58.4290113,-34.3282716,796.7933548913314,12.823096,1.6752375886815054,5473.0,WASP-98,1,344.50309408448896,560.6176393557316,-449.3385483223132
39.8976689,-50.0081934,440.4448952700991,12.33,2.0288377066862378,6180.0,WASP-99,1,217.16443053991938,181.56263622711452,-337.4408466739342
68.9598159,-64.027039,1036.1376197588802,16.0782163,2.0311535990664344,6900.0,WASP-100,1,162.91488030052153,423.5197150996298,-931.4885720062232
98.3511016,-23.486086,563.6766906205006,15.80469,1.901849478752847,6380.0,WASP-101,1,-75.0854929770062,511.4982340600625,-224.64001612962247
280.6296561,6.5138223,3175.898914698875,12.11,1.8688675706510516,6040.0,CoRoT-25,1,582.0448058238268,-3101.2503572709097,360.2831968411118
279.7504991,6.9697828,3007.1080663545376,14.12,2.035746387966088,5590.0,CoRoT-26,1,505.5146562107603,-2941.768472224582,364.9001382790783
213.1438604,47.0147826,988.1900170242218,13.922,1.7763666473023791,5295.0,HAT-P-44,2,-564.1374281958765,-368.3722431578594,722.890283740016
274.3732697,-3.3810594,845.7166440049268,16.90823315,1.949793730298248,5585.0,HAT-P-45,1,64.3769099259534,-841.7864990899352,-49.877303107247485
270.4441831,-2.97098,822.832889882909,14.392,1.934128278916434,6120.0,HAT-P-46,1,6.370339370546158,-821.7022391409498,-42.64755139644787
67.2228465,-21.4820568,694.4244558217066,10.223,1.7413091234176281,5304.0,HATS-5,1,250.1689702727962,595.7933752539343,-254.30506318091034
101.922543,-3.7192892,1693.7676104334319,3.7,1.7361140297684075,4950.0,CoRoT-24,2,-349.1770573347836,1653.7388840301683,-109.87176266472297
94.1120914,-22.5468824,1186.8276038862577,12.90831479,1.7906043608090305,5403.0,HATS-4,1,-78.60005484675872,1093.291975655912,-455.07631084344035
280.6671392,6.2191669,1796.8458363957557,4.88,1.8498850443786967,5939.0,CoRoT-22,1,330.64417111425587,-1755.4026684069129,194.65575673691123
286.1103053,43.6809612,3125.9854631473077,12.53,1.8455442540802358,6195.0,Kepler-412,1,627.3165314617598,-2171.922854418351,2158.9372847811765
36.7758112,-50.2844247,438.426932640665,11.444,1.8619393723892377,6038.0,WASP-117,1,224.39147870959843,167.71857087439992,-337.24934474520614
160.6023689,7.4350768,519.4031116688434,12.745,1.782352690227932,5475.0,WASP-104,1,-485.8007318439614,171.05486745990487,67.21215417930638
166.4296276,-5.0794854,1000.7291793600592,12.162,1.9332489227257215,6055.0,WASP-106,1,-968.9709680661774,233.8884346629611,-88.6022211824428
313.7832393,-34.1357512,592.5911709363653,20.5357,2.017057239698844,6153.0,WASP-94 A,2,339.3883907283853,-354.1182452228689,-332.5358394381056
315.0259661,-5.094857,125.73681946211639,11.847913,1.713141536850343,4700.0,WASP-69,1,88.59820532728982,-88.51793735944716,-11.166044369481753
315.4771912,-13.4333821,624.8554113128541,13.047276,1.8773658790798913,5700.0,WASP-70 A,1,433.31533543859507,-426.15700503107234,-145.1630537831182
131.1069959,1.8598933,272.3141552177421,10.558878,1.6790808371176873,5300.0,WASP-84,2,-178.9433186425237,205.07602414523856,8.838108730621428
297.4653351,42.8828517,2020.5878048357292,3.03,1.7977634759166157,5990.0,Kepler-289,4,682.8605426614694,-1313.7028597133892,1375.0132191029359
353.9543517,0.4447043,161.89396163421074,2.53,1.6612089670866268,5089.0,HIP 116454,1,160.9887068349205,-17.050284518163558,1.2565361471103313
296.8609348,41.0973178,1136.3785381504072,1.78,1.691460111031069,5095.0,Kepler-755,2,386.9299158988838,-763.9710699594682,746.9870322946206
298.7363395,46.4991236,349.36442703571595,5.37,1.4431692254923743,3369.0,Kepler-445,3,115.6229460973842,-210.87200965916398,253.41632298662398
294.163167,41.4517316,4274.197513659848,3.08851092,1.7853131557109085,6061.0,Kepler-1734,1,1311.3381959971366,-2922.8837759276053,2829.471143856071
72.6605916,1.8938365,779.1962575287774,18.4904,2.1010332677879386,6441.6,WASP-82,1,232.09817821141462,743.3802184541837,25.75061608593963
172.3353708,-1.4551364,108.69039138524167,1.44,1.3924622200956405,3841.0,K2-3,3,-107.68458378411417,14.49183968495841,-2.7601045749351085
5.1605621,-23.9357894,594.5193819997843,16.388,1.9329553830996997,5940.0,WASP-20,1,541.1885256991725,48.87644079281765,-241.20399822637236
290.5104788,41.244743,3687.6855058108595,2.41,1.7907549164227266,6299.0,Kepler-265,4,971.5201455669173,-2597.000632461345,2431.205608647797
278.6883216,5.5736911,2199.3526578549604,10.704595,2.033456444096401,5150.0,CoRoT-28,1,330.6619894725111,-2163.8354309262018,213.61411517073606
278.9020691,6.4795703,2316.099178757826,10.0881,1.7546969530060337,5260.0,CoRoT-29,1,356.11778258914734,-2273.5834290074927,261.36932128503173
99.8979924,25.4824005,396.99066125980454,10.8,1.615341876989898,4171.0,HAT-P-54,1,-61.60193206606119,353.036191732676,170.79881270112645
88.1468079,-19.0316268,471.3020627084174,11.186582,1.5679951692983014,3724.0,HATS-6,1,14.408171499684876,445.3070575284973,-153.6869006212185
290.8101704,-20.1663771,1830.262371071405,13.1414316,1.9848463131023018,5494.0,HATS-9,1,610.3798080110447,-1605.9773809246542,-630.9782000122581
294.3068385,-22.2044872,1529.7075381816264,12.54305864,1.88302552082591,5909.0,HATS-10,1,582.9678282501968,-1290.719850342405,-578.09681847163
78.2955912,33.3179532,376.8110349654643,17.805,2.0311535990664344,6767.9,KELT-7,1,63.876699183512976,308.32943281493084,206.9765306337565
264.2735096,25.7311468,1461.6671655068355,13.249038,1.8022352192007074,5808.0,HAT-P-55,1,-131.38304544033932,-1310.1588397073776,634.5811317934271
294.9416887,-25.7483655,2281.7330146095023,9.785457,1.8314861729269982,5679.0,HATS-8,1,866.6610110524753,-1863.5097002511302,-991.2294582741229
304.538843,-1.0760033,413.1025149654004,15.737436,1.973193147927082,5984.0,WASP-74,1,234.17329001195142,-340.2298912419248,-7.757526746677715
190.1519558,-19.2843527,765.9911964773448,11.65736,1.8177066463718359,5480.0,WASP-83,1,-711.6926735464534,-127.43772090054765,-252.97367213362296
313.9000261,-18.9714084,823.4408843623654,11.96638868,1.762318654248272,5012.0,WASP-89,1,539.9608122590513,-561.1017925593882,-267.697571245354
174.7455392,-3.9055746,652.281752759954,2.57,1.6023644723634196,4077.0,K2-4,1,-648.0322781289777,59.5966806671896,-44.428449669305735
169.3034598,-1.8778254,568.6535597166228,2.4,1.6023644723634196,4088.0,K2-5,2,-558.472562890117,105.48955931926527,-18.633849627980304
178.1921152,-1.1984418,898.348699443207,2.5,1.781077325974338,5850.0,K2-6,1,-897.7051132921465,28.335180598385843,-18.78916977657176
167.0937488,-1.065855,2119.357955629333,4.12,2.1068312928264956,5715.0,K2-7,1,-2065.4588196836808,473.29039597373196,-39.423462040641105
169.7935178,-0.2844389,1149.346191833671,3.32,1.7065526764532568,5147.0,K2-8,2,-1131.1445012984725,203.65713804693414,-5.705785425617533
176.263724,0.0054085,221.28633664168507,1.6,1.2311102330844104,3468.0,K2-9,1,-220.8160049500215,14.419927388053043,0.02088857434387237
174.9602543,0.603596,820.2011423504047,7.74,1.7361140297684075,5430.0,K2-19,3,-816.9849070816455,72.04802732912019,8.640443951921355
172.1216476,1.6906217,769.6304777186627,3.73470986,1.7556097251873826,5638.0,K2-10,1,-762.0343274927951,105.44755948514961,22.706125928620388
169.0418328,1.9866832,934.5098949118311,2.47,1.696203923404798,5133.0,K2-11,1,-916.91878047484,177.53629892831026,32.39685576551549
173.1919022,2.2446794,926.0327147411239,2.14,1.7636809171015375,5615.0,K2-12,1,-918.7974841036638,109.69167217330255,36.26994666963421
170.1554763,2.5027534,972.3937414055817,2.29,1.7455110852701348,5508.0,K2-13,1,-957.1616830054295,166.09662133592002,42.461904005253395
178.0568745,2.5941222,1035.0866578729626,7.49,1.6045553132557535,3970.42,K2-14,1,-1033.431331750707,35.06116881754424,46.84854644199453
178.1105741,4.2546649,1411.3020609133862,3.1,1.6855863417299641,4992.0,K2-15,1,-1406.6475361227783,46.40341980832436,104.70405382878305
175.0972238,4.5574311,950.8910033154718,1.96,1.6340667040344243,4800.0,K2-16,3,-944.4163040784618,81.01113519289319,75.55620922096293
178.3296746,6.4123178,343.2989583001861,2.23,1.627919912838472,4320.0,K2-17,1,-341.00629833083775,9.944063988410644,38.34051199562912
172.560141,7.5878315,91.1856512793291,2.461,1.487401951509776,3449.0,K2-18,2,-89.6262532591978,11.703825746833662,12.040688885661856
100.8480137,27.2521823,909.4084085457005,19.1,2.038023574422136,6659.0,HAT-P-56,1,-152.1564471648822,794.0164589539474,416.42518179142144
348.3372026,57.1696255,0.0,1.28153171,1.680498086742184,4884.29,HD 219134,6,0.0,-0.0,0.0
316.9614798,-26.0967205,1202.4501667964817,13.585308,1.7487496731023373,5523.0,HATS-13,1,789.2669965688755,-736.996056877458,-528.9431197237678
313.2154754,-25.6873756,1466.3660942694917,11.65736,1.7680999213478592,5408.0,HATS-14,1,904.8541517048251,-963.0504085430767,-635.6118290047143
283.3054489,24.1272483,553.1033771015723,20.84874,2.00738213921553,5754.0,KELT-8,1,116.17219040970978,-491.23427431828577,226.08904367872705
340.3037846,-14.4893256,223.260002530473,1.25,1.480354295685435,4006.0,K2-21,2,203.51219612509587,-72.85274999939936,-55.85957013594301
169.4827046,2.6190363,687.0474561376352,2.5,1.5679951692983014,3830.0,K2-22,1,-674.7993543257303,125.2773727836714,31.394557732101116
283.2413322,46.3784691,1263.223557835864,6.204,1.7230752921218317,5527.0,Kepler-453,1,199.61691023118019,-848.317925280742,914.4635279050952
274.743418,10.5971968,791.3445662706788,19.50366,2.0492230122972415,6330.0,HAT-P-57,1,64.32312037424329,-775.1835471065339,145.53084568840237
153.7090696,-47.1549358,17.60789650259369,1.16,1.15396115135875,3270.0,GJ 1132,2,-10.735090115073943,5.303497779696299,-12.910025978596993
296.6804876,41.3865279,3075.145543817521,1.04,1.7116304300954515,5549.0,Kepler-757,1,1035.9572755974568,-2061.520467891652,2033.087799201312
118.0634379,12.1393474,1473.4506775610628,14.437192,2.014178679128629,6280.0,HAT-P-50,1,-677.6829795304349,1271.1390379428615,309.85193992873957
21.0651251,32.8107,1255.241458884143,14.493237,1.81418793960689,5449.0,HAT-P-51,1,984.4848837473955,379.19280133308905,680.1716350978134
42.7217412,29.0222492,1026.7108101154981,11.309881,1.7515053278874668,5131.0,HAT-P-52,1,659.5665378753417,609.0940351432218,498.1079462085557
21.8711012,38.9681137,1911.6236132699057,13.21072144,1.835616756576703,6026.0,HAT-P-53,1,1379.3037613882052,553.6686033510941,1202.196760224668
267.2848846,29.8790428,844.4832837751725,13.99774776,1.7702815815483173,4984.0,WASP-135,1,-34.68589014135389,-731.4117452059318,420.69676083327954
293.0846115,41.1354049,4330.62519177702,2.34,1.9207350705801405,6692.0,Kepler-758,4,1278.8569383255958,-3000.4709356055228,2848.861816153383
294.9498381,38.6051867,3500.7995836731743,6.9,1.8018307125752475,6175.0,KIC 3558849,1,1154.0062505605035,-2480.44173042024,2184.325095012966
282.3775397,44.694569,3085.626210558627,4.1,1.892231295892917,6474.0,KOI-7892,3,470.1750680845279,-2142.4830917384215,2170.2052249160856
290.1314231,41.3814345,3089.042560490811,2.4,1.7853131557109085,5900.0,Kepler-759,1,797.7235326796954,-2176.183116958838,2042.0695745728078
287.3781164,47.7711541,4211.429321685487,5.5,1.8018307125752475,6091.0,KIC 10525077,1,845.3955611042387,-2701.275654042149,3118.42157472281
63.2739346,15.2477027,111.24917958021123,4.20831932,1.2920818286102405,3204.0,K2-25,1,48.270360389115794,95.8662561301211,29.25770327228344
94.2064312,24.5958335,267.86247754339814,2.67,1.5304684744203585,3785.0,K2-26,1,-17.865038895852482,242.902259594131,111.48829330921951
26.632936,2.700389,544.0905827465822,20.51247,2.0218102457143825,6250.0,WASP-76,1,485.82069879538574,243.63028498700146,25.633866127273972
315.5319489,7.0562793,1331.5129187260513,16.70837291,2.0466141457828204,6228.0,WASP-90,1,943.0254259632841,-925.675423357692,163.5686684933667
157.06262,25.5731366,612.3915244839969,19.044091,1.9906449938378832,6206.0,KELT-4 A,1,-508.72118170151646,215.28346152144988,264.34668475959535
108.301409,-42.4097623,705.2438623442246,17.03768,1.9258464402354853,5802.0,KELT-14,1,-163.51118906624697,494.37137959491497,-475.6363479190399
117.4149764,-52.1204471,921.1166450929476,19.50366,2.033456444096401,6003.0,KELT-15,1,-260.4059254115228,502.05272137599474,-727.040365342127
62.670422,24.4016558,497.8135172245255,11.42,1.7313332277641686,5323.0,K2-29,1,208.1342783654603,402.74251431147644,205.66207055947936
192.1895676,-47.6136789,1140.1336278640024,9.68176,1.9112465342545746,5846.0,HATS-17,1,-751.2653575963094,-162.28614078756462,-842.121286021378
52.3420548,22.2993491,945.317720587121,11.982421,1.7260089452289042,5575.0,K2-30,1,534.3464404175884,692.4132832953225,358.69669581036635
284.5483823,-47.0033072,526.5600752555879,14.53656291,1.8570152656156795,5883.0,KELT-10,1,90.20271229809993,-347.57694075906994,-385.12238807916964
127.5787231,22.2359194,990.4946056225424,16.14096,2.0049271533873414,6087.0,K2-34,1,-559.1326642857995,726.6065747590424,374.82410943394717
55.9336392,-65.19378,856.7416105657371,13.85160928,1.8503597291780567,5650.0,WASP-119,1,201.34492792994482,297.7616369012835,-777.6917222534432
332.7143373,-30.7497189,1279.9897294098275,14.9864072,1.8269444160710662,6258.0,WASP-124,1,977.6359135867706,-504.28575397163684,-654.4445020024706
63.374706,-69.2265926,607.9792216902273,10.51358773,1.88626755753613,5800.0,WASP-126,2,96.63712148056314,192.76727031829094,-568.4547301703456
176.2990518,-42.0639575,853.8869317240988,13.14269004,1.8469347045061633,5900.0,WASP-129,1,-632.6014505259235,40.91901358465489,-572.069865741023
314.5754375,-35.7966224,1599.75718785043,13.56289,1.9468127749587771,5700.0,WASP-133,1,910.6897970862946,-924.2872506643381,-935.7137552806408
298.150057,40.6561751,3491.3901453006342,11.8739,2.0358148884681624,6210.0,Kepler-1647,1,1249.602167812542,-2335.383969871307,2274.7046582290004
62.6160813,-45.8982434,1084.6700552785394,13.61374033,2.0108988948664717,6450.0,WASP-120,1,347.1981363096973,670.2734877195586,-778.9069486281921
289.4792124,-32.8601244,554.3309469077129,14.4339,1.8790445422674094,5703.0,WASP-123,1,155.27347040688028,-438.9848507645872,-300.7744152792894
207.9076746,-23.7812403,1345.1927945138214,14.28926088,1.8435465230502555,5715.0,HATS-25,1,-1087.8160767406973,-576.1555358516028,-542.4432100265739
144.9268593,-28.5856004,2476.3086193064078,19.61575,2.089184498701352,6071.0,HATS-26,1,-1779.6153951104166,1249.4887295281492,-1184.842326353737
193.5524603,-46.5877159,2346.4438937063173,16.8135,2.0241661825630586,6438.0,HATS-27,1,-1567.676789152439,-377.8843367647933,-1704.5210057644333
284.3997616,-49.1385126,1531.1377728142525,13.446487,1.7636809171015375,5498.0,HATS-28,1,249.11365885862696,-970.2504028252769,-1157.9893868797094
285.0965172,-54.8933408,1005.679991549919,13.46198582,1.8238882978220987,5769.0,HATS-29,1,150.63324258108062,-558.4065725784772,-822.7295857901989
5.618525,-59.9425892,971.6583576066201,13.170575,1.821966555158319,5943.0,HATS-30,1,484.33403338517263,47.647473677769035,-840.9935946627485
291.080133,43.8601911,4587.488383288336,4.2,1.8058578772852494,6215.0,Kepler-502,1,1189.7018380470518,-3086.3703433445207,3178.6754013387917
107.6002312,-39.0972705,762.5024662499875,19.52604438,1.952730721932086,6628.0,WASP-121,1,-178.93274545837457,564.0595855582038,-480.86366839255925
311.0920041,-19.4375266,3280.3292045750377,12.385945,1.7645685480945823,5311.0,HATS-15,1,2033.177248872577,-2331.33153203504,-1091.6241353112323
358.5588439,-30.0130385,2172.893317151377,14.5717,1.8850312810266168,5738.0,HATS-16,1,1880.938363775374,-47.32107022171674,-1086.8748574294118
201.6551525,-8.3176353,948.198456335022,11.937585,1.8491647729823346,5838.0,WASP-157,1,-872.0063511399429,-346.22307717242165,-137.16711340908353
240.0333095,-23.1894196,538.9689530601132,1.64,1.8440870193401402,5758.0,K2-38,2,-247.46283084724053,-429.1942365267553,-212.23097569393636
126.6158279,10.0803708,288.8197577290813,2.9,1.935297818803499,6199.0,HIP 41378,6,-169.60634223671497,228.2433803896117,50.55195778691997
224.8728589,46.9600996,1240.9593790405304,17.3816,2.0218102457143825,5939.3,WASP-113,1,-600.2215394942324,-597.5636129749817,906.9906352350715
327.6656953,10.4629385,1496.2620513879076,15.008851,1.9439643041166978,5940.0,WASP-114,1,1243.2329878501866,-786.9815042319171,271.72040104032675
53.6511231,20.5990205,500.66819606616394,2.57807,1.8292216025271144,5766.0,BD+20 594,1,277.773965745892,377.4681175741195,176.1479114863345
287.5931997,44.1794278,2275.0711322417437,3.06,1.7313332277641686,5322.0,Kepler-760,2,493.1597110353526,-1555.2768263543987,1585.5144747293375
129.3625717,18.9766197,501.8060143062896,3.7,1.4621844638540322,3410.0,K2-95,1,-300.96131177659936,366.8846742170169,163.17843188468902
8.7401487,4.3807215,118.0048668105145,1.7,1.7361140297684075,5261.0,HD 3167,4,116.29380646635005,17.87886036132811,9.013629719181882
294.4843821,44.1669355,3949.8179828107973,2.45,1.8058578772852494,5634.0,Kepler-266,2,1174.2289143143855,-2578.4725298923017,2752.040691326058
125.617407,13.7353093,636.8560642526018,17.093725,2.0012168049610013,7454.0,KELT-17,1,-360.27961796102164,502.9103758145428,151.21308592595335
246.6920395,51.0411328,1648.4112222659808,16.376349,1.917698251918729,6280.0,WASP-92,1,-410.0988928305454,-951.8749151673464,1281.8005311540257
9.4587443,51.288778,1053.1411987010122,17.900773,1.9699872184599743,6700.0,WASP-93,1,649.675160165675,108.23749706217401,821.7744306650245
19.5505861,2.7027847,1071.595278758419,18.2851,2.04028814482202,6404.0,WASP-118,1,1008.6906285063594,358.1986431628355,50.53107417305926
315.9054895,11.9893675,2119.259518427897,17.85436992,2.0073282878476575,5916.0,HAT-P-65,1,1488.8358192933647,-1442.505705714062,440.2341406782012
150.5726262,53.9508237,2689.433846050349,17.82231,2.056015648515722,6002.0,HAT-P-66,1,-1378.4782139069928,777.6004752801705,2174.4400950380336
289.4007603,-22.3900092,2715.916348448388,16.92559,1.9479466284227749,6060.0,HATS-11,1,834.1445389426193,-2368.5814836370023,-1034.5174021220555
289.202402,-19.3559227,2141.3181371849387,8.84505104,1.903310772933962,6235.0,HATS-12,1,664.4847841549097,-1907.8828415174864,-709.7086721373361
173.9574203,-29.1560639,1788.7681954544057,14.986433,1.8058578772852494,5600.0,HATS-18,1,-1553.4447224503886,164.44091578778657,-871.4702155410246
290.503599,44.1436249,2386.163304485665,2.03,1.7680999213478592,5706.0,Kepler-761,1,599.7614650823366,-1603.8277814059375,1661.8658033267143
203.1060194,-42.4752733,479.80819499719377,9.97601,1.781077325974338,5625.0,WASP-130,1,-325.5024831575776,-138.87899481047438,-324.00102198164166
210.1935714,-30.5836084,560.3500922543318,13.74221034,1.9797924826136957,5990.0,WASP-131,1,-416.95205559719005,-242.60926624143622,-285.1034078304006
217.6091998,-46.159516,336.9410731721558,10.09929161,1.6845092557004964,4686.0,WASP-132,3,-184.88425647539037,-142.4273427226588,-243.02582279031262
49.562173,-41.3020235,596.2420330249109,8.9672,1.7065526764532568,5310.0,WASP-139,1,290.53188403208515,340.9175349800821,-393.53655567119876
60.3855387,-20.4509991,321.56170805371454,16.14096,1.7408395611469554,5260.0,WASP-140,1,148.8878912170268,261.9361293549429,-112.35564994213568
71.8244347,-17.1151736,1476.5919823715878,13.56289,1.9264435972615899,5900.0,WASP-141,1,440.19567258691467,1340.7896159996778,-434.5513293815191
140.5063164,-23.946102,2097.2964416604846,17.14977,1.999972499854997,6010.0,WASP-142,1,-1479.1668466891374,1219.0572025236881,-851.2445834380172
191.7028214,-24.4273897,2221.9092530427947,18.38276,2.053618257997149,6050.0,HATS-31,1,-1980.9646170681328,-410.339783156463,-918.847744210325
346.0750861,-21.2720168,2138.3592307182507,12.06580062,1.8016566515774373,5700.0,HATS-32,1,1934.108956020757,-479.53618690247316,-775.7884964919779
294.6336944,-55.3302692,700.4349155329048,12.935186,1.8066585708060585,5659.0,HATS-33,1,166.07550954427015,-362.17750047497344,-576.0689665108677
0.7744866,-62.4693167,1454.2959562463777,16.02887,1.7895055402742792,5380.0,HATS-34,1,672.1484470862546,9.086213297804825,-1289.616467854691
294.4335228,38.3554729,2883.6272827887387,9.88,1.814972496300091,6177.0,Kepler-418,2,935.3458290794085,-2058.75577840946,1789.4018919552354
296.688442,-63.5656488,1470.8363012994,15.6593,1.9204324019904733,6155.0,HATS-35,1,294.08497908752133,-585.0168622138743,-1317.053044193978
160.5587646,-3.8349989,442.89713967057344,15.35633,1.9323676706883592,5620.0,WASP-127,1,-416.7094423894639,147.08374030289883,-29.622462597611488
0.325761,-8.9262512,778.9733262196434,15.46842,2.121902268563475,6260.0,WASP-136,1,769.5266475182747,4.3752694102958465,-120.86785651515171
41.6391598,-0.4641252,1180.3857576158262,12.21781,1.9234490497169126,6272.0,WASP-138,1,882.1254409436027,784.266420638308,-9.561625464263056
130.3439097,18.9338205,526.3458295818747,2.19420598,1.6907820034699121,4942.0,K2-101,1,-322.3064202994813,379.46077226843335,170.78649261990853
130.0558953,19.7787519,525.8970717517997,1.3,1.6577692224259528,4695.0,K2-102,1,-318.4675692926398,378.78380333429357,177.9577694779365
130.4102091,17.6399744,520.1703427976813,1.92,1.5751041121625158,4057.0,EPIC 211822797,1,-321.34785217163284,377.4461669434155,157.62973859858747
94.7929552,73.8275672,662.8521710670753,23.20263,2.06652734910936,6720.0,XO-6,1,-15.426281998327909,183.97797585117306,636.6216575908712
13.0800239,10.7947051,689.2304458400646,1.676,1.7936553618229116,5578.0,EPIC 220674823,2,659.4685117878516,153.2207757884133,129.08634048576667
284.985355,-22.2934206,1964.8897200939048,16.14096,2.033456444096401,6030.0,K2-107,1,470.08950011153416,-1756.1933320242983,-745.3807446996359
31.9091639,-20.661843,564.0067447664912,12.43162281,1.7354571194543573,4953.0,WASP-53,2,447.98270561235245,278.94409619056574,-199.0107906992954
304.2079924,3.2939492,1134.8469711045382,16.017661,1.8996253944614292,5870.0,WASP-81,1,636.9554809845056,-936.9703558058807,65.20671292085369
314.2685227,31.6610186,1268.261226379932,15.860735,1.9234490497169126,6236.0,KELT-16,1,753.5174636840939,-773.0071853942857,665.7010301859414
183.4724742,-0.3934357,297.69068670553156,2.32,1.901849478752847,6277.0,HD 106315,2,-297.1371246765962,-18.03040590077794,-2.0441509702204783
174.0098693,-29.5433642,645.5938134859331,12.0898005,1.7030814536508012,4803.0,HATS-22,1,-558.5887826023887,58.61276776193008,-318.330783018823
292.3215174,43.8811723,2417.3997446706917,3.8,1.918611668861221,5716.0,Kepler-474,1,661.7738844120861,-1611.8469879203035,1675.6569275887919
286.36675,-50.0673496,1831.1425154607134,20.84874,1.871947355170633,5780.0,HATS-23,1,331.2057978513006,-1127.756639755765,-1404.1191519540848
268.8907069,-61.7474,1411.8521511567037,16.667783,1.862637500503725,6346.0,HATS-24,1,-12.938293330771387,-668.1885744824252,-1243.6571578303415
294.1156858,38.3934378,2252.557965231013,1.67,1.6680028173072414,4983.0,Kepler-768,1,721.3384672450381,-1611.3886618358817,1398.9691858311346
256.6107279,44.7768849,1057.2002856543356,22.6223,2.1961185409204247,6417.0,HAT-P-67,1,-173.78057567396155,-730.0608262824562,744.6367875909789
288.2341025,40.520897,2560.990669447463,3.64,1.757114608079755,5528.0,Kepler-150,5,609.1498480495802,-1849.0298970041856,1663.9405372797517
359.1519716,36.2129562,2110.8112903752594,12.285064,1.8961057695620438,6007.0,Qatar-3,1,1702.872451705817,-25.20586458877942,1247.0422531684403
4.859275,44.0275965,933.7195020885376,12.722215,1.7308520577125264,5215.0,Qatar-4,1,668.936125056281,56.86912029988497,648.9394982057044
7.0539375,42.0613451,1045.5383724959995,12.408363,1.8277048886842229,5747.0,Qatar-5,1,770.3615922475547,95.32473679476585,700.43322316007
11.248632,-15.2741085,24.478523641632272,1.727,1.1673641197005757,3216.0,LHS 1140,2,23.160234357153758,4.606282192484212,-6.448552439025954
216.5238248,59.4442735,911.5421796474119,18.1267,2.062269457361629,6840.0,KELT-18,1,-372.39768749043344,-275.79950520679677,784.9609802759741
267.6404906,36.5701761,1046.6153912881796,15.3999,2.112548223943217,6350.0,KELT-12,1,-34.60573285385806,-839.85317562395,623.5806795670655
161.7069053,-9.3993646,268.1786346727155,13.57525892,2.2167442340228036,5370.0,KELT-11,1,-251.20716242178784,83.04524023831942,-43.797599439639306
307.8598998,39.9389161,573.0311199687093,21.196219,2.1490910264206824,10170.0,KELT-9,1,269.6494803565215,-346.8805901581286,367.86910493761184
201.1501727,-51.5045384,296.3067754618164,16.8135,2.0311535990664344,8840.0,HIP 65426,1,-172.01288314667346,-66.54736175664148,-231.90670938844963
196.0437932,-35.5495292,1207.363341232851,17.71022,2.035746387966088,7000.0,WASP-167,1,-944.0658786626935,-271.48761966113693,-701.9688930917955
19.4493823,6.8688469,1821.6404303103511,10.42437,1.8165371064847706,5627.0,K2-113,1,1705.361688959823,602.2052557668167,217.86279419901805
357.846434,-70.1528621,415.20443873723565,11.54527,1.7361140297684075,4920.0,WASP-91,1,140.86727410976636,-5.297247334131075,-390.5420287275978
24.1678686,-50.659308,471.16888296529834,15.0953,1.892231295892917,5070.0,WASP-105,1,272.5081657638407,122.28638323887994,-364.39738794501244
188.3864277,-10.1462141,168.53065565924894,10.55,1.6340667040344243,4425.0,WASP-107,2,-164.1211429706141,-24.195578279738047,-29.688487982122822
100.1951714,9.2573953,1650.7100204406875,6.38913,1.7014110500221729,5970.0,CoRoT-32,1,-288.373191065528,1603.486157282322,265.54965197106003
133.8557342,10.4692176,275.3367563441828,1.94,1.5249286463877194,3676.0,K2-117,2,-187.58993838735157,195.23645977275388,50.03068243955276
132.1268608,15.6558964,912.5439229326115,2.54,1.6717063231206741,4726.29,K2-118,1,-589.4016232323665,651.689260816299,246.25849254187597
204.1418754,-14.9478195,340.5485070835974,2.18,1.4253145523411475,3654.47,K2-125,1,-300.2467491642105,-134.57029607273725,-87.84082597566194
204.4376666,-8.5970858,312.98898589337864,1.20312295,1.6220922210985589,4621.0,K2-128,1,-281.74720324316445,-128.02960206429515,-46.787175064100694
289.1485491,-25.6463233,61.56502880375294,1.04,1.3801708862442008,3459.09,K2-129,1,18.2049664615335,-52.42908778493256,-26.646251552164053
290.2705419,-19.6908744,322.75743052997893,1.25,1.6770324902480325,4356.47,K2-130,1,105.28162344602084,-285.0635509355563,-108.75160070038487
182.751404,-9.7652392,422.6364474456389,1.69,1.6853173361844416,5120.0,K2-131,1,-416.0327085326034,-19.993702183894953,-71.68405689885213
182.1662666,-8.7472172,1746.6428636634946,6.86473931,2.1130269047293897,5035.0,K2-132,1,-1725.093752352897,-65.25427687304112,-265.62138116008595
70.1493775,25.0098135,198.7245300725983,1.34,1.4758869953544975,3655.0,K2-133,4,61.1534043454276,169.3903836639795,84.0154623370573
349.0634651,0.3066895,1292.9081644923735,13.22170304,1.8712991079397598,5846.0,WASP-151,1,1269.4080974225608,-245.2890330141255,6.920570212593567
279.2624729,40.0186905,1747.6793494903775,15.63990824,2.0134148623284736,5768.2,WASP-153,1,215.43081211390157,-1320.9821565739096,1123.8233027662297
32.782085,2.4181937,334.4975144071023,5.71659,1.6855863417299641,4910.0,WASP-156,1,280.9736477189888,180.95084326910361,14.113424538910136
317.5515264,10.7388967,508.80953166726647,21.3705,2.08515733399135,7893.0,MASCARA-1,1,368.8674115622143,-337.39494950759155,94.80833428356829
351.7717763,-1.2853435,66.96546738722968,1.529,1.574398755798235,4294.0,GJ 9827,3,66.25943858844566,-9.58145026165908,-1.5021422094700319
294.6614126,31.2192001,376.07275595469565,20.51247,1.9898792978693596,8980.0,KELT-20,1,134.19504331072687,-292.2792952350422,194.9236304276607
82.7142134,-36.6309812,612.5970845222895,10.61344808,1.5664619802054067,3916.0,NGTS-1,1,62.34476715167768,487.63681540435704,-365.5114967224823
67.4128615,22.8825674,152.62436199194545,1.05,1.6651857564557,4359.0,K2-136,3,54.00792934463094,129.82785243489377,59.34701486593238
186.870426,-6.1952168,267.35900021017204,0.64,1.2917774907464135,3697.0,K2-137,1,-263.88898315775697,-31.7958798573532,-28.852410392280657
289.066707,-17.9107147,426.536297749581,9.26802368,1.741913125893439,5425.0,K2-139,1,132.5834262408749,-383.5988244215544,-131.17465565630891
296.1125759,39.9787451,1050.729487265835,1.13,1.638918439472536,4540.0,Kepler-80,6,354.37834819321426,-722.9745072620419,675.0972549129356
284.4334642,49.3051239,2436.9655860619614,1.32,1.901849478752847,6015.0,KOI-351,8,396.0611305986804,-1538.824469858311,1847.6893947426613
295.9513472,43.8519884,2318.9162198459744,2.57,1.8030430335183127,5934.0,Kepler-500,1,731.7871816801568,-1503.625308574203,1606.5400358560912
290.2151459,41.775981,6516.510106013305,2.45,1.7641249735402877,5831.0,Kepler-269,2,1679.2589267808476,-4560.371711999932,4341.42871264647
188.1373172,-9.6076115,988.3839962152863,12.25,1.7936553618229116,5705.0,K2-140,1,-964.7090080635536,-137.93953284572717,-164.9610227109305
300.4280761,-26.077564,2172.0189631856824,13.6062073,1.8772985889469433,5770.0,HATS-50,1,988.0492198126935,-1682.1999521636428,-954.7923526120073
102.8474248,-29.0586551,1108.9782536095697,15.80469,1.9468127749587771,5758.0,HATS-51,1,-215.54778371939815,945.1154376951847,-538.6359896468356
140.0875894,-31.2692116,1588.321101213035,15.490838,1.816146515043995,6010.0,HATS-52,1,-1041.3133799321222,871.05644203262,-824.4337693995806
176.628323,-33.8600764,1677.0188101303102,15.02006,1.83709331039437,5644.0,HATS-53,1,-1390.1870717023462,81.90271448065194,-934.3789063132998
348.9490311,-10.8497391,567.6170738897399,1.51,1.7375374342654326,5356.3,K2-138,6,547.1333282110796,-106.85713910418613,-106.84481996936539
291.4332781,41.7033162,1135.342052323524,1.192,1.7235656987933372,5354.0,Kepler-775,1,309.74467911448806,-789.0259780340092,755.3130579580428
111.5095293,7.6157759,850.4532105210734,18.7958,2.00738213921553,7346.0,KELT-19 A,1,-309.07317377999357,784.2454322340682,112.70997540219138
350.9170464,-1.1891827,160.22776723931938,1.64829,1.6634861535426746,4477.0,K2-141,2,158.1845648312244,-25.28879467471195,-3.325313151257852
293.8330329,-28.498475,243.25028197263967,1.38,1.5563572611458052,3672.0,K2-147,1,86.38089094493296,-195.54628278007428,-116.0633131106619
14.5176494,-0.193258,341.4228610492919,1.33,1.6102002505588136,4079.0,K2-148,3,330.5195084839434,85.58678838306466,-1.1516131681377335
287.2726117,41.6356009,2088.526845097277,1.38,1.729888015021152,5093.0,Kepler-776,1,463.47025102737143,-1490.540787774437,1387.5978772992457
9.8217519,7.2769939,339.1588054162684,1.64,1.566558422962594,3745.0,K2-149,1,331.49607071691963,57.388927135264765,42.95999805512691
18.3443908,8.9874328,277.8005815918849,2.0,1.4584515254742934,3499.0,K2-150,1,260.44595243805026,86.35817559015875,43.39740199788103
181.6324078,-5.8274311,295.0734152320619,2.81,1.6095529758207554,3940.0,K2-152,1,-293.42940546669894,-8.36232793760773,-29.959570351330186
183.8088709,2.0208765,395.4677798493565,2.0,1.5382544986248603,3845.0,K2-153,1,-394.3488487434512,-26.25394723572869,13.945631869417516
189.0015173,-2.6696217,355.6036084796619,1.99,1.6089046744768138,4097.0,K2-154,2,-350.8428848920668,-55.57757805494242,-16.56288929853093
65.469614,21.3532633,191.86143048425777,1.8,1.5751041121625158,4258.0,K2-155,3,74.18806778188258,162.56233625930412,69.8600453490649
304.8000322,32.5810446,1344.3821352078794,19.3662,2.017057239698844,8324.0,KELT-21,1,646.5148500394757,-930.2118457042202,723.9390832494673
282.1856949,44.4344617,1625.9096361024783,9.180171,1.86507160159861,5597.0,Kepler-1654,1,245.06129303624556,-1134.825022659601,1138.2878701681457
73.7667927,18.654323,359.5526773843219,12.77,1.8790445422674094,5981.0,K2-232,1,95.23175101553964,327.0821413773482,115.00571379178035
289.0918242,-15.7712178,911.0760505464953,2.5,1.7767971411933234,5695.0,K2-231,1,286.7793178130558,-828.5516067204949,-247.62759893631522
112.4192251,-29.9379163,2524.5949618224777,19.15712228,2.0341333125986054,6687.0,HATS-39,1,-834.3576824347787,2022.377125172501,-1259.9276735592848
100.5712467,-29.77678,3867.3044463131364,17.71022,2.1310470327836604,6460.0,HATS-40,1,-615.8121406251717,3299.7205009198747,-1920.5894157109922
103.5173558,-27.0504156,2116.795693180195,11.54257023,1.9969103586467443,6405.0,HATS-41,1,-440.6540401890359,1833.009917730202,-962.6643574133302
108.4523991,-33.4373462,2298.351530381312,15.6926,1.9580122128338826,6060.0,HATS-42,1,-607.0627942314228,1819.3411708973508,-1266.4486665253796
165.167198,64.9638452,741.6801029345075,10.1999,1.7546969530060337,4974.0,KPS-1,1,-303.4125097919634,80.35090159420666,671.9925271933323
230.4799011,-20.2317975,176.53533726306418,1.343,1.6577692224259528,5033.0,K2-233,3,-105.40694258618439,-127.77749531187645,-61.049270667552115
80.5382418,-30.9708179,1029.947656915652,13.89945234,1.7445139969748742,5175.0,HATS-43,1,145.17340636085638,871.0933164176239,-530.0125396291797
84.3267559,-27.9725758,1272.4563882881814,11.92923882,1.7481510810409926,4860.0,HATS-44,1,111.09313995787915,1118.2935677727858,-596.844259943677
101.9942455,-21.9107112,2216.5125782346668,13.90023688,1.8848100053764965,6675.0,HATS-45,1,-427.3488530641024,2011.5116603022288,-827.1165623571185
6.7026401,-56.3161021,1294.960869663491,10.121727,1.7327733487312433,5495.0,HATS-46,1,713.2903271664123,83.82567664862188,-1077.5499148832307
208.8567465,-21.2078587,677.9883383937341,6.310667,1.714145846720863,4985.0,HATS-7,1,-553.586211173023,-305.0509698056203,-245.26393868166636
94.4447595,-35.706364,2135.0471084111164,13.2366563,1.7825725008202515,5457.0,NGTS-3 A,1,-134.35797404902522,1728.4841197422247,-1246.0805502627259
154.6710977,10.1288464,364.25739657059205,6.97249322,2.0348273719664993,5609.0,HD 89345,1,-324.1089026281188,153.40564925067082,64.05916774016299
160.5941265,4.4413751,71.0879594791251,1.1,1.380159532126572,3420.0,K2-239,3,-66.84801005224055,23.548603265021228,5.504981310405076
227.849371,-17.8754464,192.1819304312855,2.0,1.5458949811110119,3810.0,K2-240,2,-122.74394827936814,-135.60234546778295,-58.990011431794954
253.7688479,-28.7105836,893.0678331073566,18.405178,1.929416366085977,6099.0,K2-237,1,-218.93479101011704,-752.0520286500815,-429.01685050790576
347.7043164,-7.8575592,1538.607419276146,14.5717,1.987316569025403,5630.0,K2-238,1,1489.199642189613,-324.58051089442694,-210.34426139413384
181.2386829,-6.8052985,413.8205274935204,2.55,1.680172303484953,5262.0,K2-241,1,-410.8089557123371,-8.882701762020085,-49.03599179135191
179.8358421,-6.5178542,297.3548421359271,2.54,1.3913589700016775,3459.0,K2-242,1,-295.4316859596848,0.8464424129440515,-33.75358659375156
181.1211419,-4.8991358,753.7183936277452,2.17,1.9323676706883592,6570.0,K2-243,2,-750.8209826344548,-14.693653233940077,-64.36897920008545
185.181563,-1.5909138,1301.4924674999372,4.34,1.8889742753799745,5793.0,K2-245,1,-1295.6742976971846,-117.49522714242757,-36.133486473526744
181.6296115,-1.1606,2018.2079407304282,3.49,1.772471662610759,5610.0,K2-246,1,-2016.9778075749841,-57.38253075064791,-40.87861228095767
188.8935189,-10.0692793,728.3823951052528,2.12,1.6460897446698746,4667.0,K2-247,2,-708.5409744531881,-110.87244396248671,-127.34952763939297
182.8173343,-9.4141696,1157.2819673964811,2.57,1.7636809171015375,5528.0,K2-248,1,-1140.3154400272335,-56.11655140861273,-189.2965450148822
183.3667344,-8.9952309,1491.5689130488652,2.79,1.9821423997885472,6504.0,K2-249,1,-1470.6819920216938,-86.51775606441159,-233.21015973249342
185.0315429,-8.9757427,1181.7580880123137,2.71257333,1.7050169680281613,5003.0,K2-250,1,-1162.7887843056735,-102.37591485058297,-184.37351689968784
190.6892403,-8.5359826,406.7735819554395,2.35,1.5061789188581765,3717.0,K2-251,1,-395.2873953296532,-74.61344928879198,-60.37760558009937
182.3663818,-8.3096141,643.6279646690238,1.74,1.7166458784388943,5152.0,K2-252,1,-636.327764995677,-26.296024360946085,-93.01855461360991
186.0853062,-6.3789537,2518.931927528112,12.96278785,1.831079475065243,5318.0,K2-253,1,-2489.230817058648,-265.3763833407484,-279.8631274230449
185.5507926,-4.7172908,640.5474593064445,1.63,1.6340667040344243,4629.0,K2-254,2,-635.384222795231,-61.74908001658885,-52.67815642129323
189.9128532,-3.3705631,535.8363338850091,2.9,1.6460897446698746,4676.0,K2-255,1,-526.9236200448231,-92.08470378371176,-31.5036931049673
188.278284,-1.9532879,166.40296450233208,0.83,1.5144368545005131,3725.0,K2-257,1,-164.5734360119705,-23.94496796552884,-5.671795439545253
187.6314027,-1.1609171,1897.353114273521,3.0,1.908138124509192,6351.0,K2-258,1,-1880.162067643544,-251.916083615759,-38.44120775260468
282.4922622,43.9802442,1128.6917508029935,1.48,2.0146598491802714,6136.0,Kepler-128,2,175.68153026362845,-792.9549439177816,783.7751751435511
76.8673317,16.8676948,1903.030624626921,18.7969,2.0311535990664344,6475.0,K2-260,1,413.7789351177321,1773.5276936261153,552.1884380010116
195.7940145,-41.3848617,1168.558817384495,19.6222,1.9524508493352783,6333.7,WASP-174,1,-843.6524974024555,-238.63440558244682,-772.5501885223777
206.8461979,-6.1393369,110.00279089732553,2.03,1.6460897446698746,4716.0,Wolf 503,1,-97.58401153328214,-49.392030848345804,-11.764437383446703
131.3583524,19.698401,518.4563774079754,2.27,1.4917458171691824,3580.0,K2-264,2,-322.53086217827575,366.3759693979987,174.75556433262963
215.1227617,-31.2020698,1012.9180210672577,17.878355,2.0151404534821635,6478.0,NGTS-2,1,-708.6427902802269,-498.46318749419004,-524.7501919006756
78.9198197,16.2786991,1059.9391560236966,13.70374653,2.0240040583471943,6513.0,EPIC 246851721,1,195.53527303599856,998.4797385897857,297.1113984629955
157.9356855,0.9372782,205.6391644311023,3.3,1.6537192566944874,4285.0,K2-266,4,-190.55322342000912,77.23742440189984,3.3638168688007037
320.7628761,-40.0484393,1010.3760251007682,14.77319991,1.8762305584352972,4879.0,WASP-144,1,599.0589902499872,-489.2272697952867,-650.111311075068
322.2537644,-58.8361466,245.4205327431185,10.0881,1.6401224283008093,4900.0,WASP-145 A,1,100.42426792471944,-77.7462230676817,-210.00411687014744
4.1463468,-10.9764226,1501.056522140193,11.99363,1.9323676706883592,6350.0,WASP-158,1,1469.7386652809626,106.54723354614403,-285.8087218078022
68.1364792,-38.9682973,2052.275898062638,12.3434,2.089184498701352,5909.0,WASP-159,1,594.2086384775117,1480.8641288052086,-1290.656378648283
168.2929079,-17.6577794,881.0411232613467,12.3182,1.8722881254376968,5473.0,WASP-162,1,-822.0669245989178,170.3479984409621,-267.24706132201095
96.7446427,-46.8213635,861.0641617934918,16.8135,1.8440870193401402,6000.0,WASP-168,1,-69.1988995689001,585.1272705563653,-627.9084967372556
199.433742,-47.2375748,1539.0330154117653,17.59813,2.062269457361629,6900.0,WASP-172,1,-985.4082242227419,-347.6694330482545,-1129.9200057904625
354.1686959,-34.6113042,655.6170367615435,13.45077684,1.8404210404022199,5700.0,WASP-173 A,1,536.7965810460645,-54.82213478676936,-372.3944991627352
359.1915117,-22.1532316,1243.6866685626637,12.498035,1.9436783622290883,5702.0,WASP-147,1,1151.7614184254717,-16.253333982303204,-468.97547240927514
87.679561,-27.6233218,815.8554294281946,12.5471,1.7408395611469554,5160.0,WASP-160 B,1,29.267325772783124,722.2673528092648,-378.2768515723248
344.8735878,-60.4478194,929.2898280239264,12.643752,1.768978018166044,5806.0,WASP-164,1,442.46023646399493,-119.6037760002426,-808.3956088348377
357.5806472,-17.0775947,1724.69136774331,14.27761841,2.0328543518587385,5570.3,WASP-165,1,1647.1765909942396,-69.59450609078067,-506.48415253674534
282.7241098,44.3465098,1263.9763129056676,1.38,1.5519061763821282,3968.0,Kepler-777,1,199.09040739126914,-881.7037012817552,883.5144098527412
84.2992798,-80.4646041,33.98668873678906,2.11,1.8619393723892377,5998.0,HD 39091,3,0.5592533947447895,5.602283905868351,-33.51710998833132
79.1407971,20.2549034,291.6657509352989,3.21425006,1.6205281126440783,4258.32,K2-284,1,51.55078374314171,268.7297837002166,100.97390908821173
287.4774867,44.2374702,2697.285660470758,1.68,1.690929606204274,5102.0,Kepler-778,1,580.3844656696515,-1843.2695227269749,1881.7176389608503
170.324325,-22.388177,1842.3759372716231,13.3752,1.8367218847334936,5652.0,HATS-59,2,-1679.273677772666,286.30979104550715,-701.7233877596182
126.3378248,-11.5009889,974.3798567051394,13.4237,1.987316569025403,6410.0,WASP-161,1,-565.7712671752575,769.1395121866876,-194.27657909499965
256.5375549,-10.4130071,737.8584233493527,13.473218,1.803849254512758,5500.0,WASP-163,1,-168.95019419557502,-705.7658079351394,-133.36232278469836
135.4163028,-20.7203686,865.8760038166187,12.285064,1.771601046921307,5600.0,WASP-170,1,-576.8100871057087,568.488368672748,-306.3533125042711
349.3843458,1.3001522,429.7355067962448,2.65245,1.690929606204274,5144.5,K2-285,4,422.27186441530955,-79.14545021878207,9.750694042481928
233.3698192,-16.7737113,201.55691578332326,2.1,1.6023644723634196,3926.0,K2-286,1,-115.1417103281928,-154.86794905720396,-58.1678192611644
233.0743401,-22.3583447,439.50395143284504,9.494023,1.8254192131385143,5695.0,K2-287,1,-244.19432630817982,-324.93312805887865,-167.18647258032328
55.4442857,18.2684913,171.05643843961946,1.9,1.3320152555737954,3341.0,K2-288 B,1,92.13424225961425,133.77728859212883,53.621111437868535
341.3640336,-14.9917747,1389.5358585488452,12.923977,1.9524508493352783,5688.0,HATS-60,1,1271.8638532195198,-428.91847739096727,-359.4456576720417
61.6578005,-25.3496674,1949.1426630759825,13.394755,2.0059109177892047,5542.0,HATS-61,1,836.2309633923489,1550.3129131977998,-834.5086986119371
312.4493079,-24.303506,1495.480344200035,11.825495,1.7694163602044797,5416.0,HATS-62,1,919.9049258779066,-1005.6849643603135,-615.4950362869005
67.418582,-28.1972149,1785.479234841727,13.529263,1.8254192131385143,5627.0,HATS-63,1,604.2521012982438,1452.9504337481137,-843.6530881818811
144.2876092,-29.800444,3108.353623243071,18.819911,2.1035558491868693,6554.0,HATS-64,1,-2190.1005100830666,1574.4651667435628,-1544.7917146247853
292.9397825,-26.7402021,1409.3564785791255,15.77478872,1.904968162427968,6297.0,HATS-65,1,490.5695989247678,-1159.0950399320232,-634.133929646354
101.3948048,-33.8816918,4260.155736396211,15.815899,2.0472296270380013,6626.0,HATS-66,1,-698.7483895012798,3467.028299248755,-2374.9510223849247
180.2087883,-46.1364201,2760.8095027267295,16.7675,1.9439643041166978,6393.0,HATS-67,1,-1913.0727654578811,-6.9713508025366355,-1990.52081242009
15.006077,-58.9047242,1729.668236839432,16.47476108,2.0819904074803866,5704.8,HATS-68,1,862.8458724875636,231.2969446992485,-1481.1316394011699
289.2974275,-60.8917599,1181.2630067933278,10.592505,1.7448137511601436,5137.0,HATS-69,1,189.9019207440579,-542.3528231018832,-1032.0721714054441
234.8578846,-20.1988975,771.2199490006702,3.06,1.9664855160877792,6302.0,K2-290,2,-416.61802115424916,-591.8622339406489,-266.286932125665
285.6285208,44.3107855,800.884289174531,0.83,1.4232260550371543,3555.0,Kepler-779,1,154.38778683453802,-551.8941185263116,559.45771766863
76.44594,21.548199,241.8223635094591,1.589,1.7542425294887813,5520.0,K2-291,1,52.71312881069319,218.65691114081403,88.81743496997873
340.4962038,-69.1721081,24.184659643228315,1.35602306,1.1159620888263344,3043.0,LHS 3844,1,8.105721526982363,-2.8709909514456258,-22.60425737648836
319.6995877,-26.6163743,448.66150637818197,24.9862,2.1914647459252947,6188.0,HD 202772 A,1,305.91596093111474,-259.439386213913,-201.00690792627043
205.3758786,-9.9460704,311.99303303179283,2.63,1.832988946353755,5725.0,K2-292,1,-277.6540316809474,-131.69660892549334,-53.887795920955185
109.1045212,-31.2443947,4204.712430293396,15.513256,2.056015648515722,7930.0,HATS-70,1,-1176.5744972886753,3396.877505884607,-2180.940687824607
295.1099549,43.9151012,1592.9302784096762,2.04,1.708591353555505,5216.0,Kepler-499,1,486.94790143800907,-1039.0524596993394,1104.8432464165226
51.7501882,-63.500166,28.3404466709035,2.61,1.6490410492722565,4640.0,GJ 143,2,7.828640576540984,9.930650321758728,-25.362876185807764
55.4590314,-62.7672667,94.10257717481659,2.0,1.6577692224259528,4684.0,HD 23472,5,24.4158991742239,35.47099196584297,-83.671785133434
349.5592665,-56.9039857,253.7381867432634,4.71,1.8098457519570923,5527.0,HD 219666,1,136.25811089991947,-25.108189712692344,-212.5708668540821
4.4471631,-66.3589285,211.4631725019337,11.500434,2.144566671288022,5521.0,HD 1397,1,84.54265612647112,6.575210738833928,-193.71623376321293
7.7095292,-40.5734613,1551.022087504285,12.89035,1.9898792978693596,6400.0,WASP-190,1,1167.464879636906,158.04516663761473,-1008.8196053026644
212.0421402,-41.3980405,308.4348177210691,14.5717,1.892231295892917,3972.0,PDS 70,2,-196.12040988191546,-122.75029096828442,-203.9636920571407
282.2001207,44.4222795,2728.012543377764,1.835,1.8896277589910544,6099.0,Kepler-270,2,411.73827508225935,-1904.3455225664377,1909.4481297851123
358.5151344,37.0218242,2025.0551166538305,17.71639788,1.9808986265004376,6161.0,Qatar-7,1,1616.2736779403333,-41.89639517352399,1219.324532499265
316.6318791,-26.6928654,973.6589489652125,10.816685,2.0327669518131466,5645.0,TOI-172,1,632.3750513471609,-597.3412130409586,-437.37514622629647
351.6064952,-6.0279068,1116.7403164639638,2.45,1.7755042969579122,5532.0,K2-293,1,1098.670313865361,-162.11025503603625,-117.27208132873953
352.0516724,-7.6037856,1061.2304204895897,1.66,1.8722881254376968,5612.0,K2-294,1,1041.793406127381,-145.4565333674183,-140.42400515137805
353.0331863,-21.8012007,257.7231562743294,9.17,2.2389844938437147,5080.0,HD 221416,1,237.52350971386,-29.024579616689444,-95.7151053454299
334.7969885,-1.8344301,493.0161512604335,12.00549486,1.7305601927937202,5082.0,WASP-177,1,445.8547013841588,-209.83192126985483,-15.782125126064578
26.7932253,3.1329325,1247.7312794569525,14.30491762,1.8106782853078,5887.0,WASP-181,1,1112.109134881495,561.6017071745886,68.19193755132906
163.7888521,-0.7370663,923.1259220869607,16.47723,1.7413091234176281,5313.0,WASP-183,1,-886.3485222878953,257.6950715761276,-11.874980098517158
157.4123405,70.5270835,796.086923210439,15.2308,1.9112465342545746,5783.0,Qatar-8,1,-245.027663371348,101.93325861005162,750.5500944497823
281.7663511,44.2924898,1595.6112445428985,0.89,1.8058578772852494,5769.0,Kepler-780,1,232.90107784739544,-1118.1145693035337,1114.249586744564
160.748095,60.9641194,600.0029131621201,13.3674,1.690929606204274,4234.0,Qatar-9,1,-274.9304085313107,96.02025267382623,524.5921056823976
284.4439052,69.5708373,1599.7108644615191,19.0536,1.9112465342545746,6023.0,Qatar-10,1,139.2772535381244,-540.728554573524,1499.096169961062
73.9800129,-63.2603301,496.2790549668497,7.69,1.7255214628674054,5026.0,TOI-216,2,61.62318539748972,214.62299009332816,-443.20701206507914
221.0582692,5.6053735,869.2807729015748,12.6518,1.680172303484953,5013.0,NGTS-5,1,-652.3398816632616,-568.2361830815896,84.90807479143116
283.0029316,44.284108,1152.3253647830077,0.89,1.7455110852701348,5524.0,Kepler-271,3,185.61091870994744,-803.7815816360702,804.5728694161631
36.8678846,-27.6361171,110.84095471543334,1.47900686,1.7273912045060924,5175.2,HD 15337,2,78.55827860729536,58.91439643098661,-51.41408365088165
89.5988945,-30.8117992,793.3567384764989,3.18,1.726495846908477,5143.0,NGTS-4,1,4.770023436797566,681.3612537753361,-406.3729853425082
252.426008,-19.5430504,437.6133781229161,1.212,1.7361140297684075,5271.0,K2-32,4,-124.51969465801889,-393.15492217928056,-146.3882560884853
175.206752,6.1348146,1244.8158011673684,1.04,1.607904925444211,5053.0,EPIC 201841433,1,-1233.358433140994,103.4216332000885,133.03127460178519
333.1100738,-16.3418863,687.3340821065217,1.31,1.7216005319712386,5502.7,K2-168,2,588.25150547954,-298.3069862488272,-193.39402442012377
337.5136198,-13.6101475,1289.0575327891493,1.7,1.5144368545005131,4114.0,EPIC 206042996,2,1157.6055988371675,-479.17358327747394,-303.33360755168064
335.0949721,-9.5097112,299.2396250222421,1.0,1.2311102330844104,3297.0,EPIC 206215704,1,267.68259860653126,-124.28267789029655,-49.43880624695051
207.2061241,-17.6098985,1192.4327339444849,1.48,1.7065526764532568,5171.0,EPIC 212297394,2,-1010.8137101435303,-519.6242690690708,-360.75211345551907
286.0363025,49.6145027,960.7376186708595,1.165,1.8106386792894882,5556.0,Kepler-407,2,171.9600289070299,-598.2649969145928,731.796087618969
205.4445125,-10.8625468,907.7610330275542,1.26,1.7895055402742792,6004.0,EPIC 212587672,2,-805.0223634765504,-383.0194297505918,-171.070756762845
124.5328604,-68.3144658,11.836002244287128,0.8,1.3216665025253365,3367.0,L 98-59,5,-2.4792709423924024,3.602933112950853,-10.998319767336323
78.3391194,16.4141986,3786.9333665526074,9.916,1.885691093779522,6100.0,K2-308,1,734.2148769453854,3557.6200748883207,1070.1085178303897
7.3289156,-76.304032,551.0188246005788,17.0952,1.987316569025403,6888.0,HD 2685,1,129.3987326515892,16.64273988662033,-535.3510364811413
294.6802199,49.1401106,2410.911575011349,1.69,1.7895055402742792,5803.0,Kepler-851,1,658.5844818580038,-1433.1684265414367,1823.4004946649188
112.965421,-73.6060358,954.654778664488,13.88927615,2.0097908373337714,5982.9,TOI-150,1,-105.12972754624307,248.08629359991568,-915.8420593862523
232.1466406,66.3587097,346.6429279371966,14.688,1.781077325974338,5787.0,KELT-23 A,1,-85.30064952106015,-109.75771697520571,317.5505664371399
61.331654,20.1570318,294.349612280328,10.22,1.909384326424696,4970.0,V1298 Tau,4,132.56201024886474,242.44735538411499,101.43119616571595
185.3246821,-52.8408163,844.998631476807,14.86959617,1.9816291826989891,6271.0,WASP-87,1,-508.20332058345724,-47.365415317912216,-673.4304638026009
293.0844515,48.5753645,4790.848060607484,1.65,1.7940680361756507,6185.0,Kepler-850,1,1242.834820267271,-2915.977945110699,3592.3055790099056
354.9154673,-69.196043,108.65999166126885,6.17576816,1.7776503306866644,5414.0,DS Tuc A,1,38.4410725697653,-3.420314550873511,-101.57548511272853
159.3890808,11.8427484,1578.9174532641084,12.44199,2.203759023406576,4898.0,EPIC 248847494,1,-1446.3980234471405,543.9798904459749,324.0354313660904
204.2215065,-7.3180577,954.6055600637702,2.69,1.6358928600651723,4684.0,EPIC 212737443,2,-863.4766444901757,-388.4514338989178,-121.59499671666555
144.8751047,-20.9824191,311.64560761496057,7.06167,1.8790445422674094,6050.0,WASP-166,1,-237.9928880762752,167.4187378397848,-111.59451684982089
295.1637592,43.9630716,2336.4467273369687,3.08,1.832988946353755,5837.0,Kepler-476,1,715.0894889271575,-1522.1408525424708,1621.9486913989633
290.8517961,48.5213243,2361.3426536648067,8.26,2.0571007405032775,5858.0,Kepler-849,1,556.7140076212972,-1461.5783836717412,1769.123305515612
42.9849779,-30.8140609,73.63314017860208,1.77141,1.8986684984060007,6308.31,HR 858,3,46.261134076389446,43.116534818098366,-37.71884451845913
68.4160804,-51.9573937,46.17292475336117,1.206,1.4001027025817923,3506.0,TOI-270,3,10.467168380495814,26.4587426445939,-36.36361236237469
144.0074644,-21.6650634,8.42662977255798,1.217,1.353173148800165,3505.0,GJ 357,3,-6.336298574654257,4.602329278854057,-3.1109443752014743
293.2882949,48.8116114,3972.053209488062,1.4,1.7936553618229116,5894.0,Kepler-848,1,1034.1549025955194,-2402.6318054894286,2989.1622143491427
169.117028,-3.9754405,509.5709723724905,2.42,1.547406087865903,3840.6,K2-43,2,-499.2022230237265,95.97734294083281,-35.327978357569
45.4624781,-16.5944956,0.9786394949803301,1.38,1.271552323790413,3337.0,LTT 1445 A,2,0.6578061397852079,0.6685121022079525,-0.279495818927123
130.0266951,19.0923416,210.68146531406114,2.59,1.3686445759712935,3385.0,K2-146,2,-128.045194840353,152.4540110527035,68.91213549962114
130.5056385,3.7105662,969.1192568519377,18.786284,2.065679311644035,7394.0,HAT-P-69,1,-628.1455805151518,735.3174383080097,62.71784913947138
200.6348641,-44.6888393,2148.40272047651,11.960003,1.9103164908233712,5702.0,HATS-54,1,-1429.3893423083668,-538.2650166608466,-1510.8776023507733
114.2833819,-32.7554188,1746.7007678996333,12.1025,1.8254192131385143,6781.0,HATS-55,1,-604.1073765651092,1338.984866963177,-945.0594564387962
180.165072,-45.7994559,1615.1741907223616,18.920792,2.120234261168321,6536.0,HATS-56,1,-1126.0494035236984,-3.244213500776224,-1157.9248171959696
60.9482779,-19.0568182,790.258861843078,12.801,1.7853131557109085,5593.0,HATS-57,1,362.7176224467789,652.9690854952751,-258.0239688004532
186.7873036,-48.9784105,1149.572018354612,12.273855,1.9448209315591123,7175.0,HATS-58 A,1,-749.2261203137266,-89.17142572204622,-867.308770195618
284.8465476,49.6923412,3720.1697822846754,1.61,1.784047009386177,6052.0,Kepler-1751,1,616.632263924225,-2326.2057658391527,2836.9340131713275
127.3872297,-12.9447683,1796.5794769095178,18.37017356,2.122506629380091,6013.5,WASP-169,1,-1063.1576905431052,1391.195056107593,-402.4547897010523
171.8450533,-44.0887035,2175.1979057496974,11.3749,2.087175875928861,6090.0,WASP-171,1,-1546.566725538914,221.6224476274555,-1513.440049470519
166.3187996,-34.1227453,1542.652030170435,13.540472,1.8736483726552902,6229.0,WASP-175,1,-1240.8310551982665,302.05071098612643,-865.3779212790771
311.673345,-41.8209828,929.5677683573922,9.52765,1.9173933254505269,5638.0,WASP-182,1,460.59333736642196,-517.4430874605708,-619.8408382656597
283.982904,49.2329512,2063.228484328275,1.47,1.781077325974338,5717.0,Kepler-301,3,325.54102933237175,-1307.3354332457727,1562.628836846696
161.9090273,71.655727,260.5286165152499,15.24421375,1.9689129631460673,6415.0,KELT-24,1,-77.94167109120009,25.461673548071175,247.28922158273048
75.795382,-30.3994612,873.5743720112602,8.38889408,1.6977145660618822,4669.0,NGTS-6,1,184.89160909199575,730.4369599263459,-442.05104218381604
123.3922465,-1.9827874,716.4309607662234,13.89916,1.8688675706510516,6600.0,WASP-180 A,1,-394.06442207989454,597.8060795378393,-24.787982226298872
227.270329,-42.7049658,1219.3089851482669,21.2012,2.0288377066862378,9364.0,WASP-178,1,-607.9830429281379,-658.1806965409066,-826.9638392796057
209.51701,-30.348153,1901.2848119073392,14.90797,2.0024573337179334,6000.0,WASP-184,1,-1427.799737933236,-808.3698897423608,-960.6299837633806
214.0595791,-19.5423062,789.8680082491418,14.47922158,2.0304440148654677,5708.0,WASP-185,1,-616.675433634316,-416.88648275472775,-264.2130589198548
223.6587187,-38.7445469,1454.4204503540761,12.863,1.9204324019904733,6017.0,WASP-192,1,-820.674216552511,-783.1228289071661,-910.2479395958628
295.2886934,48.5997243,3161.33599930999,2.65,1.8367218847334936,5965.0,Kepler-300,2,893.0786147426578,-1890.287793459667,2371.343068035498
283.5048144,49.4509371,1466.6324537557296,1.18,1.6972506689490903,4798.0,Kepler-847,1,222.65783650518696,-927.0934448746655,1114.4200225780255
165.6904843,-16.4064445,57.79256781931601,1.12,1.075866575987177,2960.0,LP 791-18,3,-53.719358589481104,13.70239459928672,-16.323473592664698
79.7682532,-71.8955269,1173.1042999213835,14.62607111,2.0059158306672726,6671.0,TOI-163,1,64.75377199159483,358.7457038925258,-1115.0256353311147
287.0570731,49.0460112,3244.3417218148297,2.2,1.7361140297684075,5781.0,Kepler-846,1,623.7575264018946,-2032.9738883151126,2450.2442583535085
23.5934253,-66.6763495,302.62991804816346,2.755,1.7322938719470335,5282.0,TOI-125,3,109.80282556346053,47.9566708270166,-277.89991817074645
328.9759206,-14.0684399,1223.0669700736692,11.4242045,1.7971093553029438,5160.0,NGTS-8,1,1016.6712889049044,-611.4594172848599,-297.30402724363773
141.9206435,-19.3476477,1744.645167516709,11.99363,1.929416366085977,6330.0,NGTS-9,1,-1295.753518419987,1015.2468661214094,-577.9994644221455
283.2070156,48.5805222,3027.5482617115017,2.1,1.781077325974338,5650.0,Kepler-299,4,457.6085468608046,-1949.9499955087265,2270.3166981387853
222.2100773,22.1526136,273.06691028754534,11.903958,1.6646200070066723,5052.0,Qatar-6,1,-187.3269077597695,-169.91771354603105,102.96668270094983
338.9837166,-59.864829,120.31640391717175,1.7202,1.8477204113675578,5795.29,HD 213885,2,56.38570135370978,-21.662830876705396,-104.05484848298772
277.4780753,85.2333208,659.0015393638513,15.5276,1.9715933262696894,6082.0,XO-7,1,7.12708789421902,-54.29615040612486,656.7222864751501
72.6940102,-60.9054608,742.9511009177522,6.72538842,2.0686397771270113,5907.0,TOI-813,1,107.46616064521331,344.9071172171983,-649.2044694578119
283.0398448,48.8253303,1481.4009291829075,2.2,1.6216792738837174,4612.0,Kepler-298,3,220.053386234624,-950.1408811624685,1115.0594271761775
306.9286462,-56.4622865,40.07474012441298,1.193,1.4139240475329877,3458.0,GJ 1252,1,13.302588418611496,-17.698947704115852,-33.40319127824812
228.2482353,-16.7246474,911.3105627028572,1.95,2.017057239698844,5430.0,EPIC 249893012,3,-581.1756185491454,-651.111898216829,-262.25014413398145
350.0285917,-60.0657292,53.904008841420975,1.39,1.588961504021594,3800.0,L 168-9,1,26.49211316411475,-4.6576444210439805,-46.71312939338197
285.1670927,41.9669383,1169.8848243920716,3.87,1.6866605970438715,5100.0,Kepler-1661,1,227.58190714690326,-839.5460217212712,782.3039404823634
338.3996623,-43.436872,454.9730681173013,3.42,1.7546969530060337,5397.0,TOI-132,1,307.1701589891548,-121.61936367426767,-312.81898362809454
284.4824281,44.397891,1271.3591030133528,3.145,1.9410958438420556,5654.0,Kepler-95,1,227.17148437760687,-879.519622356218,889.4899209046539
292.3514917,48.5110714,4316.178084860412,4.8,1.7408395611469554,5803.0,Kepler-1750,1,1087.3793862998418,-2644.5328232457955,3233.1788501805922
287.4844021,-49.6649424,851.593923973006,12.520453,1.6256842432085898,4512.0,HATS-47,1,165.60578255197245,-525.7334506652605,-649.1465743456472
288.6720048,-59.5793505,744.2944791961703,9.49951912,1.6893392772700488,4351.0,HATS-48 A,1,120.65481500259457,-357.03363800552034,-641.8283794840573
6.6135927,-56.3442798,920.334937905075,8.62854045,1.6938641982617173,4247.0,HATS-49,1,506.65667445007426,58.74398772998487,-766.0708557760889
339.0258401,-17.0003046,350.48776921680695,9.49027,1.7014110500221729,4521.0,HATS-72,1,312.9646957628164,-119.97397549249912,-102.47448844071732
290.9576363,49.2037262,1229.0745345730602,1.46,1.6431169758454875,4858.0,Kepler-845,1,287.23015647477735,-749.916978924414,930.4555730760816
147.5800667,-66.1139253,475.2916645783745,16.98160576,2.035746387966088,7800.0,MASCARA-4,1,-162.45907786478963,103.17896605207827,-434.58407173000296
91.0899861,-55.3115376,67.49065880900778,1.088,1.5152535459044054,3643.0,LHS 1815,1,-0.730659500347824,38.40292574098093,-55.49477865260078
286.3760037,-41.4376399,149.76823554440358,3.66,1.6502156302864468,4360.0,TOI-1130,2,31.655542338583412,-107.72285447264963,-99.11729234396212
261.3495847,52.7904721,59.40549031695977,1.28228,1.892231295892917,5801.89,HD 158259,5,-5.4032165900918185,-35.51571447618985,47.312277006340715
287.8578541,48.7739646,1231.1735631330885,1.51,1.5225312558691466,3878.0,Kepler-844,1,248.81558061997063,-772.2897131449992,925.984745213973
277.6011767,6.8359338,2969.6150734547227,11.309881,1.7592136167706003,5650.0,CoRoT-30,1,390.01854982846896,-2922.595214796554,353.4634715603304
94.820735,-4.4222978,5788.190623860616,16.36514,2.110651450647869,5700.0,CoRoT-31,1,-484.9824499781076,5750.5434402371675,-446.31027694471663
144.1193594,-50.4630933,391.6663667468502,13.0203,1.901849478752847,6446.0,TOI-677,1,-202.01307222044983,146.12907790531162,-302.05885864062463
264.2630197,53.0212751,1509.7479479846131,11.99363,2.0027049883220975,6218.0,WASP-150,1,-90.77958133657351,-903.5925740435405,1206.0756171109153
313.6872928,9.1790688,1626.7868852799797,16.869545,2.0654670270837356,5941.0,WASP-176,1,1109.2686994455037,-1161.2989208469814,259.5059517411024
306.741134,33.7443882,214.63719320587705,9.718203,1.8977093569921073,6089.0,HD 332231,1,106.76444097578596,-143.02108394437278,119.22855529528816
154.6449033,-11.717801,44.731398794688,1.332,1.395754215701585,3331.0,LTT 3780,2,-39.58006167938004,18.75599602412039,-9.084567613764953
283.2091605,48.7776156,1984.9824900340368,2.87,1.7614533698357464,5619.0,Kepler-297,3,298.90262909936763,-1273.462010910843,1493.0194944561586
152.2182549,69.2766204,95.84086234370065,1.69,1.6017046596105142,3997.0,TOI-1235,1,-30.004641312470472,15.807437645801448,89.63993144557992
92.1330955,-59.5409853,1136.3293195496892,6.85,1.9146387023672493,6050.0,TOI-1338 A,2,-21.440385588924173,575.6310470695627,-979.5067789370612
311.2911369,-31.34245,9.238128689923922,4.07,1.680172303484953,3700.0,AU Mic,4,5.206524312863857,-5.928311516898086,-4.805231402312123
296.3219786,48.9714373,3355.923184854123,2.29,1.7907549164227266,5631.0,Kepler-843,1,976.8194274057645,-1974.5366703772165,2531.649495135488
254.1305022,44.3025361,694.3347042556917,8.092898,1.8098457519570923,5460.0,WASP-148,2,-135.87832208354894,-477.9701603722342,484.9559659549915
120.6116787,64.7971531,157.11367741977958,5.05,1.6051895930207654,3980.0,TOI-1728,1,-34.06804023332625,57.57912063911183,142.15738156512882
23.5214497,-14.4191493,532.4026126819837,8.9807,1.7216005319712386,5076.0,NGTS-11,1,472.78844562894915,205.78476132035777,-132.57548671865382
28.7157956,-29.4217086,634.6383320084892,3.67717317,1.7649500805173486,5254.39,TOI-849,1,484.802319991301,265.59525731003947,-311.75580552731253
292.3285976,49.6535171,1523.4451950432249,1.47,1.6134213382413807,4797.0,Kepler-842,1,374.7096369811001,-912.3391706493255,1161.083626597448
299.0506412,17.5699627,864.9987546391172,11.5609626,1.5957179208513068,4251.0,Wendelstein-1,1,400.43351618362243,-720.8977758066025,261.11729448877566
297.7909214,16.9125679,1618.4515704878127,20.31776565,1.6750786898833003,4355.0,Wendelstein-2,1,721.9608445089137,-1369.8466622244744,470.82708822126045
164.8563364,-56.6235564,88.19634508866822,4.36639,1.7408395611469554,5175.0,HD 95338,1,-46.835195157790686,12.675403738180488,-73.65048487012989
302.0256247,66.8503014,136.29971021853976,3.20594,1.7636809171015375,5555.7,HD 191939,6,28.415600559735278,-45.42924337307177,125.32497156208613
97.0957165,-65.5786149,71.20840029029362,0.96172883,1.442640423171369,3482.0,TOI-700,4,-3.636730776960522,29.21522636046163,-64.83734271132327
284.2513637,48.8095962,2873.294271849786,5.049,1.713141536850343,5023.0,Kepler-841,1,465.82636815164983,-1834.01274689387,2162.2264015616493
207.526001,-40.8358961,349.59314876846383,9.9872018,1.929416366085977,5675.0,HIP 67522,2,-234.55636291023535,-122.23763323005714,-228.5971200747842
299.4268472,40.1433462,352.9458040408951,12.89035,1.5937026961695424,3841.0,TOI-1899,1,132.55779058927683,-234.99464936850325,227.54491317614102
0.1856063,-54.8308228,159.97298860030907,22.75427,1.6658636237945865,4590.0,HIP 65 A,1,92.14278088578479,0.2984921507511967,-130.77069975642405
73.7014398,-76.6806061,1010.8682111079473,13.4432705,1.8391153637126654,5638.0,TOI-157,1,65.35687188453988,223.52392243723557,-983.6768146217141
16.7786879,-75.1989452,1161.8737733222808,12.172974,1.9012152599884202,5880.0,TOI-169,1,284.18002446773136,85.68367993803315,-1123.3212745336712
228.0210932,-20.1081634,146.02675332630088,0.95,1.1316414979787148,3300.0,K2-315,1,-91.7175031902742,-101.93805142609877,-50.203047387707535
199.80183,-22.9868431,594.574391024116,6.792654,1.7441152253649648,5326.0,HATS-37 A,1,-514.9964062926759,-185.42869600365904,-232.19303750480978
154.2710615,-25.2762982,975.6682259592258,7.07996557,1.8424890296289467,5508.16,HATS-38,1,-794.7881928905673,383.00024903429653,-416.5945568869522
149.1235154,-24.0991859,113.35255095794987,2.16,1.8188728494786557,5863.0,HD 86226,2,-88.80812837937663,53.101076313222606,-46.283829106979596
233.6247336,-23.2594663,306.7613852966604,1.33,1.4011826342843936,3436.0,K2-316,2,-167.14509969815253,-226.91511517956334,-121.1387372357262
228.6188638,-21.0227209,491.4903746381784,2.93,1.4011826342843936,3387.0,K2-317,1,-303.28063603191003,-344.2327584086497,-176.316341297196
232.4461375,-17.557463,409.1939790260376,1.66,1.5548789452065157,3851.0,K2-318,1,-237.78795018233734,-309.2888305475833,-123.43833487920936
166.8010058,3.0399357,586.3954176695233,2.79,1.7537876002134754,5440.0,K2-319,1,-570.10118874203,133.70546825798485,31.09772044140843
163.2519122,5.3064776,295.9159218678801,2.62,1.3056348826054913,3157.0,K2-320,1,-282.14903276802005,84.90695106621303,27.367239240153303
156.4054989,2.5138829,206.01612100836527,1.95,1.5772129074417383,3855.0,K2-321,1,-188.61171947963925,82.38087805495427,9.036167393427009
156.6226981,4.7640203,338.4031551346583,1.92,1.5903217512391876,4141.0,K2-322,1,-309.5511366791494,133.80916865754742,28.105080838065845
159.4209874,6.2858689,323.6462605547081,2.1,1.5526513979407244,3710.0,K2-323,1,-301.17225710902966,113.07732116601672,35.43575816623723
157.6222171,6.8636732,376.77050200016714,2.43,1.5185040911591448,3752.0,K2-324,1,-345.90046534056427,142.41299583174504,45.02685723950165
353.9169507,-7.6867213,304.3062456843791,2.2,1.3029007325337467,3287.0,K2-325,1,299.87376946698504,-31.957534303320767,-40.70294276136912
351.612262,1.3375909,798.4320447740567,2.28,1.6449032303050486,3924.0,K2-326,1,789.6764372798158,-116.43659082581667,18.637994634612866
284.415675,53.5090244,52.70625971689177,10.4,0.025756797085857597,4710.0,WD 1856+534,1,7.8032936757611155,-30.35734094946471,42.37322588182575
358.6688767,-37.6282237,213.97361065972743,12.0551028,1.7895055402742792,5422.0,LTT 9779,1,169.41901209506838,-3.9367328516981894,-130.638457331469
117.4793699,27.3631342,45.95346769839547,2.14,1.7698542326744935,5553.0,HD 63433,3,-18.831753723791564,36.20728661710793,21.121520802738964
194.468098,-39.7580613,256.50456162479026,2.47492187,1.7577561269602837,5541.94,TOI-763,2,-190.93490428203904,-49.265718001023416,-164.04676617043708
289.6079433,44.3454347,1832.3208666661358,10.43,1.7878337428040505,5705.0,Kepler-77,1,439.73463333805705,-1234.3767667245725,1280.7604024304364
15.5518893,-61.7561333,387.07166560924355,10.32616195,1.467144758420055,3424.0,HATS-71,1,176.4658401657999,49.11045746747217,-340.9874551056505
222.1654705,-57.5888666,166.17047899423514,2.926,1.6490410492722565,4600.0,TOI-824,1,-66.01643889392165,-59.78759529471976,-140.28507167127032
76.3096949,-47.9375391,21.629924744788454,0.903,1.1178560128682908,3216.0,TOI-540,1,3.429582323338056,14.079064943289868,-16.05837911731085
197.9965833,65.8336973,85.3523785307155,2.37,1.4431692254923743,3600.0,TOI-1266,3,-33.232568213912415,-10.795725046405062,77.87218535189972
81.8532824,-14.2767404,197.64345798388857,1.92573459,1.736172962130417,5718.0,TOI-421,2,27.142750114173182,189.60649074795063,-48.73998631838124
176.2499418,-35.640563,1273.634739493604,11.747032,1.9870594102175065,5690.0,NGTS-12,1,-1032.8519986926678,67.69775022920939,-742.1450081051586
120.5936065,3.3371629,60.316323951421666,1.264,1.3846761958911387,3347.0,GJ 3473,2,-30.645658431965064,51.832178057395446,3.5111069637117605
157.0372806,-64.5052107,393.62352992833854,9.71,1.8122199343046632,6000.0,TOI-837,1,-156.00140489364054,66.09890630661688,-355.29421550248344
61.9410587,-25.2088028,672.3745227000861,9.550068,2.058399060001388,5710.0,TOI-954,1,286.15011064606665,536.8370769999043,-286.3766151619423
351.1353785,-5.1641451,656.3611061959259,8.675766,1.7176416253665678,5282.0,K2-329,1,645.8886099053781,-100.73489900527984,-59.078637794333375
110.5126861,-57.384998,500.3931509445051,11.9428,2.0218102457143825,5760.0,TOI-481,1,-94.50951821270013,252.6066695670667,-421.48680521412336
86.738228,-11.2353401,967.0347043509441,12.0335,1.9204324019904733,7723.0,TOI-892,1,53.96776691697603,946.965072246986,-188.41643107057695
22.4458116,-60.7399096,867.2078012478089,11.79529659,1.84735128103596,5713.0,TIC 237913194,1,391.75749625581454,161.83735742279578,-756.5607076863304
332.9482355,-58.946085,160.9353570049344,2.63477634,1.3496710450645637,3318.0,TOI-122,1,73.93514989694836,-37.75601849695916,-137.87046750946607
353.2435381,-29.416487,91.32549000960407,1.379,1.1511872411671678,3226.0,TOI-237,2,78.99865730736504,-9.359141766210332,-44.854918732818724
18.9953122,21.6169065,787.4476111785436,12.98147408,1.9575368982542671,6434.0,WASP-186,1,692.2002750850129,238.28032166867467,290.0948255803611
17.47474,25.6816494,1056.4127880428491,18.0411,2.23296815445808,6064.0,WASP-187,1,908.1180411491047,285.88841619394964,457.8181031436982
64.1902212,-12.0848643,133.42505441543352,4.7,1.5779134284558163,3950.0,LP 714-47,1,56.8038498808771,117.4532452144646,-27.933903648846236
76.6496172,-20.2456126,422.902806931877,3.52025,1.7592136167706003,4945.0,TOI-942,2,91.61748360585051,386.05259098414615,-146.34349252023384
353.0620655,-37.2558629,269.23075464335585,2.74,1.7459753146348196,5875.0,TOI-251,1,212.7224112985924,-25.885153908609457,-162.98568582630492
118.4831501,23.9382192,566.3634471773368,12.016048,1.6341277075285554,4508.0,HAT-P-68,1,-246.8659321654123,454.98952678016235,229.80273356742714
178.577997,-37.5533568,59.753784297334114,1.798,1.551159593687509,3725.0,TOI-776,2,-47.357379807286804,1.1755868751596699,-36.419930136391926
148.1851516,6.216103,229.49686780497342,1.423,1.7308520577125264,5455.0,TOI-561,4,-193.8697790361824,120.27392364761911,24.849635795358246
186.5740627,-51.3630519,168.114903243773,1.55313499,1.7380926402721308,5723.87,HD 108236,5,-104.27796439977007,-12.017536951123823,-131.317575514216
130.2951535,-16.0363275,558.9198576217057,11.43318,1.8322382502535537,5640.0,TOI-564,1,-347.401710339352,409.7122873551731,-154.39980727757646
227.6586754,-71.3616316,440.41304794022284,13.125739,1.7627913543746674,5570.0,TOI-905,1,-94.80381420683965,-104.03718969101494,-417.3154116121616
62.966385,-37.93973,339.3412037601053,1.84,1.7313332277641686,5490.0,TOI-451,3,121.63869308026378,238.38352596885676,-208.6379051412713
176.2402326,-38.1397158,1856.015280094096,12.800678,2.035289424350392,5819.0,NGTS-13,1,-1456.627460154269,95.72179338601025,-1146.2401583168576
190.0365636,-44.3120777,288.87187154160614,2.05,1.7844694940870127,5732.0,HD 110113,2,-203.5377672466832,-36.02314213014821,-201.79610675941288
285.3458383,45.3677754,4900.605540208408,1.55,1.7482885857306374,5607.0,Kepler-295,3,911.1548482797758,-3320.1826342807067,3487.4229422595736
7.3020115,-30.4541159,162.6174750647639,1.152,1.6223076428186394,4316.0,TOI-178,6,139.04513090151076,17.817053699131428,-82.42237175975414
291.074684,45.242544,2715.7947495524963,3.04,1.909384326424696,5988.0,Kepler-839,1,687.6013385576089,-1784.3075003912575,1928.46889136387
293.2866147,-54.5327284,146.88518362705722,3.55,1.7915857173422127,5788.0,HD 183579,1,33.69339831414493,-78.2855332503984,-119.63021091220837
328.5174799,-38.3774193,913.7772831623661,4.976796,1.7274679137439348,5187.0,NGTS-14 A,1,610.8986059846414,-374.10283300151787,-567.3084582216761
192.5892855,-88.1211107,285.3657700434073,3.05380568,1.8534032782389445,6153.0,HD 110082,1,-9.13131912556375,-2.0392988184141156,-285.2123471798217
99.2630608,1.7675497,498.4070356449473,11.88154,1.9189156881475817,6250.0,TOI-628,1,-80.18918702794137,491.6736033033353,15.373200021337961
99.7345935,-36.64613,971.2443423182283,19.2794468,2.097514561022993,6460.0,TOI-640,1,-131.76169902759028,768.0452424785555,-579.7076268780562
325.0145363,48.4067674,561.5573955778239,15.24421375,2.0654670270837356,6274.0,TOI-1333,1,305.42025361275427,-213.7421062008331,419.9755817283919
126.4337428,-13.5595485,423.74531356769523,11.88154,1.8169273250458327,5597.0,TOI-1478,1,-244.64473552394017,331.41923377624056,-99.34956282830522
38.361569,41.0134321,955.6420458906531,13.887951,2.117439033190811,5948.0,TOI-1601,1,565.4100599289023,447.5213290868615,627.1266570778164
191.981531,9.7494181,4.467282865983371,1.3241394,1.3464125271608118,3297.0,GJ 486,1,-4.3068492386749,-0.9139981510726432,0.7564874221491233
167.7745044,30.4451688,15.512631717914486,2.63,1.6401224283008093,4120.0,GJ 414 A,2,-13.070373163697592,2.8320032511185476,7.86046091288509
87.4017825,-54.910423,310.63807390614704,11.4,1.908138124509192,6423.0,TOI-201,3,8.095022798338775,178.38871165914128,-254.1809416903773
285.4354695,45.975959,3177.5202333107586,2.77,1.8078566779022531,6191.0,Kepler-838,1,587.7321146746275,-2128.600153901717,2284.790401609945
124.6067582,-19.6627918,315.6525807557593,11.92440528,1.374798234872502,3225.0,TOI-519,1,-168.81850669937387,244.65461259359648,-106.21197705645913
73.3553101,-32.8003484,2258.1312479593644,12.32987877,1.7785145971303806,5600.0,NGTS-15,1,543.684364906862,1818.5707459389644,-1223.259778780181
58.2639299,-30.8046405,2581.477188193339,14.57167491,1.8766924787436179,5550.0,NGTS-16,1,1166.3042875773885,1885.7511591169384,-1322.0065611903415
72.9005729,-34.2262128,2992.9215285005534,12.03885134,1.914534274055051,5749.0,NGTS-17,1,727.613643165435,2365.2292614539833,-1683.4037551352487
180.5462193,-35.5486091,3154.792820626316,13.64534276,1.931508090221155,5726.0,NGTS-18,1,-2566.693981602769,-24.46986978778208,-1834.1758289084612
44.3388743,76.5514045,33.86335271381361,1.39292173,1.2474357357224886,3414.0,LHS 1478,1,5.6328461761265824,5.50433059172237,32.93478473761857
47.5172608,-50.8322632,203.74048452811402,7.16253867,2.0529619764887563,6095.0,TOI-257,1,86.90705815224216,94.89979254282915,-157.96005081792504
12.5467785,-83.7437671,147.81020379937314,2.38798233,1.8503956676951563,6062.68,HD 5278,2,15.722952276383149,3.4991647819346627,-146.92991854879546
300.864006,44.3375497,1267.4968904629009,2.35,1.8094487107294992,5881.0,Kepler-106,4,465.0661416742147,-778.1778885442493,885.8335199021294
285.2467607,45.95011,2592.3023851394705,2.71,1.733730618282741,5818.0,Kepler-837,1,473.98588245175625,-1738.9474956507424,1863.1775671165185
75.8462827,-54.1777213,146.1828052426947,2.77,1.421177158959377,3514.0,TOI-269,1,20.920720298909423,82.95961620656117,-118.53032561188081
91.7996988,-61.9972098,243.80268838540297,3.03,1.7351623322216758,5298.0,TOI-220,1,-3.5949539585468893,114.41244740677908,-215.25942267036032
305.4749252,70.9437054,344.3325489152621,1.41792246,1.759438145153982,5460.0,TOI-1444,1,65.24462181409494,-91.55431254054533,325.46251922770654
290.2945805,45.5645196,757.5863966018111,1.38,1.5679951692983014,4023.0,Kepler-1749,1,183.96432430216544,-497.46479493926785,540.9464423546904
156.74726,-52.4678724,61.0641571611531,3.65,1.49433014977159,3553.0,TOI-1231,1,-34.17893957501621,14.686367562951762,-48.4246010529284
253.7848853,20.491524,293.47815352644045,3.20755401,1.934183907826599,6329.0,HD 152843,2,-76.76653309503145,-263.97219954280973,102.73754845425033
287.4527659,45.7043964,2818.499493191726,2.68,1.8046538884569758,6244.0,Kepler-836,1,590.3399772878686,-1877.715411881483,2017.3306462552255
305.8724366,-44.0587001,777.1580284166948,13.19297028,1.7327733487312433,5392.0,WASP-110,1,327.2638500038926,-452.5554718153698,-540.4317889827744
164.5865592,-36.8581092,114.51671562551861,5.27060027,1.4450568071281622,3467.0,TOI-674,1,-88.3319484008181,24.352967262511584,-68.69117872683613
68.5939529,43.0370395,89.99485066313652,1.7,1.5078439065438725,3434.0,TOI-1685,1,24.007465907031783,61.24080606798969,61.41887656694664
157.1440712,65.8541986,194.17151998501157,2.34,1.6216792738837174,4227.0,TOI-1260,3,-73.19149023990975,30.850973920906096,177.1829628883164
283.5742181,45.7348003,6947.92561736476,2.79,1.8404210404022199,5954.0,Kepler-835,1,1138.2044036016955,-4714.053373915962,4975.526294566911
56.3906096,37.1122803,83.21513317483573,1.749,1.471370331589931,3472.0,TOI-1634,2,36.73228357259354,55.26687791924764,50.210257297759355
282.1001665,79.2564761,323.03247565163775,11.45557828,1.6583445271115904,4775.0,TOI-1259 A,1,12.622866304282017,-58.87957588727771,317.37019254369886
201.2826259,38.9223671,104.36147069151176,1.53904,1.67468559141778,4612.99,TOI-1807,1,-75.65575491980627,-29.470520567134816,65.56684932121995
217.3920159,39.7903991,102.42631111975608,2.5,1.6867678674582567,5187.0,TOI-2076,4,-62.529818094276315,-47.79385041496763,65.55088802761928
287.0544674,45.1803351,1816.4724772349714,1.35,1.471370331589931,3750.0,Kepler-834,1,375.5139157627732,-1224.0875328523366,1288.4763372045843
68.8465093,56.8682691,1473.8328455195785,14.95447888,1.971625384142861,5679.0,HAT-P-58,1,290.6957225693014,751.2665295439751,1234.2114304280287
292.4588212,62.5291892,749.6853635806841,12.98126322,1.8570683016360037,5418.3,HAT-P-59,1,132.1127385230088,-319.5978524677823,665.1553062142971
28.2825719,52.0539209,656.3118875952082,18.28184752,2.1194907340662277,6212.0,HAT-P-60,1,355.40039522899366,191.22397236200018,517.5608614104792
75.4801665,50.1311784,962.1041586437331,11.37324393,1.8082233949111655,5464.2,HAT-P-61,1,154.6259501207261,597.0415201789548,738.4285008118463
74.5043816,48.3008551,990.9838964179145,12.02723629,1.8619393723892377,5629.0,HAT-P-62,1,176.12071024087012,635.2594084588694,739.9162536046703
269.5720695,5.7613709,1149.1869551842897,13.62393371,1.814109401051231,5080.0,HAT-P-63,1,-8.539607511046526,-1143.3500794195663,115.36173091873789
68.9743955,2.4312732,1868.4704812875325,18.1614,2.026508618266858,6202.0,HAT-P-64,1,669.7759371644029,1742.4980949252913,79.26236572384036
282.7372281,64.419466,269.3265861541654,1.33994008,1.561748969928629,3959.0,TOI-1749,3,25.639544344945993,-113.42793812052773,242.9269985591687
290.4799052,45.6005798,1334.2257321891498,2.139,1.647863083293692,3977.0,Kepler-833,1,326.61162143398406,-874.4973295635505,953.2772806304341
38.1209678,-78.0236828,218.99969835656742,2.265,1.726495846908477,5328.0,TOI-1062,2,35.75125031275671,28.053694374335173,-214.23283178190388
320.4784442,35.648625,199.89882798149134,12.21778896,1.5701408640505043,3799.0,TOI-1278,1,125.30310218883407,-103.37110653111371,116.50359799062696
295.9261101,45.383869,4868.555545505631,2.25,1.7636809171015375,5973.0,Kepler-832,1,1495.0221476535216,-3075.309148931798,3465.575784223375
8.8060544,-3.3720833,141.54033311027365,2.86,1.147993834989685,3100.0,TOI-2406,1,139.62971201678093,21.63092987870812,-8.325400390399302
85.0800537,11.5626373,372.08025887293167,5.91206593,1.6047369174140815,4139.69,TOI-532,1,31.26341059871699,363.18621497822596,74.57943047834095
83.2692502,-26.7238698,75.38358523707528,1.47415294,1.6672339967175467,4891.0,TOI-431,3,7.891494423917925,66.86736586679908,-33.89933068643537
117.300914,-76.702696,12.609023796738898,12.44196858,1.410775734831447,3406.0,COCONUTS-2 A,1,-1.3301822481676036,2.577080023391241,-12.27097204162838
51.2284214,-73.9575458,664.1665972274241,10.95117414,1.7106199131118887,5169.0,TOI-2202,2,114.93723188803645,143.09838576046025,-638.3020864695036
204.0355092,-14.0092516,1397.9146015181163,1.54,1.8137950958364613,5789.0,K2-350,2,-1238.7323980738165,-552.4393400605748,-338.4051634554095
201.6168564,-2.2819018,758.4983883209957,5.55,1.7936553618229116,5698.0,K2-353,1,-704.5926185587126,-279.20776605864734,-30.200502159138633
352.2675207,67.0348062,635.0841946267573,21.05046575,2.0690609558470876,7299.0,TOI-1518,1,245.53883421105317,-33.33989697490257,584.7487207584953
128.6616644,31.5539793,707.6613642030156,11.27,1.9307175661511864,6050.0,TIC 172900988 Aa,1,-376.7262865055411,470.8765856973337,370.3203376584111
124.6426189,13.5027816,1430.1354137175013,2.25,1.7636809171015375,5790.0,K2-355,1,-790.4972613102697,1144.0694088374062,333.92599358588376
128.3219134,13.6613758,1010.4541958195555,2.29,1.7361140297684075,5568.0,K2-356,1,-608.8352304196642,770.3132117861508,238.65225705382298
131.9386628,16.3289144,1479.904104678722,3.72,1.7977634759166157,5794.0,K2-357,1,-949.1755660701917,1056.4384433335695,416.07657860928134
133.8081054,18.9497263,1371.681087335474,2.68,1.7592136167706003,5650.0,K2-358,1,-898.0783752413204,936.2423091821923,445.437510516273
42.2476999,-14.5372835,90.7817692322616,2.415,1.520925148059432,3476.0,TOI-1201,1,65.0492961007698,59.08185469298849,-22.787126799370032
38.3691648,56.025708,1877.4919612779433,15.38981949,1.9900836237479802,8039.0,GPX-1,1,822.5874308448584,651.25427276908,1556.9822913184885
42.2915093,-58.0246828,1146.789719808147,12.17295304,1.9624074585337903,6466.0,TOI-558,1,449.2288702730459,408.6451460953961,-972.7945456999252
46.8186159,-31.1629951,656.4450673383271,12.2398,1.8756802935503716,5972.0,TOI-559,1,384.3901628627001,409.60055846246837,-339.6935554797025
227.5321527,72.7103128,1445.2078863844072,17.26183028,2.052085292159835,5993.0,TIC 257060897,1,-290.00185126299044,-316.8382610796621,1379.9051697300579
316.2036922,55.5880221,412.26000832958226,16.70138124,2.0644039473904403,7690.0,TOI-1431,1,168.16927111313666,-161.24773126282176,340.1125988312935
103.4128333,12.8815784,411.78808880505176,8.61211634,1.5494890365526646,3688.0,TOI-530,1,-93.11676854237284,390.4753074875043,91.80267828599722
285.967897,45.7390789,3117.415636198779,3.3,1.7592136167706003,5542.0,Kepler-1748,1,598.5401092757713,-2091.780143737454,2232.5962054680867
142.743406,26.5399951,644.2880729610051,16.14093221,2.1140593306981086,5991.0,TOI-1789,1,-458.7711962507921,348.9410599957572,287.88234940589894
256.7706392,70.2384806,917.011234750713,14.11645916,2.015404545179016,5567.0,TOI-1296,1,-70.95416309291599,-301.8188411597829,863.006661920855
241.3229012,70.1900397,904.7673840191829,9.65807033,1.9506551126231972,5752.0,TOI-1298,1,-147.1419779511923,-269.01553420338865,851.2249408157587
117.9246417,9.3852412,122.88040349339383,2.67607,1.781077325974338,5560.26,HD 63935,2,-56.77580388746099,107.11940494138399,20.03833178275182
155.9841428,-56.8431169,1043.5956853735458,12.0619,2.038023574422136,6509.8,TOI-3362,1,-521.3667492426433,232.30035040911727,-873.6734026592779
184.6021322,-0.5512886,2026.2421534946743,1.5,1.772471662610759,5633.0,EPIC 201427007,1,-2019.615841818645,-162.57007695196162,-19.49579836101382
16.7615005,6.588798,1789.1851059546043,0.99,1.7501298226802984,5620.0,EPIC 220492298,1,1701.8537760671331,512.5724132719567,205.29634533617934
332.5632644,58.7060934,103.87362750204312,1.77,1.4838933126991571,3491.0,TOI-2285,1,47.886056299429626,-24.860738773375047,88.76147683631154
68.1789866,-39.7908744,38.64218932234131,0.696,1.343352762665437,3490.0,LHS 1678,3,11.036799813741359,27.564644957041025,-24.73051139558865
287.3920392,46.0592578,3909.9219641112263,2.8,1.772471662610759,5910.0,Kepler-294,2,810.9827050356939,-2589.1095590693762,2815.370048272155
296.2446203,74.0628577,172.03009817029186,2.63881,1.7408395611469554,5126.0,HIP 97166,2,20.888180419801685,-42.367067596269024,165.41786535475313
284.2096557,45.258082,3806.765567430116,4.11,1.7384836242982802,5477.0,Kepler-1747,1,657.7726786798933,-2597.651431297338,2703.887244326712
194.7396141,77.6617157,148.4080650375053,2.194,1.322974516158849,3430.0,TOI-2257,1,-30.66872215644295,-8.06845638304343,144.98028576693534
325.2016451,84.3337613,63.00713380478751,2.34302132,1.6976163975325333,5106.0,HD 207897,1,5.1083960779263515,-3.5502102432364926,62.699275968979435
231.7420543,-16.5090014,430.76620219951377,1.31,1.987316569025403,5799.0,HD 137496,2,-255.73567490281607,-324.3066422887439,-122.40909813732902
352.7139342,-11.0773564,822.1351438374375,3.66,1.7533321640530786,5367.0,K2-388,1,800.3028766744087,-102.32334334535125,-157.9602283041509
355.6304152,-9.7135814,731.5526520338474,2.184,1.8307327092820058,5782.0,K2-389,2,718.9688576416323,-54.9377332488685,-123.4297772205632
355.702386,-9.5887124,1301.6603897847394,4.28877,1.7895055402742792,5512.0,K2-390,1,1279.8659227231976,-96.18000280808437,-216.82342411809336
356.2260152,-7.7015151,1451.6844751965218,1.371,1.5651166087280868,5543.0,K2-391,1,1435.47013872471,-94.68918922937844,-194.5437066557179
354.6499065,-7.4788816,1159.3983672273512,1.85,1.8208091577498182,5726.0,K2-392,1,1144.5273708744633,-107.18394383746153,-150.90816224473926
299.7047433,44.4357068,1118.1531798257483,3.76,1.8827135126603642,5731.0,Kepler-1990,2,395.6327002306652,-693.4845563690943,782.8285062133247
67.8205302,19.8316901,398.58592296542594,3.207,1.7857343344309844,5377.0,K2-370,1,141.54590489675286,347.2032274069567,135.22356921540322
70.4438684,16.6743415,811.2259857489046,2.597,1.6977730382363734,5007.0,K2-395,2,260.12378711258646,732.2861802026772,232.76633265285597
74.6928607,17.2690562,776.880088083229,1.579,1.7636809171015375,5236.0,K2-396,2,195.84584130948264,715.5415086153499,230.62399517495032
79.9516586,21.2591617,558.2626445415314,2.417,1.7836240875567575,5387.0,K2-397,1,90.77668839388211,512.2922967601629,202.41881289776737
284.8601128,39.2405076,2238.1861338213857,1.37,1.8912569118518454,6060.0,Kepler-826,1,444.5655372616626,-1675.4933229967742,1415.8251224296027
161.7349738,1.9367044,1738.4609950970948,2.274,1.8853613205372148,5946.0,K2-398,2,-1649.929027028649,544.544796140019,58.752040297353545
154.5110307,3.6969271,161.69506058307428,1.163,1.404405415066065,3578.0,K2-400,1,-145.6532561650044,69.43862155644689,10.425901487939571
154.987604,3.9548275,562.2377703524537,2.262,1.6371057805743707,4213.0,K2-401,1,-508.29577479413456,237.15610846585722,38.77751867589565
294.769825,39.3984081,2319.9874482145406,1.53,1.8292216025271144,5976.0,Kepler-825,2,751.1252118743876,-1627.8348563401626,1472.5170139742613
161.451913,6.419318,1495.4456016583517,2.678,1.8986684984060007,5716.0,K2-402,1,-1408.8786859135535,472.7194012101915,167.19678112118692
164.1893864,9.6739464,695.0469263601979,5.333,1.7482885857306374,5511.0,K2-403,1,-659.2419316853853,186.67856809649874,116.79647924454251
160.3249517,12.1911149,333.2352020592784,2.53,1.5548789452065157,3748.0,K2-404,1,-306.7038550070861,109.66521270894286,70.37035126232297
290.477406,39.7319975,3459.3980548339973,1.88,1.8736483726552902,6235.0,Kepler-824,1,930.7176731305157,-2492.31317857957,2211.2382356024787
164.3759959,12.535614,552.1247955108281,3.806,1.6882667048535867,4927.0,K2-405,1,-519.0480738421982,145.1552609278225,119.83671008315251
230.8872242,-25.3706149,228.26958752001343,4.602,1.7815028896896852,5784.0,K2-406,1,-130.1151988340344,-160.03379369253233,-97.8070779407746
284.5825682,39.2201737,4003.3214970029644,1.95,1.8664560361538043,5739.0,Kepler-823,1,780.8700851698661,-3001.549824345469,2531.308667552131
232.5552584,-23.0067371,613.335363533058,1.283,1.7667792290465103,5563.0,K2-407,2,-343.2441413289965,-448.2188721980417,-239.71560276515962
292.2760929,39.5501136,2472.104771762737,1.52,1.781077325974338,5823.0,Kepler-822,1,722.5684976262052,-1763.9000960915648,1574.1198238439379
227.9168555,-17.6842698,451.00083751818585,1.677,1.6982947408109204,5335.0,K2-408,1,-287.9809753692199,-318.90340848854675,-137.00120189941734
285.6173937,39.3794684,1760.4038053818588,1.25,1.6951544904492275,5155.0,Kepler-821,1,366.3233551815149,-1310.4867371221776,1116.89447544446
228.4551125,-16.3512966,1229.0166303369215,2.482,1.8817161459719507,5742.0,K2-409,1,-782.1244320343081,-882.6365262192211,-346.0000188488405
137.3794986,16.3558324,1021.742626654797,1.593,1.7578638502881687,5789.0,K2-374,2,-721.4277235742564,663.8633681493726,287.72463087348063
296.3586251,39.1152033,2787.28042427754,3.1,1.830355455991112,6100.0,Kepler-58,4,960.165619291881,-1937.7533452811792,1758.4442328212233
132.7193327,25.0380824,448.98577010055874,1.736,1.85453612375285,5937.0,K2-376,1,-275.9715263370691,298.86507814021627,190.02000808394507
290.3581592,44.5187225,2699.2428236522464,3.03,1.781077325974338,5744.0,Kepler-498,1,669.5504763042926,-1804.3990563351313,1892.5533086853154
291.0201523,39.2206091,3997.3284085626087,7.57,2.0120063768768075,6205.0,Kepler-820,1,1110.8101943286167,-2890.72010468689,2527.542758181613
146.121464,-45.7790165,8.342147492031602,2.66076,1.480354295685435,3518.0,GJ 367,3,-4.8302632819987,3.243176309654788,-5.97844367957734
253.1862971,16.5799153,739.7547870828955,15.098497,2.014178679128629,6540.0,TOI-2109,1,-205.08521581711838,-678.688343006876,211.09081536601042
201.9626552,9.0306437,628.0690964185526,11.65733993,2.08515733399135,6230.0,TOI-1842,1,-575.2685342014212,-231.98752890906417,98.5834157677219
171.0147921,-19.5569588,847.8851576483216,12.02994928,1.5992002363682505,3394.0,HATS-74 A,1,-789.165564540566,124.78270431988993,-283.8242924879825
60.9493919,-25.4089214,545.5526647090845,9.66512601,1.5800816226696217,3654.0,HATS-75,1,239.28533895852192,430.78437849949836,-234.0834376274602
70.3397665,-32.3204175,1097.7419365868532,11.75690439,1.6112776293333169,3837.0,HATS-76,1,312.1070042486998,873.5910677173083,-586.9115978108546
149.8236672,-27.3928174,1243.9124950836044,13.90112935,1.6483700247428552,4105.0,HATS-77,1,-954.7659560099045,555.1592028317557,-572.3098148562725
296.8241065,43.6248197,4806.511156483005,9.96,1.8429906738147475,6157.0,Kepler-1708,1,1570.0464988119988,-3104.9170521570777,3316.1715257489295
301.5785316,44.3121639,4710.3901244927465,2.05,1.8919067592250791,6312.0,Kepler-1705,2,1765.0153071255256,-2871.4016229445156,3290.5240935575875
288.9163997,39.5947523,3438.407769233715,3.03,1.824654472201379,5918.0,Kepler-288,3,858.9494292615337,-2506.444726343501,2191.480937467381
190.8875453,60.0143636,111.242810114236,14.68376472,1.7050169680281613,4993.0,BD+60 1417,1,-54.596489882789925,-10.501319276647257,96.35304036739214
277.94363,56.6506789,318.9183796739825,11.32107051,1.9989743213084807,5695.0,TOI-2180,1,24.229402513714163,-173.6405486902592,266.4035074811377
296.0039349,-47.5620305,178.1751852305124,2.46034403,1.67312992232923,4803.0,TOI-1064,2,52.71327519868197,-108.0593947584947,-131.49476968375293
100.8331246,-66.9476563,2263.43527598967,11.39953337,2.23296815445808,5966.0,TOI-2184,1,-166.57891812976328,870.5027482507351,-2082.694331369121
198.3885831,62.3053799,298.28130991414645,9.31888,1.7546969530060337,5091.2,TOI-1268,1,-131.55035051757085,-43.73186528287812,264.1093884769785
290.6198948,60.8539035,1533.0572982422507,11.56559794,2.276841662545433,4784.0,TOI-2337,1,262.9478646392174,-698.8245863433835,1338.942604332801
295.3708312,39.1772925,1904.397164599795,2.56,1.6855863417299641,5307.0,Kepler-819,1,632.5489344505437,-1333.897117764596,1203.0498265992655
329.5639152,71.1316048,2057.3280426657407,20.88421891,2.21040970150545,5520.0,TOI-4329,1,573.6446111016357,-337.0411118749353,1946.7752372061364
134.7226445,-13.3125792,1120.1914089378308,19.72780603,2.374509920734459,4800.0,TOI-2669,1,-767.0697091659667,774.5323031012407,-257.9390730208383
73.7382202,-62.521874,119.32682052156122,1.3,1.3686445759712935,3383.0,TOI-206,1,15.417855831981537,52.855814317106024,-105.86521010324745
106.559098,-47.5878156,118.30162602072538,1.35917743,1.6811657298242209,4590.0,TOI-500,4,-22.740381742875936,76.48047125029692,-87.34350161671074
82.2900716,-0.3428983,100.1318557627597,2.16017407,1.6300288355943346,4665.0,TOI-544,2,13.433239343607351,99.22488352983409,-0.5992559739619223
145.645472,-62.4758857,101.8637714656685,1.27,1.588961504021594,3920.0,TOI-833,1,-38.862057259165105,26.56412829670553,-90.33446479960726
309.9712091,-65.4496994,159.02799146652532,1.72,1.5751041121625158,3921.0,TOI-1075,1,42.446655014653054,-50.63760728867488,-144.651361127444
232.946047,47.0555507,75.12070000500553,1.36,1.627919912838472,4266.0,TOI-1411,1,-30.838708069119832,-40.84426844037749,54.989447982681405
287.2921006,74.1742762,100.27458970484163,1.18337788,1.3174511836633465,3328.0,TOI-1442,1,8.128445134355845,-26.11011109009002,96.47374678654943
90.3083455,34.7730904,70.24776901275243,1.41,1.480354295685435,3499.0,TOI-1693,1,-0.3105340258661411,57.70188736234524,40.06425856934111
226.4567308,64.0476821,113.87658429500519,1.31,1.772471662610759,5752.0,TOI-1860,1,-34.33144924349026,-36.123125171802116,102.39310460847152
247.6669998,49.0467891,274.2336806457404,1.62,1.772471662610759,5534.0,TOI-2260,1,-68.30089477350425,-166.2619621940114,207.1136386166921
20.9224567,-8.7017944,153.4604991617884,1.74890881,1.6678017597624222,4099.0,TOI-2411,1,141.69202834014624,54.17056711809307,-23.217311772568
52.2917315,-31.3628665,63.646686092939554,1.99844,1.6401224283008093,4072.0,TOI-2427,1,33.240962886688195,42.99595502650645,-33.125320954484934
43.3161555,0.0523366,121.74576998625581,1.25,1.2625683596949093,3333.0,TOI-2445,1,88.57967133617284,83.52042844876256,0.11120816984304954
239.5775678,35.4081141,26.86244104346294,1.09,1.3320152555737954,3384.0,GJ 3929,2,-11.086555688807527,-18.879637311689766,15.564007091733913
326.8516615,62.7538164,97.08840911130913,3.14,1.5869126079438167,4065.0,TOI-1759,1,37.21484903952832,-24.304818931271665,86.31622078988485
225.686732,-3.0314874,269.8329586991984,18.14733975,2.1487447714980976,8000.0,WASP-189,1,-188.23639513568006,-192.8036587572537,-14.270049632145755
129.6883026,-13.2565267,72.48258300652593,2.79,1.6216792738837174,4511.0,HD 73583,2,-45.05472105854569,54.29122284498581,-16.62107311910552
259.0172522,72.1611806,467.68015273794106,2.35616,1.908138124509192,6453.0,TOI-1670,2,-27.29472138273515,-140.6452557756999,445.19505329395867
186.7673635,-72.4518501,272.46760144350975,6.45224486,1.4633718398862752,3050.0,TOI-1227,1,-81.57857339975497,-9.68053007756309,-259.78802423487014
296.2351072,39.3702865,2659.2686342338884,4.631,1.7422466328003265,5831.0,Kepler-818,1,908.7695077746804,-1844.010425328027,1686.853046960726
142.1734459,-12.1671652,76.69945900332745,3.76,1.553395263317391,3708.0,TOI-620,1,-59.22179029975415,45.98110598606054,-16.165533006793222
296.0818498,39.161614,4278.9167089051525,8.02,1.7605589407881164,5926.0,Kepler-817,1,1458.6572567556898,-2979.8788656018764,2702.1785942829433
251.1158702,70.4299917,471.60316473633867,3.28198793,1.7437207296890413,5141.0,TOI-1246,4,-51.127007936961846,-149.46485090147036,444.36002564783576
65.280648,48.8198312,169.03963389490818,3.17138532,1.278126610816431,3181.0,TOI-1696,1,46.54300487443384,101.10178745195584,127.22647168967063
281.1763433,36.5631318,77.6838310176855,2.09,1.3507400826183213,3366.0,TOI-2136,1,12.094120923868942,-61.21240963920339,46.276892147436946
287.7411441,-60.2726358,150.50275077982312,3.207,1.8328314144943818,5985.43,HIP 94235,1,22.74113405815869,-71.08111980253565,-130.69580414711092
94.2838373,76.21102,216.26024894484507,5.34,1.7844694940870127,5665.0,TOI-1710,1,-3.8502720887377393,51.40090627977432,210.0276589217404
297.2158166,64.3543506,857.8157341461103,17.02644168,2.073040656421589,6054.0,TOI-1181,1,169.79615591157253,-330.1633710768895,773.310576408617
340.0846204,69.5037313,696.3642477323535,15.24421375,1.8513217907144042,6520.0,TOI-1516,1,229.24762384213625,-83.05608746465262,652.2809048390463
16.1849423,74.3313055,819.7408036731018,16.25284937,1.8867412958949554,6081.0,TOI-2046,1,212.61661491689034,61.71024808193739,789.2787882298443
90.6436658,-0.5771099,1033.9633156918717,13.77583728,1.7776567711876927,5470.0,Gaia-1,1,-11.614800816942987,1033.8456244325953,-10.414386207969313
110.7353308,67.2526565,586.8528611350192,14.81827249,1.8231206846168477,5720.0,Gaia-2,1,-80.34044960175635,212.21897203945107,541.2068002960278
155.6078632,-82.2188693,795.554204237963,13.89817396,2.0261253778546395,6501.0,TOI-1107,1,-98.09539775637252,44.481814251734086,-788.2291246969955
65.2383065,-68.1026875,385.2940055597852,2.199,1.9485123778718023,6120.0,HD 28109,3,60.18518377453928,130.48170759874694,-357.4964871945511
293.3628165,39.2124394,2829.101758828723,10.24,1.7313332277641686,5286.0,Kepler-816,1,869.2458329613003,-2012.2905357567647,1788.5511576108026
99.2915429,17.5662696,10.058631716009437,1.24,1.4612544204228288,3803.0,HD 260655,2,-1.5483163371076845,9.4637631753133,3.0357824494090986
69.5523415,39.4580035,307.40991274141396,11.61024861,1.5212709941924725,3538.0,TOI-3714,1,82.91799997418043,222.39339847785166,195.36283179109847
359.7933851,39.3142556,357.73158915775946,8.29464572,1.5959188979486942,3865.0,TOI-3629,1,276.7689050344972,-0.9980635223180476,226.64921565394158
316.0969388,24.6536739,214.5986868888448,2.82,1.4722776658396697,3400.0,TOI-4479,1,140.52697580838307,-135.2465922457745,89.51605872954734
264.3022634,53.0255666,161.591412000386,1.94792902,1.5269530523527663,3742.0,TOI-2081,1,-9.649120052931966,-96.71037304023122,129.09602108857544
199.1962036,49.8610591,379.39066868544376,4.13204907,1.7031664692916617,5065.0,TOI-1272,2,-230.9730390249937,-80.4161624366634,290.0378864012546
91.5403204,-19.9534443,1111.6244772011087,11.88151954,1.935297818803499,6300.0,TOI-5153,1,-28.087191529289733,1044.5163373603857,-379.34905953736074
46.2926368,-21.9336472,1089.6614004336964,11.6348,2.042540238186703,6207.0,NGTS-20,1,698.4299021823889,730.6771259036685,-407.0240496749273
354.240829,39.6392793,430.25664492149315,3.96,1.8054569415869257,5840.0,TOI-1422,2,329.6579476184384,-33.24811214519936,274.48311625649944
289.3143526,-2.7747085,3233.021443649712,18.83108758,2.0024573337179334,6390.0,CoRoT-35,1,1068.07077131531,-3047.483891026532,-156.5069215548525
277.7510149,7.1833465,2661.935124308076,15.80466279,1.9689129631460673,6730.0,CoRoT-36,1,356.1933021630671,-2616.9119752115384,332.86130972773753
162.7766969,25.641065,219.49159484256575,1.46954368,1.8102820523263374,5908.0,HD 93963 A,2,-189.0034542463296,58.59058959367796,94.9810365312667
79.5209381,-80.964384,179.3335594744673,2.3216,1.8477204113675578,6086.0,TOI-128,1,5.122369898026732,27.69431241400173,-177.1081927532596
336.4024144,-34.9097131,103.86523138780302,2.3337648,1.652395497226646,4356.0,TOI-139,1,78.05280546077012,-34.09651541881093,-59.44050375997688
290.5523552,48.1262575,1541.0509780411996,1.78,2.0859659473345182,5720.0,Kepler-1743,1,361.1169715640673,-963.1672634583463,1147.4935609284678
298.0794448,44.746248,1234.8533773397035,4.98,1.8196484738321974,5356.0,Kepler-18,3,412.81478918406196,-773.8014073120943,869.2975298481026
51.7822676,-78.5498308,987.4459475898393,17.33058674,1.986663068961335,6979.2,TOI-159,1,121.27020583144095,154.00884084959497,-967.7935283568287
285.2211238,47.8813037,3626.9729142194224,4.432,2.3215772182887675,5074.0,Kepler-815,1,638.6398400010303,-2347.16463169155,2690.33266845962
20.4384281,-46.7147234,46.16076486377205,2.10604759,1.5304684744203585,3703.0,GJ 3090,2,29.656881012611453,11.051942648882017,-33.602681218886104
44.2620144,-56.1918694,92.74530187972525,2.53402863,1.7078957787327678,5058.0,HD 18599,1,36.957024590636394,36.01704624925204,-77.06258322719077
352.1725409,-34.4914099,259.7078239679837,7.43984344,1.7093902860770487,4983.0,TOI-181,1,212.0596615288953,-29.152104046226448,-147.06804075703715
80.1058735,-59.8954326,277.1839014770076,10.05196383,1.7455110852701348,5350.0,TOI-199,2,23.889231533982468,136.96202070081017,-239.79496395938364
284.9105256,48.4315896,5932.980166325459,1.78,1.8110345668862156,6341.0,Kepler-814,1,1012.9314854721059,-3804.0639017849467,4438.842336790893
7.9754636,-56.9650808,495.7405455707597,2.50121142,1.9507169721830393,6302.74,TOI-205,1,267.6389899502936,37.497336269581254,-415.5983750616297
19.3941777,-66.903066,309.36997113470926,2.3947209,1.6762177529206554,4806.66,TOI-209,1,114.47557333433745,40.300138128727696,-284.5716447864598
283.5329505,48.0943604,1795.8643595932044,2.87,1.8235046714103924,5864.0,Kepler-1667,1,280.68100361668,-1166.1656193763115,1336.5645216189553
288.8552821,48.208517,4273.936944597223,3.07,2.0362028412928836,6306.0,Kepler-812,1,920.4924644447308,-2695.4012856122604,3186.54084216934
349.2310814,-18.6066463,214.2729755605646,1.559,1.6834293239978946,5059.0,TOI-238,2,199.49685577488,-37.94391240731198,-68.36791720347537
10.5697537,-36.7179743,44.88281837219073,1.03,1.4222028907690818,3450.0,TOI-244,1,35.36707885165407,6.5994467259451755,-26.8343887846054
285.4241593,47.8345586,2832.9929234972446,2.16,1.7680999213478592,5956.0,Kepler-811,1,505.784687314452,-1833.220119240931,2099.8416009484986
4.7730178,-9.9661505,39.53101934707049,1.71,1.5937026961695424,4026.0,TOI-260,1,38.79948416114907,3.239683828308733,-6.84148873709509
15.2181412,-24.4239934,312.5778658167938,3.04498627,1.8987259753835741,5890.3,TOI-261,2,274.62531939974656,74.70742745125901,-129.24649483364564
32.534687,-31.0706272,108.28303508400586,2.07,1.7327733487312433,5310.0,TOI-262,1,78.19256826637606,49.88073602568628,-55.88425653480563
26.2092533,-18.4013844,275.5162594762128,2.08361012,1.7631994592244093,5784.0,HIP 8152,2,234.55041665516453,115.4601685571673,-86.97275872020536
290.9274282,48.4434588,2401.0823309268035,3.26,1.8106386792894882,5806.0,Kepler-287,2,568.9170922636441,-1487.7092180600941,1796.7334205491354
19.0766985,-20.9532772,168.32162136678824,4.25566447,1.5329081999431726,3748.0,TOI-277,1,148.55828410178805,51.37526625730142,-60.19291039041257
290.6761874,48.2942362,3533.081195320505,1.37,1.7583142678672645,5970.0,Kepler-286,4,829.9563413701541,-2199.179485582959,2637.6968730955246
118.5693065,-65.441482,220.52837019062937,2.34,1.7313332277641686,5213.0,TOI-283,1,-43.83211889593397,80.49636560693178,-200.57876890663965
90.9842762,-60.6663348,152.5719586582399,1.4896211,1.7014110500221729,5245.0,TOI-286,2,-1.2839570991721376,74.73317552089212,-133.00942259683217
293.2609013,44.8688656,2096.4047164239487,2.29,1.7767971411933234,5745.0,Kepler-69,2,586.7586449476314,-1365.0016046148933,1478.9853437483966
291.3908469,48.0655392,2367.6426345566983,1.4,1.707063299769716,5400.0,Kepler-285,2,577.0903849348479,-1473.2538467178574,1761.3124185440154
296.6148615,48.0825642,4204.017579459732,1.93,1.8137950958364613,5803.0,Kepler-810,1,1258.197013703344,-2510.93442479571,3128.2442995217443
289.0836324,48.0180689,2764.5616972285175,2.7,1.7546969530060337,5908.0,Kepler-809,1,604.5937232907281,-1747.5768975156352,2055.052990754765
351.3210955,-15.6346313,804.4540853324825,4.94057819,1.9722873512325678,5614.0,TOI-329,1,765.8185925647559,-116.89816231456734,-216.8019334271135
348.0589516,-44.8764852,626.2943315809011,3.2,1.7408395611469554,5251.0,TOI-332,1,434.2070068980578,-91.82671045251398,-441.9012561404051
293.1465698,47.7297053,2968.804414148781,2.57,1.7408395611469554,5487.0,Kepler-284,2,784.952167390177,-1836.1576601046481,2196.855660169273
353.3574989,-41.1715206,1000.9839579990695,4.78648335,1.8473585220905604,6150.0,TOI-333,1,748.4249358744787,-87.15837003492821,-658.9631386243238
293.2822344,48.2859173,2436.29679213456,12.41,2.380153457873142,4976.0,Kepler-432,2,640.7751602527303,-1489.1340922680004,1818.633802779821
293.6137413,47.838938,1336.321865537371,3.44,1.6634861535426746,5189.0,Kepler-283,2,359.2949598784092,-821.8563408010659,990.5631808240876
47.1499034,-77.3833275,1128.211145643042,10.77183045,2.23296815445808,5259.9,TOI-375,3,167.5941227012573,180.66806391181152,-1100.9685053949268
298.9368228,44.8578644,1124.13179220707,4.95,1.9530104030320625,5613.0,Kepler-463,1,385.5521460143755,-697.3668389243345,792.9068803605314
49.2626428,-42.2441492,71.01500014159032,2.08,1.4333192570227917,3392.0,TOI-406,2,34.30774827869661,39.833873076481815,-47.74276080079996
54.819538,-42.7630276,162.84967105168013,2.74,1.8573722420635024,6040.0,HD 22946,3,68.88437625466834,97.72055621131996,-110.5696656565261
64.1839982,-26.7664071,147.2679306279341,3.29701974,1.7037178686254661,5229.0,TOI-444,1,57.26080249256647,118.3652842556888,-66.32272138876156
38.2712534,-10.352178,113.00251985049137,2.24,1.6866605970438715,4757.0,HD 15906,2,87.27268468495987,68.85274456852461,-20.306342994782995
93.0578446,-14.6493167,178.52087352026047,3.29,1.7999160188445273,5283.0,TOI-469,3,-9.213463268743178,172.47157236442823,-45.14832337057665
94.0099043,-25.0314111,358.7999223145187,4.6131319,1.7269680740823845,5418.0,TOI-470,1,-22.733888913177854,324.30413186417445,-151.81365091325648
88.3784618,-16.2653974,138.9682269409922,2.81449145,1.9635098248600347,6212.63,TOI-480,1,3.775042476746332,133.3525481738465,-38.92319422868353
96.6467023,-38.6072095,176.22062773965024,1.54,1.7501298226802984,5277.0,TOI-512,1,-15.939053870735421,136.78063555055732,-109.9577825396993
123.3442567,12.2221079,157.53203552588178,1.96530324,1.4431964748448507,3439.0,TOI-521,1,-84.62772595301251,128.6167902762746,33.3498347219036
60.7483361,9.2077676,113.16465171167975,2.62,1.9382071115951987,6220.0,HD 25463,2,54.584988206528855,97.4618706602193,18.108043155724307
296.0071956,44.8535698,1028.8561620644375,1.86,2.064829511105788,5662.0,Kepler-806,1,319.8162493978779,-655.5115314694164,725.6495028246482
293.2300178,45.053364,1829.6543765919484,3.144,2.000719537367228,6112.0,Kepler-805,1,509.81412449999095,-1187.7664825638544,1294.9654355002176
286.9668086,44.9924315,1919.646245186924,1.95,1.7318138320660608,5767.0,Kepler-1742,1,396.1641302199103,-1298.4843517488264,1357.215560200659
133.4086892,-40.543701,1024.5480868957175,19.1536,2.0146598491802714,7437.0,TOI-615,1,-535.0278919570103,565.6042863485291,-665.9847809476457
125.3050544,-46.4842959,338.0615201414398,9.2362001,1.939654029607548,6400.0,TOI-622,1,-134.5266409521911,189.9632532245382,-245.1573712920159
293.3722109,44.7851812,1861.9649403573483,1.9,1.8102424078947394,5775.0,Kepler-804,2,524.2565811165966,-1213.0993847807301,1311.6624409201077
284.6772402,44.7976401,3853.754855056678,2.3,1.7487496731023373,6102.0,Kepler-282,4,692.8816600392599,-2645.3885857273235,2715.374876247799
164.7245509,-5.5475446,148.30441645481702,2.37126,1.4527874083523045,3433.0,TOI-654,1,-142.3948105927389,38.88923804049706,-14.336841384745997
160.0658525,-8.5110827,167.0523605106277,2.27,1.524131077526539,3681.0,TOI-663,3,-155.31395534578024,56.32758429607665,-24.723868515871203
285.0360506,45.0709909,2458.8707585932357,2.90799999,1.8188728494786557,5478.0,Kepler-1991,2,450.50197624650207,-1677.0746792332213,1740.8371253904422
158.9007013,-5.1813735,394.72081520316704,2.76254271,1.793324095668539,5818.3,TOI-669,1,-366.7531472684721,141.51310415565288,-35.64677089940224
167.9908627,-39.3281151,174.80081586952912,5.2604,1.548986760518881,3765.0,TOI-672,1,-132.25432997111932,28.13357069466615,-110.78185606186393
283.1510448,45.1400838,408.21250222348635,2.16267,1.9439643041166978,6304.0,Kepler-410 A,1,65.51253848845185,-280.3915415871878,289.35469182081584
299.2216728,44.6939033,1833.3631429166328,3.2,1.7746401234612534,5642.0,Kepler-803,1,636.2532831862305,-1137.430698028768,1289.439250457999
167.88543,-22.0727803,221.84134874507458,3.74186,1.8292216025271144,5085.0,TOI-682,1,-201.00365716774087,43.144916511797064,-83.36444084510582
283.2568116,45.0876823,990.239826983532,4.53,1.7156476998923782,5305.0,Kepler-421,1,160.3224414973483,-680.5024296908981,701.276031874389
69.7042208,-36.6813257,252.5786544145858,2.35859364,1.7845324069444004,5681.95,TOI-697,1,70.26149857367282,189.98452233260048,-150.881343306978
286.0157998,45.0077413,2241.049498298445,3.5,1.7216005319712386,5639.0,Kepler-802,1,437.15281287470856,-1522.947890075091,1584.8753882041551
98.7295889,-67.5372743,360.24463300617947,2.416,1.7886704962419435,5424.0,TOI-707,1,-20.89027011183182,136.04859543130087,-332.91225856910387
92.9361063,-65.8258386,150.81138035844245,2.20963779,1.6634861535426746,4504.0,TOI-712,3,-3.1634387437178706,61.677945391099634,-137.58595914287937
113.8523276,-73.5774089,103.861467612454,1.71453082,1.1967147689317819,3075.0,TOI-715,1,-11.874107393630373,26.85575060419215,-99.62418726244545
293.6413146,44.6570692,1846.0123233011338,2.91,1.701928132838338,5324.0,Kepler-57,2,526.5727068510223,-1202.912226298412,1297.4917564289321
159.4093183,-40.888259,198.8371538118881,1.94753,1.772471662610759,5969.0,TOI-733,1,-140.7155967244011,52.865398597808245,-130.15599949907426
192.103738,-45.4704709,230.58807313500736,2.81,1.5185040911591448,3657.0,TOI-756,2,-158.11126128386894,-33.906906860317726,-164.38372849678694
187.9948428,-35.5544523,155.79288179345562,2.17884,1.6855863417299641,5499.0,TOI-757,1,-125.51545648929265,-17.628526359126322,-90.58988496625716
166.0747423,-47.8214964,266.11203248492495,8.33948164,1.4480066063480659,3266.0,TOI-762 A,1,-173.42766884504633,43.00015219340478,-197.20406796913375
164.1138903,-72.9851736,54.27807020687704,1.39608687,1.2175746434613044,3231.0,TOI-771,2,-15.276202349609411,4.347537042968494,-51.902268436133674
199.3338503,-15.2737046,449.3708332708812,15.2453,2.00982246832458,6780.0,TOI-778,1,-409.0514309602177,-143.51913453819182,-118.3779145169095
286.0751815,44.6646277,1256.2171452630803,1.55,1.5061789188581765,3822.0,Kepler-801,1,247.39875072949224,-858.5286657832058,883.065062279625
183.9203614,-18.9103377,133.12453142987363,2.59266525,1.42983100383247,3331.0,TOI-782,1,-125.64469528495796,-8.61045540050322,-43.14407807532125
159.3412205,-63.6556923,168.1204041462062,1.84303,1.7546969530060337,5849.0,HD 307842,1,-69.80853981585312,26.32107102539166,-150.66001221007
286.5747697,44.7951858,2932.0641763187696,2.91,1.7186349524937334,5626.0,Kepler-800,1,593.5481195310765,-1994.224681078346,2065.8579053824
98.4691249,-52.4602958,440.05693688796975,2.06631784,1.7616851546856611,5662.81,TOI-799,1,-39.48945998550486,265.207679827824,-348.93491773340514
133.7485497,-44.2886304,265.3563822033148,2.20344362,1.7231724393695076,5078.2,TOI-808,1,-131.34971310715417,137.21665340035798,-185.291263885554
155.8719377,-43.8349248,153.9686088339056,2.94,1.690929606204274,4869.0,TOI-815,2,-101.36027862699284,45.40023463890619,-106.6360404255469
195.8281644,-49.6397727,730.304815745058,14.39233122,1.8773658790798913,6000.0,WASP-108,1,-455.0069725870067,-128.99560213071786,-556.4835248491762
225.0798831,-24.4542022,60.71586318077877,2.587,1.6310048626641036,4552.0,TOI-836,2,-39.02669460030639,-39.13567044673126,-25.134288313901152
60.1998256,-54.5929177,706.3093002891768,14.06727078,1.9075135958748355,5842.0,TOI-858 B,1,203.37417780232076,355.10882627451196,-575.681763633481
294.1081465,44.7706524,5034.538038397242,4.9,1.726495846908477,5675.0,Kepler-281,3,1459.9094094885386,-3262.423810465992,3545.6774609459526
74.7376264,-50.6274153,178.10193637179697,1.664,1.662918045165374,4929.0,TOI-871,1,29.74103456427494,108.9960894916778,-137.67942140331786
94.1644734,-13.987337,156.7370103636973,5.0445,1.7166458784388943,4935.0,TOI-880,2,-11.044717162822902,151.68806525722508,-37.88450209601311
103.3690609,-6.5078349,278.24644421015296,7.17665,1.8018307125752475,5651.0,TOI-883,1,-63.92229791053863,268.9618781792005,-31.536195581379996
297.7119299,45.261985,1786.5707296929418,2.31,1.8273248292317663,5977.0,Kepler-115,2,584.773784960288,-1113.26665352641,1269.0594748729852
89.3712733,-83.1297264,114.52829647274638,2.426,1.5359342242109721,3770.2,TOI-904,2,0.15033272602851655,13.69925119170415,-113.70593040737747
262.1834072,-62.840383,885.9282407914537,9.6158851,2.0931305037165515,6272.0,TOI-907,1,-54.999472846375554,-400.6430065472312,-788.2443067496625
53.1594266,-81.250745,489.91827462701247,3.186,1.8090512834627321,5626.0,TOI-908,1,44.68252014990358,59.640261143153076,-484.21733494097333
290.2379403,-82.5597883,17.226886628800983,1.04079541,1.2882342084522287,3194.0,LHS 475,1,0.7716553175328381,-2.0930198239172335,-17.081845304567505
229.3285665,-80.4733446,56.67646366774239,2.25248677,1.4494131822413885,3566.0,TOI-912,1,-6.113344808296456,-7.114591011819052,-55.89482215617419
234.5723244,-80.8034265,169.79152040116935,2.48270736,1.6705412089880167,4948.0,TOI-913,1,-15.730315093964606,-22.112076058665664,-167.60899044968048
99.6742038,-56.2205396,832.3262893978504,3.53409617,1.851912980486563,6011.66,TOI-921,1,-77.76669915829135,456.1905225297274,-691.8161603192515
45.9071657,-39.9307758,312.3636201430806,2.68983343,1.6620154029363894,4457.16,TOI-929,1,166.6682690843757,172.03135803029986,-200.49421718234083
63.0323442,-12.1188357,603.6595656742795,4.82401567,1.791641320691272,5829.42,TOI-938,1,267.651269689424,526.0290838149251,-126.7322849337512
78.3005249,6.5459146,743.6488469632238,6.51165317,1.8671120035501028,5745.88,TOI-941,1,149.81280177600297,723.4520332812573,84.77551270839368
115.1366858,2.0985879,204.76133621123944,2.765,1.6346763296681845,4435.0,TOI-969,2,-86.9200118411075,185.24549595230573,7.498171639689643
292.4782785,42.1422821,2796.029754358099,2.39,1.901849478752847,6224.0,Kepler-798,1,792.654094860346,-1915.6901186264254,1876.063229892321
113.9847611,-32.8419988,133.43663526266127,1.44656,1.772471662610759,5413.7,TOI-1011,1,-45.571744986855045,102.42912447545999,-72.3659184165051
157.8671116,-42.2404483,513.852990634948,5.98375,1.8654181500819949,5771.0,TOI-1036,1,-352.3886344567596,143.32586778784395,-345.4342801648987
293.7583002,41.871807,2624.4015984429643,11.34,2.3872691819957415,4840.0,Kepler-56,3,787.3206306438985,-1788.619316612937,1751.6994361794918
291.3905325,42.1804735,2240.4009708536914,1.42,1.7342084136751554,5741.0,Kepler-280,2,605.5174334193978,-1545.8502268992738,1504.3577446946626
337.5102738,-75.6465606,356.90066336916897,3.0629855,1.9847376714382752,5958.2,TOI-1052,2,81.74782488329494,-33.843885727224304,-345.7599861740592
302.1141738,-54.3175014,237.1266194797904,2.43432,1.8619393723892377,6122.0,TOI-1054,1,73.52902013568486,-117.15091287113651,-192.60887953897335
276.3683249,-52.214573,55.08930855518036,1.2305102,1.1398749076505652,3296.0,TOI-1080,1,3.7439281141968794,-33.54527324282281,-43.5376798006962
297.2089078,41.781645,3789.0468711716703,1.94,1.7245447505468423,5589.0,Kepler-797,1,1291.8991279495588,-2512.802825650105,2524.617752164442
189.7758591,-74.5740205,211.42235001545592,2.16591,1.7895055402742792,5876.0,HD 109833,2,-55.42032880839616,-9.548707357785513,-203.80583757248607
287.391295,42.194822,2984.583318496579,3.57,1.8242715645277867,6781.0,Kepler-279,4,660.9107075797488,-2110.0920435377243,2004.6062429946883
146.0539694,-89.4715133,211.32507089874287,2.90726,1.6855863417299641,4664.0,TOI-1105,1,-1.6169856168169123,1.0884559105987957,-211.31608128962733
273.6020606,-66.4199742,466.3222984004884,2.46,1.8177066463718359,5635.0,TOI-1117,3,11.719808617350367,-186.17417837423352,-427.3854318740473
193.3963704,85.1294952,311.2837061390936,9.06883,1.8548917165648964,5962.7,TOI-1135,1,-25.710108593698422,-6.123290726179305,310.15970295070974
192.1848981,64.8552755,225.84079433517525,4.62115423,1.7799260859064807,5805.0,TOI-1136,6,-93.79929235544172,-20.254247189055384,204.4395328950982
197.6830975,70.7680117,364.28055826504755,9.39131,1.781077325974338,5429.6,TOI-1173,1,-114.32229704538162,-36.447741931857195,343.95101342521286
209.2171751,68.6182106,255.0861973605726,2.562,1.6855863417299641,5030.0,TOI-1174,1,-81.16774852446349,-45.39505746524836,237.52905809831614
214.5557741,82.1937642,189.61474612207581,3.03617429,1.676064189391249,4804.0,TOI-1180,1,-21.21043440406897,-14.607947945356287,187.85759839877574
272.2045196,60.6787845,150.73436772437796,2.32390276,1.6474995849045353,4466.17,TOI-1184,1,2.839430767263544,-73.7607911436118,131.4234870031015
167.8214811,69.9647749,414.4082554903283,8.76741,1.7936553618229116,5339.9,TOI-1194,1,-138.7802073717607,29.950884189781096,389.3291676674619
166.8806581,61.3525723,700.3393735432759,10.5140239,1.9496415330419778,5710.0,TOI-1199,1,-326.99220128249607,76.20984168347782,614.608329317131
168.2267358,-34.4069371,169.26285472522292,2.9641461,1.8630592898334704,5742.22,TOI-1203,4,-136.71163963922118,28.493978393168792,-95.64483662078825
300.1023512,45.7621918,3420.6022166210614,12.71,1.9516100799370246,5763.0,Kepler-44,1,1196.8609420282976,-2064.498207384955,2450.691853641408
107.9210254,-65.5088568,381.81975139146266,2.91,1.8102424078947394,5592.0,TOI-1221,1,-48.70501548639909,150.60464971376342,-347.4656580206202
103.7548364,-69.8671293,727.8525713445838,2.4101112,1.792391226535323,5434.91,TOI-1226,1,-59.56696288784483,243.34111422411547,-683.3785515169513
107.8436846,-68.8333403,769.2164624302708,2.94821768,2.038023574422136,8208.0,HD 56414,1,-85.10854155626676,264.3893275338236,-717.3205599410336
118.1295936,-83.8250629,395.50541760284665,3.23968384,1.8558892795960453,5696.0,TOI-1230,1,-20.057324506072426,37.51737939812567,-393.21073908269256
116.501399,-61.8797935,932.4687705879415,10.92875618,1.826182525987168,5823.0,TOI-1232,2,-196.11083552058915,393.31343418000694,-822.4008090990262
201.3823387,68.8360678,185.8240453032552,2.5248559,1.6045080960721478,3853.0,TOI-1238,2,-62.47158130924762,-24.46013346345591,173.29044755132415
135.7326412,71.6364158,106.12465468193547,2.33,1.5233319493899558,3515.0,TOI-1243,1,-23.941867503463175,23.337276086704144,100.72040933524649
256.279559,69.519093,277.9974559947565,2.42147733,1.6637988441955054,4667.2,TOI-1244,1,-23.07095610821765,-94.49434210615078,260.4249140035089
227.8678636,71.8412965,194.96364993538913,2.5320132,1.8264112421611864,5698.0,HD 135694,1,-40.76070158323527,-45.059929453116624,185.25386031133482
259.0235918,63.1056072,469.6141542249741,6.8084859,1.7401812664270386,5205.0,TOI-1248,1,-40.447452764654045,-208.54251430287755,418.8215337605302
200.5615762,66.3085331,384.94368493114604,3.2710301,1.7888794172338005,5497.0,TOI-1249,1,-144.8212490013045,-54.323915059417786,352.5015725620082
249.6966397,64.559181,479.4665600039754,2.40144286,1.732341844943001,5499.0,TOI-1269,2,-71.46916792096742,-193.1714476419039,432.9724379387925
214.1208564,58.3902534,493.88471480251405,9.34848,1.8254192131385143,5736.0,TOI-1273,1,-214.29900800327582,-145.2051303349072,420.6108852714052
290.1072124,38.7022694,1263.75627680834,4.23,2.237871859167831,4991.0,Kepler-278,2,339.0483903588927,-926.1320173650787,790.1933956815961
185.0628734,56.2014094,291.0374899731939,3.22647351,1.726791599861143,5477.0,TOI-1279,1,-161.26528278952773,-14.287219897648901,241.85161666672153
287.3078999,39.1447097,2348.1694399432504,1.95,2.012248314683024,5356.0,Kepler-796,1,541.7987152339274,-1738.6710284412075,1482.3551955295522
313.1670294,65.6087833,313.64909418535996,4.96846551,1.780352849269186,5388.0,TOI-1288,2,88.61232839753146,-94.47142792879262,285.6549646765478
245.8180089,62.9251213,1220.5973544023532,5.05452,2.04028814482202,6229.0,TOI-1291,1,-227.57773461634898,-506.809408936827,1086.8350837611097
223.0926408,70.4765573,944.1770071351887,9.43435,1.9847376714382752,5714.0,TOI-1294,2,-230.42082310850628,-215.56848676733563,889.8913937068959
256.6722026,67.8715032,1105.0899841528553,15.69257298,2.0146598491802714,6280.0,TOI-1295,1,-95.9595308590901,-405.05950082892923,1023.6905989118392
275.8625432,71.5817479,244.1764602296783,2.477,1.6702425703723875,4820.0,TOI-1301,1,7.8800556006768545,-76.74437018298357,231.66862130906526
291.0189951,38.5455728,1405.8880148344167,1.76,1.7928287611131686,5616.0,Kepler-795,1,394.3884247558604,-1026.3997642988502,876.0607310688645
288.1336793,38.9968923,2677.0886629055763,1.61,1.8318623845611663,5993.0,Kepler-794,1,647.549536789771,-1977.2437421786035,1684.6336368707803
284.9219608,45.9723265,267.91574944064575,1.59,1.3445932914223693,3519.0,Kepler-504,1,47.94785850688184,-179.92374108529452,192.63254931817423
286.5831894,39.0772582,2808.6789347426006,2.994,2.030922599392771,6065.0,Kepler-277,2,622.2927210876388,-2089.678654604512,1770.5005643146374
256.6226752,68.8433031,315.3427930924172,2.70497972,1.6983515661673767,4965.0,TOI-1346,2,-26.332214407268044,-110.72542651922551,294.0876936593442
280.3266806,70.2900536,408.06484642133273,1.81434694,1.7265445051921686,5493.0,TOI-1347,2,24.670422460490617,-135.39414604668704,384.15714799646145
295.2167334,38.7744269,2834.8979728662075,1.51,1.8165371064847706,5776.0,Kepler-793,1,941.6142502830689,-1999.5161501811358,1775.371590791516
292.0068239,38.8207001,4108.128164414029,1.69,1.7895055402742792,5919.0,Kepler-792,1,1199.3530218446108,-2967.485294344717,2575.325294422401
334.5041029,54.3190454,406.27560552464655,6.2163865,1.8072580633285789,5735.0,TOI-1386,2,213.89192484024565,-102.00241420570141,330.0085144791895
293.5958044,39.0294267,3647.413109576387,2.41,1.852753504653339,6362.0,Kepler-791,1,1134.1560545857308,-2596.4988906393055,2296.8469576062466
313.5110469,72.5806455,384.9263136603044,8.3621,1.9607647748293109,6594.0,TOI-1408,2,79.33709915010157,-83.57158215025697,367.2733073658646
334.8828486,42.5603141,191.72072319044068,3.10083009,1.6833211737362057,4635.0,TOI-1410,2,127.86188597585398,-59.941564617366595,129.6733690723942
216.9234892,41.9529862,140.36632472256133,1.62,1.7029603402345106,4884.0,TOI-1416,1,-83.45301204096636,-62.711809838444374,93.83777919471798
322.9418092,66.3490054,565.6859676145139,12.09082297,1.772487751543832,5387.0,TOI-1420,1,181.09803732358642,-136.75574921253812,518.1717667828218
286.9171489,38.8722123,2016.9108858409213,2.14,1.6919899282298987,5196.0,Kepler-790,1,456.92803039259945,-1502.3105067350293,1265.7841197529258
300.6154535,53.3774418,100.28819720033422,2.045,1.7008933122560963,5037.0,HD 235088,1,30.467805831094797,-51.48654745624364,80.48956911654952
256.1387513,56.842549,280.15728400273036,2.24,1.8619393723892377,6008.0,TOI-1437,1,-36.709460806231746,-148.7674514942823,234.53947352844173
280.9237844,74.9378327,301.04913240157674,3.04,1.7166458784388943,5230.0,TOI-1438,2,14.825339029477869,-76.81515186038544,290.70641872354497
241.7639371,67.8776404,647.8752403897981,4.2427861,1.994553144451348,5841.0,TOI-1439,1,-115.42854480003564,-214.9483551170398,600.1797920523181
297.398678,76.1391776,229.5096067369239,2.11441,1.680172303484953,5236.0,TOI-1443,1,25.301712915131567,-48.81470908823031,222.82640571693736
294.5132465,45.9816453,3145.7887119067464,14.264,1.9189156881475817,5660.0,Kepler-41,1,906.9681993630046,-1988.9413772051005,2262.1908635978557
295.9751549,38.9466396,4266.467298135331,2.1,1.7928287611131686,6178.0,Kepler-789,1,1453.2952815161113,-2982.979169180807,2681.8857744159386
316.324003,57.7710946,193.4095002374262,2.749,1.4022597203138618,3412.0,TOI-1448,1,74.6009351685541,-71.23043308593253,163.6097816649684
286.8540627,59.0866254,46.07854084845508,1.13,1.500297466140655,3437.0,TOI-1450 A,2,6.863474049058172,-22.655641790730463,39.532854004621974
186.5242821,61.2589289,247.2653617064978,2.51948,1.8098457519570923,5781.0,TOI-1451,1,-118.12806827691129,-13.50970863403899,216.8026899225052
290.1739741,73.1951082,69.45592858355558,1.61849438,1.27060932568708,3248.0,TOI-1452,1,6.925250753775129,-18.848696339647177,66.48980044861828
258.2232705,57.1977779,209.0639104775263,2.12746,1.6577692224259528,4920.0,TOI-1453,2,-23.11587691265151,-110.87440285415948,175.72774877761287
290.0004154,38.5398551,5122.4077167377345,2.03,1.821581120040963,6317.0,Kepler-788,1,1370.3716917192417,-3764.9803474799705,3191.561565459522
307.3965319,61.5507253,231.7531063661182,2.40733,1.680172303484953,4201.0,TOI-1466,1,67.0506048833378,-87.70955312745107,203.7664177074001
19.1146441,49.2331382,89.49253141463323,1.92,1.507012260455015,3834.0,TOI-1467,1,55.21515873525611,19.135768929709364,67.77921342349995
16.6538724,19.2249195,52.717840564119506,2.126,1.3929026877154924,3376.0,TOI-1468,2,47.689929148275056,14.265824578350758,17.358790875984205
10.0891431,61.2133868,131.49771191555658,2.20071815,1.5062790096014433,3624.0,TOI-1470,2,62.34338526387707,11.092860519883347,115.24712143195993
293.568197,39.0363123,3295.702779269865,3.7,1.7869952729476462,5779.0,Kepler-276,3,1023.5620996417382,-2346.390310117986,2075.6757815344213
30.9050061,21.2813274,176.65577807423264,3.9,1.7837087069363515,5609.0,HIP 9618,2,141.2382855173963,84.54613155359456,64.11678618303681
14.1142611,48.6375168,333.84319653873484,4.15964583,1.7253751047187982,5133.0,TOI-1472,2,213.9505152585871,53.79727129838071,250.5639848354784
15.5981441,37.1854394,176.86568093023547,2.1916,1.7936553618229116,5958.0,HD 6061,1,135.71658948827712,37.888013916331225,106.8970290983908
291.6924773,38.5729105,1439.0266091766,1.47,1.6634861535426746,4894.0,Kepler-787,1,415.8474854717685,-1045.3780885944793,897.2475146979585
292.577073,39.120939,764.9373393796202,1.17,1.480354295685435,3712.0,Kepler-1741,1,227.84100932973755,-547.9708064821224,482.6443855346408
293.7439223,38.9392217,1386.1889937000276,2.39,1.666314911625875,4744.0,Kepler-786,1,434.13516358567296,-986.9311885310141,871.2137597044114
292.4797004,38.5149018,5870.675208240208,3.42,1.9143314840802066,6157.0,Kepler-275,3,1756.3479414766623,-4244.451749775913,3655.776067121875
284.5557853,46.0638865,1582.3656505261688,2.844,1.8876641655671815,6207.0,Kepler-465,1,275.93544522805615,-1062.6937336688454,1139.4835279427557
293.8045041,38.6390517,1516.9628158074963,2.62,1.6172534342305496,4523.0,Kepler-415,2,478.2428859116885,-1084.0909558284736,947.209969388189
293.873663,38.9224548,3055.1396302315966,3.32321414,1.7569615234059175,5705.0,Kepler-1740,1,961.9777540629498,-2173.522969970569,1919.4464983192358
352.0166759,75.5526069,172.44353441632225,2.417,1.7216005319712386,5504.0,TOI-1630,1,42.606149502359706,-5.9752589076804625,166.99037357752715
45.4011794,69.2299235,183.27770651905547,2.77433,1.726495846908477,4871.6,TOI-1648,1,45.63457223357567,46.27814654729107,171.3666731779871
277.9251938,82.3059487,335.73666506047067,2.255,1.8002086711146967,5977.0,TOI-1659,1,6.19764474056013,-44.52021538788382,332.71406325464045
45.9564744,83.5874273,303.25817901026846,2.3437,1.8254192131385143,5550.0,TOI-1669,2,23.546577477051123,24.346155191825726,301.3608245162546
284.3942844,46.2491109,1087.4552490368114,2.53,1.7636809171015375,5680.0,Kepler-484,1,186.94255507025278,-728.394828250943,785.5268129980022
292.313979,65.9738018,88.85297912648119,1.466,1.1610088071830913,3225.0,TOI-1680,1,13.735703478019984,-33.46784499227211,81.1547022740399
65.9796504,27.8223701,129.29185003985245,2.6382,1.6519711973873963,4402.0,TOI-1683,1,46.545626651685275,104.44334115458143,60.34464031541937
272.4041179,86.860343,303.7474698056406,2.88015,1.7977634759166157,5759.0,TOI-1691,1,0.6978475491624824,-16.621585465201747,303.29154508286194
97.7487104,66.3605956,342.06559807043163,5.3422266,1.7083879427965578,5058.0,TOI-1694,2,-18.49325292822138,135.9087461446413,313.36190850326136
21.9217346,72.2966148,111.75410451934079,1.9,1.52651913054099,3690.0,TOI-1695,1,31.526064697462434,12.687290592273365,106.46182310593018
105.0833291,56.8241941,282.6500613685018,3.143,1.885691093779522,5879.0,TOI-1716,1,-40.248493572028536,149.3403011153315,236.57681716428243
112.0180254,30.3217322,132.52290641639243,4.24332,1.772471662610759,5378.0,TOI-1718,1,-42.88623223873835,106.05107882776521,66.9048614741861
114.3452126,61.1539249,376.05248947204717,3.86469,1.832988946353755,6137.0,TOI-1722,1,-74.79135036908023,165.29657517912023,329.3915162570935
116.7971978,68.4766845,272.7165896589062,3.435,1.832988946353755,5777.0,TOI-1723,1,-45.10782896776741,89.30917647661818,253.6996118208838
107.865826,48.3279327,84.42562123131543,2.046,1.5451373276750542,3664.0,LHS 1903,4,-17.220602168725666,53.42493838519697,63.06276508192397
111.8014509,53.0452684,197.536335147032,2.49549787,1.6105693852288718,4201.93,TOI-1732,1,-44.104822340297346,110.2618247272164,157.85340781077855
43.4344615,69.101345,238.61446882737457,2.69175,1.9382071115951987,5656.0,TOI-1736,2,61.80911645370945,58.520437156736854,222.91670258633897
240.172481,83.2586589,186.59822494042973,1.695,1.6807169456863442,4922.0,TOI-1739,1,-10.89497748268956,-19.00253385381397,185.30812373909987
257.3288678,71.8766724,192.11418247500322,2.36507598,1.8480819805301598,5815.0,TOI-1742,1,-13.108566954336123,-58.30425471555711,182.583237079711
257.7473322,71.8722039,100.59277348242382,1.83,1.3543842723874597,3277.0,TOI-1743,1,-6.642200378672502,-30.58525176860664,95.5998411362003
294.2910707,60.881302,312.27386857706557,2.68,1.8513217907144042,6179.0,TOI-1744,1,62.51167092918057,-138.50555309810008,272.8066563607231
240.3019781,68.9373001,451.4467001364539,2.78943837,1.6902256250947678,4683.75,TOI-1750,1,-80.38089801432221,-140.93402140783192,421.2845070831839
243.4888534,63.5335297,309.2194201207486,2.56325,1.8954625689388938,6114.0,TOI-1751,1,-61.51498662092258,-123.3198891364937,276.81177927285296
253.4614861,60.7096197,279.35820554401613,1.80329353,1.535924140973035,3652.0,TOI-1752,2,-38.90505150196949,-131.01778355453573,243.6426571125399
252.4698351,61.1735768,637.3511454715878,2.47852533,1.7859447611597858,5621.0,TOI-1753,1,-92.56232075596716,-293.03214681113667,558.3734058365163
306.3287741,77.6364119,232.15148751075256,1.94225664,1.5626588777363708,3891.86,TOI-1756,1,29.447327480240475,-40.045512325681834,226.76755720406797
354.741581,75.6852317,260.83029758553255,3.5573684,1.714396539100183,5151.0,TOI-1758,1,64.21856332596722,-5.9103730447863,252.73204734140398
152.1027826,55.5399599,437.3672851193267,3.453,1.8367218847334936,5994.0,TOI-1768,1,-218.71650530834756,115.79082893893192,360.6185191195663
156.837704,34.3909497,264.1154944228623,2.83377057,1.795818911742332,5583.1,TOI-1772,1,-200.3809257994163,85.72733309883195,149.18211464436254
292.0683108,38.8422004,1839.964225836446,9.86,1.6010437800620707,4656.0,Kepler-785,1,538.4341818196294,-1328.1102705397075,1153.9844424831226
148.1619305,35.111008,137.3567520492519,2.9,1.8340039448371193,5853.7,TOI-1774,2,-95.45730969293376,59.273884075484446,79.00244316673395
150.1151015,39.4577506,413.1546287779253,8.69623,1.726495846908477,5251.0,TOI-1775,1,-276.57673494818556,158.9416895575447,262.56350905375155
164.7772913,40.9837182,110.3531115259647,1.21612741,1.770553854431375,5785.0,TOI-1776,1,-80.38215233616769,21.87356164571281,72.37448521542889
151.807032,46.1148814,212.03150257963512,1.81908,1.7895055402742792,5859.45,TOI-1777,1,-129.5454531581964,69.44119342507636,152.81771594915455
136.777644,46.6724251,269.0222993932565,2.705,1.908138124509192,6046.0,HD 77946,1,-134.51438279135556,126.41621900360622,195.69828299177246
213.0787718,74.4117909,256.9026532482439,2.38276033,1.6332685501151916,4484.47,TOI-1782,2,-57.84612152713423,-37.67887963366783,247.4532309342657
287.8872376,46.2761224,1310.6384415980465,2.802,1.8122199343046632,5933.0,Kepler-105,2,278.23983255317927,-862.1036149647697,947.1710918519477
295.9206663,47.4486164,3755.636126919635,1.78,1.9599409507445942,5676.0,Kepler-784,2,1110.1927294641114,-2284.2544520045403,2766.668830880628
203.3974857,49.0608433,432.13853259600114,3.33026651,1.9047574231870152,5707.0,TOI-1794,1,-259.87807272923425,-112.44574484077243,326.43996865575133
211.0939367,46.5192825,308.77355750248057,2.38362109,1.6986168204128136,5067.85,TOI-1798,2,-181.94293855825376,-109.72873865337,224.0479431618724
167.2329152,34.3030149,160.9625719959196,1.42238884,1.7783431759025932,5698.0,TOI-1799,1,-129.6787406335567,29.38395419985905,90.71359901810158
175.5755995,23.0270335,69.91453013377415,1.98891,1.553395263317391,3815.0,TOI-1801,1,-64.15202287679753,4.96371215649991,27.348145207100888
178.0461054,35.1718001,326.3156458407026,4.21693,1.6460897446698746,4868.61,TOI-1803,2,-266.5846256618464,9.094566397404614,187.9676220608519
166.1181474,30.4585763,141.83593423576178,3.4095367,1.4248323632163844,3272.0,TOI-1806,1,-118.69102573621304,29.333166834117243,71.89880370144415
188.9223576,27.2143766,352.3435999850525,11.7215,1.7116304300954515,4719.0,TOI-1811,1,-309.54815257730456,-48.59770664328463,161.13415713441304
236.8168817,77.2326429,1030.6685646555788,5.14079015,2.153822525140292,4971.0,TOI-1814,1,-124.66254891946605,-190.62690524993437,1005.1857152093464
187.6867207,27.4520016,700.56230485241,12.778238,1.9662149077285622,5734.0,TOI-1820,1,-616.0908779461259,-83.15335928374054,322.96298848555665
196.2197201,63.753261,188.51977701669284,8.20695,1.7166458784388943,4760.0,TOI-1823,1,-80.05219479558522,-23.287193521303497,169.08299456992899
197.7312286,61.7448492,153.15708096442157,2.45459,1.7166458784388943,5182.0,TOI-1824,1,-69.06011161559692,-22.081374614664234,134.90813662752348
245.9079242,54.6900774,535.9550375690935,8.00321222,1.983960818664049,6380.0,TOI-1836,2,-126.4540924904406,-282.7965887980959,437.359410727914
196.8331106,5.8520458,317.18414780162817,2.21895097,1.7304180378833762,5315.91,TOI-1839,2,-302.01136239329725,-91.37307759670679,32.3400880100195
257.9549645,54.5278483,117.888189774695,1.79020058,1.4347642867941457,3512.0,TOI-1846,1,-14.276115496740022,-66.90521117312751,96.00786703472511
211.4593468,16.9923703,459.1045353657982,3.46,1.7106199131118887,4985.0,TOI-1853,1,-374.5243370106376,-229.14343976298554,134.17070989517356
205.3539534,17.6868719,493.0595794375375,18.49481816,1.81418793960689,5359.0,TOI-1855,1,-424.5064451338317,-201.15255768759582,149.7987832083323
279.8317644,69.5228726,630.7326912809332,9.75181321,1.9234490497169126,6341.0,TOI-1859,1,37.67749807532955,-217.41075982247358,590.8779023645133
212.5684755,84.3718582,508.0596718092702,2.86356397,1.7860183849298892,5597.99,TOI-1873,1,-41.991033976561454,-26.82184499161135,505.61049417092653
134.0892456,-12.9306438,315.1082809360554,5.55217343,1.5091511557339148,3477.0,TOI-1883,1,-213.68570588884086,220.589377713297,-70.51222768658069
144.5553,23.5467464,211.74690325901338,9.70557571,1.9925123710402972,6303.91,TOI-1898,1,-158.14130960354086,112.57096788802704,84.5922834862128
116.3707214,-52.3832587,1182.9943434538752,14.6661,1.8254192131385143,5707.0,TOI-1937 A,1,-320.72811610985195,646.9324594457086,-937.063223638628
147.1745753,-51.756564,1473.8704832730684,11.5159,2.1237476618183226,7369.0,TOI-1994,1,-766.6561681820641,494.5578154095453,-1157.5599718672554
146.3970631,-66.6866307,489.8169422137697,8.14,1.8491647729823346,5611.0,TOI-2000,2,-161.4561630510274,107.28314792022617,-449.8253777465366
164.031654,-43.3766967,932.095288264847,12.49784019,2.12514277476772,6995.5,TOI-2005,1,-651.3552228414959,186.38372625305954,-640.1555331875669
292.1669417,53.4873694,297.21876718100106,11.81426566,1.8288429513544429,5929.0,TOI-2010,1,66.72483174933562,-163.7742578124347,238.88236617758773
232.1326528,27.361073,118.16265585399248,3.39,1.3482924470910955,3194.0,TOI-2015,2,-64.4180628753634,-82.8460060357014,54.3071422355045
234.4317651,48.955206,554.3627942375892,5.33275337,2.025503015551136,5626.0,TOI-2019,1,-211.74126315557876,-296.10375591518584,418.09844635576883
282.7952558,82.2454143,953.8383289349324,11.98498126,1.9580011652815728,6042.0,TOI-2025,1,28.503260591514096,-125.50567122299195,945.1155740817643
294.9855607,42.7277355,1699.5146058701987,1.304,1.7977634759166157,5688.0,Kepler-831,1,527.3283904964698,-1131.6038454728716,1153.1467387342987
331.1178077,81.5659509,780.4730459356362,13.60156514,1.8669532869440182,6664.0,TOI-2031 A,1,100.23396143474011,-55.29147991781489,772.0324997405527
294.8654667,46.2858128,2629.3379345737894,12.442,1.7361140297684075,5545.0,KOI-217,1,764.0428763450301,-1648.590589859246,1900.4750785850147
237.9241066,52.3063083,318.5767446807641,2.60168,1.6855863417299641,5021.6,TOI-2048,1,-103.4419803114514,-165.05487326033094,252.08686553181252
186.27356,60.4183455,134.34225751587067,1.821,1.5420925917224118,3710.0,TOI-2068,1,-65.92270347412834,-7.247143979257487,116.83115263176413
288.3203979,42.2613874,2817.0692585590996,6.78,1.861240049871919,6169.0,Kepler-1746,1,655.3378692613708,-1979.1947939252627,1894.518263920889
256.6011813,57.6610327,650.7849282557684,2.58758199,1.7989308435628355,5873.3,TOI-2071,1,-80.66967539710309,-338.64682522420327,549.8470278920852
259.2545389,72.7470231,312.7342072543683,2.47,1.4934705197772207,3551.0,TOI-2084,1,-17.293671007595076,-91.12778275622134,298.66258644168033
261.3748943,75.8822796,347.21907508677674,3.6831179,1.7304185198479467,5081.0,TOI-2088,1,-12.70112803698382,-83.73412626460268,336.73188674286314
212.5474866,45.5638685,492.8453337638242,2.94892961,1.8184456279063559,5842.06,TOI-2092,1,-290.8566076175887,-185.6351719743575,351.9070043974886
302.7375229,70.8696532,220.8089162147214,2.22490963,1.6692703453215871,4455.0,TOI-2093,2,39.133353360274825,-60.86874130157313,208.614847187495
254.1425333,70.0273157,125.92298158130231,1.71512709,1.3987758860299668,3457.0,TOI-2094,1,-11.752761849862425,-41.374939855589844,118.34941584634772
285.6365235,75.4185135,102.45092042011503,1.25,1.4621844638540322,3759.0,TOI-2095,2,6.9520032146852175,-24.83813781961974,99.15103456790213
151.6186989,74.8272107,121.45306407257463,1.62297957,1.2267229149240333,3285.0,TOI-2096,2,-27.96721331904542,15.110022198027977,117.21931999870597
151.6122146,83.0878397,203.27435542719738,1.52898127,1.665613508648185,4856.13,TOI-2104,1,-21.521822569297104,11.630877247467302,201.7969212403713
286.7965405,-58.6968348,666.4017007423784,14.183,1.7853131557109085,5565.0,TOI-2107,1,100.05431959114244,-331.46822535634755,-569.3936910983485
282.3328312,42.4638125,3089.8532197967534,1.69,1.7034754681056734,5679.0,Kepler-829,1,486.85682741801384,-2226.7958767547448,2086.0353479154896
23.507315,65.5139877,74.24547747576892,2.122,1.2228522974420737,3131.0,TOI-2120,1,28.21875900143383,12.27414970554575,67.56802361346496
293.4689924,42.8223582,2865.0255469291787,1.67,1.7973545174916377,6043.0,Kepler-1745,1,836.8862687183832,-1927.558674243603,1947.4368578045617
256.9817998,32.1053027,86.99164745580237,2.08874836,1.8431370232297262,5968.0,TOI-2128,1,-16.59905674513503,-71.79435863719063,46.23405790238237
261.2438308,32.7983974,198.80270079138555,2.45363469,1.6613870445201155,4175.0,TOI-2133,1,-25.439111016333378,-165.16227791346455,107.68838111459999
271.9355015,39.0729269,46.58086009695838,2.69,1.6571931068807304,4580.0,TOI-2134,2,1.221378197298493,-36.14215477141921,29.360337381412247
258.7623456,18.3403449,205.99643356807815,2.85973,1.772471662610759,5674.0,TOI-2141,3,-38.10520821613039,-191.78377804532232,64.81902674551304
282.6296334,46.3232807,2073.7352079756433,12.24,1.8698967459618616,5853.0,Kepler-422,1,313.1252758959362,-1397.4465668487478,1499.82444545871
263.7580753,40.6950428,631.7344345661328,12.2521,2.2156942921044616,6202.0,TOI-2145,1,-52.07742752963019,-476.1356842885638,411.9115772900158
26.3389717,77.7901231,858.3571387540072,14.35870428,1.9929335131627264,6630.0,TOI-2152,1,162.6905040770334,80.54439131972173,838.9406287455998
71.0281482,84.3642652,839.4050822658076,16.05470238,1.931540504463682,6243.0,TOI-2154,1,26.799133857681774,77.954725938451,835.3476876498829
286.8872555,42.4712271,1646.7696371714483,1.41,1.6513868457343808,5070.0,Kepler-828,1,352.8529152673917,-1162.3051234014092,1111.9315888182693
276.8100527,20.5268868,555.7119629396212,10.76062147,1.9382071115951987,5673.0,TOI-2158,1,61.71147384376773,-516.7567882566825,194.858670684358
286.3580611,42.4064917,2802.85955901066,2.89,1.7636809171015375,5547.0,Kepler-293,2,582.8727121285365,-1985.7969606074382,1890.2093905796833
279.1701117,23.2586193,998.7199023660461,10.4375,2.04028814482202,6183.0,TOI-2169 A,1,146.22739800545602,-905.8289586771464,394.3765828196133
295.7661979,42.4242822,3039.823959772908,2.57,1.7116304300954515,5282.0,Kepler-292,5,975.4253667662229,-2020.8059092335657,2050.71171486514
313.691232,-72.8046404,956.9622624746157,19.83989584,1.8883197453575415,5966.0,TOI-2193 A,1,195.4244481742555,-204.5626675744816,-914.1882584518
299.1563393,-31.3351812,37.75306977643143,1.9892,1.6466225545367594,4756.0,TOI-2194,1,15.710260619635203,-28.16056947550998,-19.633245162789958
312.3400744,-70.4850723,733.6922135591726,3.51,1.814972496300091,5634.0,TOI-2196,1,165.076514889306,-181.16200888343536,-691.544890087894
98.7835071,-72.4567778,708.4980804152201,7.18912,1.7216005319712386,4983.6,TOI-2200,1,-32.610773858493694,211.05461269272942,-675.5457185428118
307.5966925,-44.8876181,1062.0034420420418,11.1529358,1.9805772903651926,6101.0,TOI-2207,1,459.05182117763263,-596.1621267401271,-749.4754532493588
287.9163029,42.4372666,5153.328578835805,2.605,1.8668014133705237,5637.0,Kepler-291,2,1169.9813524860172,-3618.81108623239,3477.3762233100983
308.5390859,-29.6726127,184.60429256899332,1.561,1.7235656987933372,5253.0,TOI-2211,1,99.93496937229916,-125.45970565338965,-91.387137983531
337.5177563,-67.8501459,460.0773265329285,3.09885187,1.8751631123835302,5889.54,TOI-2227,1,160.27956932917843,-66.33178497450946,-426.124043381074
295.3044942,42.4753193,951.2152670378488,2.696,1.6089046744768138,4158.0,Kepler-61,1,299.8781371938531,-634.2683325913304,642.3295644377924
20.1660113,-86.979965,1010.5989564099021,14.36991326,1.9829227129335756,6248.0,TOI-2236,1,49.979605230327515,18.35525932975792,-1009.1954093299976
286.4100307,42.6815137,1992.182881797885,2.654,1.6571931068807304,4962.0,Kepler-290,3,413.74069282477103,-1404.8621878224142,1350.545633015125
291.0206823,42.4624633,3141.5906547866903,3.42,1.7313332277641686,5986.0,Kepler-1744,1,831.3394044177079,-2163.3787227915604,2120.9099789190095
292.8557189,46.3911883,2177.8412341294297,13.361128,1.7767971411933234,5560.0,Kepler-423,1,583.4429894980366,-1384.1864139613851,1576.9003425976898
295.8254663,42.9433716,1705.7190447724615,2.95,1.6685639071848695,4750.0,Kepler-1987,4,543.9435521504575,-1123.9261403583318,1162.0640700033043
245.2800398,31.5770413,130.48467730430986,1.54,1.2144240831421325,3200.0,TOI-2266,1,-46.487249447911665,-100.97785238099885,68.32759309750867
277.459311,40.5414117,122.59696225749484,2.45,1.6095529758207554,3943.0,TOI-2274,1,12.094989406966844,-92.37745540508679,79.68771623589281
294.9660027,42.7085608,5906.662691000416,5.63,1.7592136167706003,5602.0,Kepler-827,1,1831.9531273352238,-3934.7300223298116,4006.308966602478
281.5761962,50.4924657,346.69504174972144,7.64759,1.955240989258719,5660.0,TOI-2295,2,44.260049873066805,-216.07385822625344,267.48941614631343
116.9731027,-71.0019671,154.40086395668104,1.90902493,1.6505362912625916,4465.0,TOI-2322,2,-22.79789441467274,44.79536125757341,-145.99061069339513
31.6907424,-81.247376,652.148573016835,10.1067,1.7680999213478592,5302.3,TOI-2328,1,84.43999915076655,52.13236060381184,-644.554004571523
81.3445824,-34.6682491,890.1755165122281,12.2765,1.8440870193401402,5523.0,TOI-2338,1,110.17991101434195,723.7951518330939,-506.3530542907709
43.884794,-34.9779745,217.49650438640654,1.56220894,1.6848192087334442,4584.12,TOI-2345,2,128.44267230174222,123.53750648168722,-124.68237182769867
88.0929073,-13.3724686,1247.699432127076,14.877,1.9143314840802066,6605.0,TOI-2346,1,40.39628330563448,1213.1983538676816,-288.56847956432546
295.2872318,41.2220033,2506.70834327923,2.62,1.7408395611469554,5700.0,Kepler-487,3,805.3822123690629,-1704.78241692931,1651.866556715123
297.0454037,46.3286653,4598.200666973998,7.251,2.124483492641103,6218.0,KIC 9663113,2,1443.7304525078569,-2827.9382998476194,3325.93696971493
89.1300265,-5.0120298,616.9196357500441,8.60849718,1.7482885857306374,5306.0,TOI-2364,1,9.331071898745941,614.489925207794,-53.897123200660445
291.467454,50.7595597,1713.3334518247018,1.1,1.9027989656180369,5876.0,Kepler-889,1,396.6462231930798,-1008.6248868281046,1326.9736728508244
134.9576234,-48.4884929,591.7341882415124,11.47266206,1.7513611171408778,5177.0,TOI-2368,1,-277.1107387032389,277.52095058498116,-443.10394944707417
61.6862197,-16.7557546,1453.8443032044959,11.2448,1.8722881254376968,5517.0,TOI-2373,1,660.2813123244254,1225.569231477382,-419.13232446476917
319.4982407,-22.0498228,370.945335844613,10.38357034,1.7065526764532568,4929.5,TOI-2374,1,261.4310271321986,-223.2970742200237,-139.25759182986604
295.5212866,49.7386804,1199.4449369408826,2.26,1.8538240087440452,6174.0,Kepler-888,1,333.97962450236724,-699.5338891157913,915.3021933486838
358.0920465,-53.043156,592.6953985614149,11.57792161,1.6146400063144493,3770.0,TOI-2379,1,356.13881019323645,-11.863833076430652,-473.61612389651066
356.3751852,-16.114124,1240.2761090540935,12.25141591,1.9402313657369588,6033.0,TOI-2382,1,1189.1628481791854,-75.33286401723802,-344.24047815399285
36.1561463,-65.0001957,535.5526031279295,11.48920522,1.5965881088245477,3943.0,TOI-2384,1,182.7437267186432,133.53351588599307,-485.3762676493451
290.0907893,39.8169085,2547.950635469026,1.915,1.93354225170255,6207.0,Kepler-887,2,672.2696203709492,-1837.9785544078502,1631.545534715517
286.2717162,43.5952037,2040.4460626194998,1.36,1.8126142941149619,6334.0,Kepler-886,1,414.0554107893706,-1418.558193759042,1407.0077832672243
49.746545,-46.458025,248.71412569468828,3.79423915,1.5340474365032635,3596.0,TOI-2407,1,110.71194432475174,130.76224011489901,-180.28538006183354
288.6615682,49.7371538,1866.7941536513167,2.601,1.940519728296833,6133.0,Kepler-885,1,386.05289837165833,-1143.0683016716564,1424.527440760287
57.3389409,-60.7871861,1595.8457566992602,11.5451,1.9323676706883592,5515.2,TOI-2416,1,420.3261847769544,655.7051611211193,-1392.8748397630745
14.8268138,-19.7711643,1241.0114928530552,11.8252,2.1200485061495966,5707.0,TOI-2420,1,1128.970050365407,298.85205210930195,-419.7899495239953
33.1540208,-35.3909182,930.5087121946464,10.36830715,2.026508618266858,5607.0,TOI-2421,1,635.0765436762194,414.85494911945096,-538.9059457210541
37.7652989,8.3816255,85.48005737140136,5.59553,1.6401224283008093,4079.0,TOI-2431,1,66.85246274983116,51.79126554828657,12.460066027408132
283.936781,49.1102748,1627.5280595025554,1.604,1.9510486046953481,6318.0,Kepler-853,1,256.600020459615,-1034.025590425426,1230.3638048616467
70.9975864,-31.9066369,412.43951146161226,10.2185,1.8137950958364613,5825.0,TOI-2447,1,114.00324138844371,331.04415115430527,-217.9894069769151
67.984371,-34.4555327,435.019268343902,11.9082,1.8292216025271144,6054.0,TOI-2449,1,134.46281024271124,332.545937734872,-246.11931209909372
297.3915863,48.5606875,4668.525361764459,2.78,1.8889742753799745,6354.0,Kepler-852,1,1421.5009522375271,-2743.339256997799,3499.793396365069
74.8374845,12.9363528,218.2208863805018,3.24380341,1.516473904718283,3720.23,TOI-2453,1,55.628710277838564,205.2783641044789,48.85278984976353
79.621529,1.253439,308.127925269534,2.37973235,1.9142546434160703,6092.0,TOI-2458,2,55.49582575250903,303.01419187733956,6.740265267594528
82.1433321,-39.3730456,87.0880580089733,2.93653367,1.637162093900705,4195.0,TOI-2459,1,9.202588857988179,66.68992197137395,-55.245782766987624
284.9410627,46.5664505,951.87537532983,2.89,1.4808773436184963,4486.0,Kepler-26,4,168.7277250084994,-632.3013935602402,691.2254571950741
292.5844328,49.9232012,1361.3336003374866,1.32,1.8114300714276372,6070.0,Kepler-884,1,336.5940125782777,-809.2348314920334,1041.6681955422937
205.2043217,22.9839692,1133.2488141871097,12.196,2.01944065118451,6016.4,TOI-2485,1,-943.9588768361797,-444.28030034251304,442.50370442091753
286.433726,50.3002266,1797.7057143024156,1.78,1.832988946353755,6116.0,Kepler-883,1,324.86419770545933,-1101.3998374280407,1383.1585181743387
287.0394932,46.6401677,3348.858868045201,1.62,1.8022352192007074,6305.0,Kepler-59,2,673.7518725220467,-2198.322430678263,2434.8085393177903
90.0625878,11.8840577,807.0626711705314,11.14172682,2.1487447714980976,7360.0,TOI-2497,1,-0.8627093267796455,789.7638790674583,166.1999586337246
95.4162204,11.2516477,778.0410680178102,4.77412302,1.9020648891612413,5938.0,TOI-2498,1,-72.02788526056469,759.6798945395954,151.81022725592226
294.6500256,43.3356106,1442.0289438203922,0.96,1.647863083293692,5208.0,Kepler-882,1,437.45046883840484,-953.2748155066317,989.6219926060722
105.4448495,-34.9196867,446.7130288321144,2.26838675,1.7950460597228792,5751.2,TOI-2518,1,-97.54553267833057,353.0571371550182,-255.71088574162192
160.8868435,-1.9126984,1251.6311297608945,11.2089807,1.8437218974653318,5831.0,TOI-2524,1,-1181.9744871175778,409.5993424199547,-41.77529747126545
86.8509737,-60.5213081,1125.8515480203898,9.72671289,1.718775809423805,4944.0,TOI-2525,2,30.434722372598266,553.1948008291704,-980.0974177037635
288.9925529,46.6706513,3962.5279626432443,1.78,1.832988946353755,5961.0,Kepler-881,1,884.9023243981245,-2571.0284816833623,2882.427497332302
118.9945352,-52.3548332,838.8578872342968,11.54525012,2.0146598491802714,5802.0,TOI-2529,1,-248.34890954577585,448.13408945792446,-664.2147333267526
281.9712347,43.6727839,1722.0509345753846,4.65,2.1881752734319413,6900.0,Kepler-880,2,258.3529697255054,-1218.4628216779763,1189.1431858672497
54.3882661,10.0577464,516.6642412994823,14.58908814,1.8035672580119777,4696.7,TOI-2537,2,296.2247884006554,413.5834333120952,90.23057499726087
135.5458029,-3.4208194,291.2198883170308,2.55760211,1.8900323947879125,5846.29,TOI-2545,1,-207.50543394772788,203.58920425444214,-17.376827805789908
285.2408288,46.6682411,2893.210433869696,12.234,1.9234490497169126,5957.0,Kepler-43,1,521.9112575353735,-1915.5565324701086,2104.499566362847
295.8065515,50.9097521,2304.996041478229,2.57,1.8058578772852494,5792.0,Kepler-879,2,632.7148283642538,-1308.4516439095405,1789.0313001031366
288.4656683,66.3479375,1442.521129827571,10.70165915,2.018872278386959,5609.0,TOI-2567,1,183.29939866823216,-548.9170033680217,1321.3472911616946
87.1880397,32.0840435,1028.743248803967,13.64132951,1.8348596769036147,5771.0,TOI-2570,1,42.760321365510364,870.5736630540811,546.4299809427171
285.2962562,46.6034497,2273.0126366470126,1.87,1.6866605970438715,5121.0,Kepler-878,1,411.98133896026593,-1506.336847121663,1651.6074369259416
62.1992072,67.1165264,1079.1083533974163,18.3834,2.0447799912518487,6590.0,TOI-2580,1,195.71037330312626,371.18530341759595,994.1799428073479
272.2670293,45.3368996,1620.3276677387066,13.7321,1.9607647748293109,6050.0,TOI-2583 A,1,45.05472015846218,-1138.0964674687,1152.4618231274585
115.9317105,-1.073333,1062.9588619383303,10.9408,2.01944065118451,5674.8,TOI-2587 A,1,-464.74990833368736,955.768067579152,-19.911450802820355
289.8591023,46.5227429,1724.5176550348938,2.3,1.7384836242982802,5413.0,Kepler-877,1,403.0920729630776,-1116.0179051811951,1251.392008347646
107.4881501,-37.230948,560.923344192105,11.7392,1.8254192131385143,5581.0,TOI-2589,1,-134.20981470004634,425.9663199495581,-339.37504028208167
283.4781717,43.3837235,2357.807600048539,1.43,1.690929606204274,5060.0,Kepler-876,1,399.3932813254425,-1666.3892586349439,1619.5334279924043
297.3012497,43.1418313,3578.738685515877,2.28,1.7455110852701348,5783.0,Kepler-875,1,1197.7102779783504,-2320.3969715985477,2447.1654139900756
294.9568477,43.0142991,3114.172998975011,3.41,1.794480294316163,6026.0,Kepler-874,1,960.7606944933748,-2064.4158655606675,2124.4292149852918
296.4031319,51.2712773,3403.867892376975,3.32,1.8502447046849357,6343.0,Kepler-873,1,946.9881582296887,-1907.433471501258,2655.414771504495
283.1354742,43.6567036,588.3265239447493,0.95,1.5225312558691466,3944.0,Kepler-303,2,96.73028468132415,-414.51089528481737,406.142916339262
171.1303716,-42.7321394,977.1737360988323,9.73548966,1.8958871948907023,6309.0,TOI-2641,1,-709.1841534273386,110.67016062323263,-663.082545839149
52.9815377,-47.9946912,701.8941022836003,7.94454164,1.6834806853497406,4594.08,TOI-2654,1,282.7976830513135,375.0337070414271,-521.5654511794996
295.4174725,43.6056117,2527.9591979421366,1.63,1.7327733487312433,5743.0,Kepler-872,1,785.6726264133459,-1653.3213046602648,1743.5093616386137
294.5270634,43.3681317,5702.173881076563,3.14,1.777227182171095,5900.0,Kepler-871,1,1720.7818712130193,-3771.1896781751066,3915.58745694205
295.4025625,50.4785992,3627.4940523446708,2.52,1.794480294316163,6170.0,Kepler-870,1,990.2536814799203,-2085.228716434483,2798.2015556904444
61.4012482,-14.9267458,1712.0595586296506,13.72,1.8889742753799745,5665.0,TOI-2714,1,791.8624227355658,1452.4537100393482,-440.99892964433263
71.5549449,-0.8048725,1684.5405704047287,6.03548,2.012248314683024,5701.0,TOI-2719,1,532.927790064812,1597.843847687177,-23.663100480744433
80.4212533,-38.656827,1421.0994576680555,11.1057,1.7853131557109085,5744.2,NGTS-31,1,184.6637930585481,1094.2662709467634,-887.6960518026065
289.4245955,50.9941198,2701.011798066284,3.61,1.7767971411933234,5664.0,Kepler-869,1,565.3679275192375,-1603.2522099999098,2098.905950955466
282.3635315,46.6752384,4593.539375964831,2.04,1.7583142678672645,5970.0,Kepler-868,1,674.8386669493718,-3078.6844400137184,3341.691022663045
287.2852554,51.2499499,3442.432113645355,6.516,1.9164771788324098,5599.0,Kepler-867,1,640.2246290481773,-2057.3892645034794,2684.6975054413083
99.3641336,-15.4812031,208.2271942653219,2.63,1.6260577050085931,4008.0,TOI-2768,1,-32.65106037004641,197.9981931082258,-55.580466120728296
286.9713876,46.8682463,1483.9834581146943,16.197,2.027907663255034,8511.0,KOI-13,1,296.1462265341659,-970.3835751569827,1082.9866266640477
290.1222112,43.085407,1853.3285235372598,1.66,1.6657507239425584,4831.0,Kepler-866,1,465.6543542417942,-1270.9334786163784,1265.9860708019378
297.7242257,43.5272796,1678.0813528634553,2.35,1.7478269776503321,5440.0,Kepler-865,2,566.0227477611996,-1077.0077707837881,1155.694396246794
84.1527191,0.8962788,995.4077800589118,17.26183028,1.8250370215149068,5764.0,TOI-2796,1,101.39699547669971,990.1074972157938,15.570544858355007
93.1147397,-23.4924956,1413.6935058659149,17.4523,1.858430733578619,6384.0,TOI-2803 A,1,-70.44707612808301,1294.600383146962,-563.5391609712716
285.0570943,46.3206074,5837.814554231491,2.4,1.7977634759166157,5754.0,Kepler-864,2,1047.3673856886135,-3893.3056879859814,4221.998478077512
119.0598183,-35.1167104,886.3480465034594,14.2282,1.8513217907144042,5758.5,TOI-2818,1,-352.15692612584076,633.7466056262236,-509.86625577629434
297.6644677,43.2489903,4322.923928370572,2.87,1.7676601645419476,5900.0,Kepler-863,1,1461.9396313411046,-2788.78546860388,2961.9384556227583
108.0442066,-10.63934,1315.768756919936,11.8731,1.892231295892917,6019.0,TOI-2842,1,-400.5538366776467,1229.549226642875,-242.92538951570936
295.4570818,50.0771838,2062.5886425189424,2.04,1.6785340090606566,4723.0,Kepler-1754,1,568.9624346739705,-1195.1576697212245,1581.8191428493126
297.7792466,46.4926688,2989.302513741884,2.27,1.7422466328003265,5258.0,Kepler-862,1,959.1537537583564,-1820.7952802760203,2168.100122835514
110.2473528,-21.1146384,634.6672841265586,9.36407,1.7636809171015375,5137.0,TOI-2876,1,-204.89525642846604,555.4719273018694,-228.62946750854675
110.0076569,-10.5698414,1178.7615437921354,18.6405349,1.8860206011828309,6240.0,TOI-2886,1,-396.4648978264316,1088.825589967313,-216.22487494973572
288.236664,46.6058744,2029.9972432082693,2.24,1.6903984119623052,5180.0,Kepler-1753,1,436.44076113485977,-1324.5848083245044,1475.0875753693858
292.3539624,46.2262465,2442.967360137739,2.43,1.7245447505468423,5155.0,Kepler-861,1,642.781895265178,-1563.069388417418,1764.0110670883155
294.3169307,43.6292436,4041.8567661532757,12.04,1.8664560361538043,5733.0,Kepler-302,2,1204.704345137071,-2666.023596221329,2788.8369875806593
150.0626247,-47.4452436,455.8937454719068,12.3326,1.696203923404798,4581.0,TOI-2969,1,-267.1799326564383,153.86727865470172,-335.8256263382847
281.4824731,47.2078263,293.1828419221331,2.52,1.6828882863124597,4812.0,Kepler-102,5,39.64863452662865,-195.18486493085655,215.14421460879583
295.5772681,46.2547028,3039.4765343560753,2.91,1.7785145971303806,5869.0,Kepler-860,1,907.3442059821008,-1895.7032142369592,2195.780822009244
163.487394,-25.5245988,1509.1515343523843,13.4,1.8292216025271144,5940.0,TOI-2981,1,-1305.692060614232,387.07610847135743,-650.2912291718119
286.7418337,43.1901197,2412.7876722622436,2.87,1.6600655987560295,5100.0,Kepler-859,1,506.73498498464687,-1684.56600495325,1651.3634915938744
163.7715605,-6.4784524,1611.526223845623,9.292245,1.951890528600972,5906.0,TOI-2986,1,-1537.4345013920238,447.4936702665514,-181.82777329925057
171.2316754,-27.0623619,547.958585720648,12.55405838,1.6855863417299641,4672.0,TOI-2989,1,-482.26069657736934,74.38492108447504,-249.29924933087872
164.3165643,-32.3224375,1550.3706648477248,12.7824,1.9742562276203768,5999.1,TOI-2992,1,-1261.3678576522798,354.1610709960804,-828.9573341813098
288.8488552,51.2090375,845.4039611297778,4.78,1.7510473402634537,5591.0,Kepler-858,1,171.10884212497297,-501.2275729748484,658.9389514441478
165.3158231,-72.3567044,1109.9799968947696,16.2567,2.012248314683024,5512.0,TOI-3023,1,-325.4355827022985,85.28037427714469,-1057.7686574959944
290.8541401,51.2227435,2768.855296338203,5.26,1.7171440551144164,5446.0,Kepler-1752,1,617.3291193302217,-1620.515968889695,2158.562578444411
297.4303826,39.8478795,1554.4760751899591,1.81,1.5607603979240374,4056.0,Kepler-1669,3,549.7855742897816,-1059.2687155524998,996.0328703876149
295.4179125,51.1847629,2909.192003043979,11.65,2.022046451390802,6430.0,Kepler-419,2,782.6840259034599,-1646.9996506199022,2266.758914624251
294.6323978,43.4004526,2828.5371925263707,5.56,1.708591353555505,5635.0,Kepler-857,1,856.5668232449456,-1868.1126570345966,1943.468813088639
173.2790517,-56.5033871,1385.902367731141,7.16,1.908138124509192,6177.0,TOI-3071,1,-759.6062628601078,89.51479707639591,-1155.7295528846078
195.9080719,-19.2189845,308.38849433215813,3.42735,1.6401224283008093,4249.0,TOI-3082,1,-280.04896868428153,-79.8167040096407,-101.51518278741975
297.3523076,46.0959309,3848.051287797016,4.3,1.777227182171095,5900.0,Kepler-1668,1,1226.044333751447,-2370.10585753719,2772.528129570581
207.8592276,-69.7725635,622.8808768605243,12.9758,1.8098457519570923,5632.0,TOI-3135,1,-190.3990277471941,-100.63768730384449,-584.4662974762466
224.5658555,-27.6825503,1624.6386381192335,15.3233,1.994957051511554,6200.0,TOI-3160 A,1,-1024.9756189907332,-1009.5591434746333,-754.7622279706676
281.1947316,47.4972606,536.693316579862,2.61631054,1.6744176040648155,4715.0,Kepler-94,2,70.39738103468979,-355.7044114914043,395.67448294084164
289.6038379,46.3149097,3893.013927158723,9.3,1.7680999213478592,5535.0,Kepler-856,1,902.1594801349298,-2533.021235894804,2815.2209732027104
206.0265266,-32.5229747,2708.7333279553804,13.6938,2.0492230122972415,5765.0,NGTS-27,1,-2052.326784730382,-1002.16313165989,-1456.3172965381293
295.0949565,43.537565,4342.958794074565,9.23,1.8495250673306234,5847.0,Kepler-855,1,1335.2604507951132,-2851.129139037246,2991.560336698018
207.4738488,-46.0665139,191.89385685649543,11.0137,1.3913589700016775,3375.0,TOI-3235,1,-118.1249704597467,-61.42345814053141,-138.19154258927537
47.7285242,-73.531972,850.0623569271372,3.82,1.7308520577125264,5068.0,TOI-3261,1,162.09104460432945,178.31398692607607,-815.1911591707335
298.2581101,47.6050031,511.9711029604401,2.67,1.5225312558691466,3824.0,Kepler-125,2,163.4284082001403,-304.05182826553227,378.09793888367744
297.1103158,-43.0180008,561.5805572722794,12.3818,1.6340667040344243,3913.0,TOI-3288,1,187.10966218967206,-365.48206181263197,-383.12603554796186
265.7603351,-65.0082516,808.8171695255343,14.7302,1.955240989258719,5930.0,TOI-3321,1,-25.262537316187327,-340.7802409684129,-733.086519650413
271.3241672,-34.107171,609.9103279654533,12.168,1.781077325974338,5544.0,TOI-3331 A,1,11.670049416742588,-504.86489028310245,-342.00272025960345
106.5298146,-75.8195594,209.11081290879864,2.6667555,1.806138298463659,6365.0,TOI-3353,1,-14.57487348885414,49.11009158216378,-202.73900473997097
144.5377709,-49.3352226,785.6670559172782,12.22899794,1.9408078875697252,5706.0,TOI-3364,1,-416.99533512737906,297.0253196660542,-595.9560157536852
183.2082686,-79.7572043,1054.2471696112616,10.64,1.9563517342674048,6300.0,TOI-3457,1,-187.17221761784145,-10.49164786175359,-1037.445700222677
234.4830357,-44.7899772,1711.7729326607637,12.4868,1.987316569025403,6353.0,TOI-3464,1,-705.7510512033283,-988.8070749309027,-1205.9612743707903
233.5033482,-47.9636597,1197.4356599468692,14.67255574,1.8909316003251884,6020.0,TOI-3474,1,-476.8942747071129,-644.5643950226208,-889.359742248936
288.435718,43.7634712,4938.040628872083,10.703,1.9323676706883592,6235.0,Kepler-890,1,1127.795736973046,-3383.235814131851,3415.5581467795887
249.4432035,-59.3051077,429.02328469173864,10.4759,1.7116304300954515,4841.0,TOI-3486,1,-76.89939419155102,-205.05687279306272,-368.91617056045504
205.7990331,-22.5854441,261.12242445685234,3.22,1.8817161459719507,5844.0,TOI-3493,1,-217.06536350655367,-104.92897754897075,-100.28687945349516
294.4418031,40.5575408,1239.592839067657,2.8,1.6340667040344243,4779.0,Kepler-304,4,389.681133843528,-857.3839643653521,805.9973686330429
322.6023682,34.7395805,554.0703778450887,6.4020317,1.6992316105745155,4864.0,TOI-3568,1,361.71448785401185,-276.5279187237906,315.7355270605415
299.2242557,40.343167,2495.515454433618,3.5,1.7080826367360533,5106.0,Kepler-305,4,928.6284666435951,-1659.934500455759,1615.5073532648748
331.506364,34.2116583,637.2324417875034,11.02963701,1.7627913543746674,5550.0,TOI-3593,1,463.13790103257236,-251.39675995060182,358.28499630872983
291.0837644,40.3552252,6757.565441058751,6.04,1.7977634759166157,5919.0,Kepler-891,1,1852.4658714882896,-4804.830901301292,4375.6897622046845
288.5387145,40.6160545,2226.8455891736194,2.14,1.664053473427873,4955.0,Kepler-306,4,537.4465195947544,-1602.6587060163604,1449.6474014833584
283.1296399,43.8880983,1633.4661389185799,2.74,1.6525547148479038,4797.0,Kepler-892,1,267.41408046641067,-1146.456610852382,1132.4038926084397
284.9630591,43.9130282,3703.1459368598944,3.19,1.8098457519570923,6108.0,Kepler-893,1,688.7957314377295,-2577.2661884671347,2568.3748293072795
50.2752271,25.2972658,1151.367049674912,12.1727,2.062269457361629,5501.0,TOI-3682,1,665.2743564388846,800.6222351472979,491.9960877178639
298.3952437,47.8149865,2067.8231854658816,14.68,1.8019682897466935,5781.0,Kepler-17,1,660.3497497895181,-1221.5336725721006,1532.2161796155601
288.7340513,46.939363,3347.961352385051,2.78,1.7313332277641686,5603.0,Kepler-894,1,734.174054996902,-2164.7865413937707,2446.1261014579245
39.2823371,54.8512152,1128.6888555911864,13.2996429,1.9190615371259667,6088.0,TOI-3688 A,1,502.9589715965706,411.40829130124047,922.8835373300662
15.6543938,51.3038918,491.9101803501841,12.8974,1.7065526764532568,5211.0,TOI-3693,1,296.12962398903437,82.98400368228863,383.92255268624376
296.846092,40.1385777,2825.2974505144102,4.4,1.7641249735402877,6086.0,Kepler-1755,1,975.403108550974,-1927.1162410143113,1821.2955425551324
297.9168433,46.9651146,3550.597226752465,6.2,1.7313332277641686,5723.0,Kepler-87,2,1134.4618296521248,-2141.103274894274,2595.2675757851375
297.7950939,40.4176403,1647.5194970294447,2.43,1.713644000234658,5367.0,Kepler-307,2,584.9032659340372,-1109.5980482040177,1068.1764058495608
289.2906978,51.4089936,1544.892924109003,1.41,1.5758082534420188,4153.0,Kepler-895,1,318.3484487329132,-909.533823395566,1207.5167229694405
91.0036423,55.0199793,505.52636147820164,12.0,1.6023644723634196,3913.0,TOI-3757,1,-5.076365263786624,289.7691295481319,414.20403695040915
282.4391402,43.7344291,6741.207494349566,3.10500002,1.7080826367360533,5510.0,Kepler-896,2,1049.1978511983386,-4756.530065518748,4660.309441092058
130.9002258,63.0780768,212.02252742303367,5.14,1.5144368545005131,3576.0,TOI-3785,1,-62.85454770567339,72.56069671323327,189.04444784244913
297.028162,48.2086019,1503.963314794356,2.93,1.8654181500819949,5949.0,Kepler-107,4,455.4608758229955,-892.8071749131335,1121.3190408021287
295.3877064,56.2178049,1361.6173310945665,15.47960235,1.9379171123551746,6405.0,WASP-194,1,324.60436962772314,-683.9939395766141,1131.7181849639696
290.5867992,51.6957731,4379.6411276684385,2.33,1.7308520577125264,5840.0,Kepler-897,1,954.5461224381697,-2541.30645331151,3436.838608032155
139.1125648,69.0741284,1202.1316934977187,10.0928,1.955240989258719,5908.0,TOI-3807,1,-324.5896796645406,281.04383157383774,1122.843049184195
286.5854116,46.8708877,1384.952738258466,1.38,1.5679951692983014,4187.0,Kepler-898,1,270.2631613721903,-907.4235852512094,1010.7592926827701
121.8632568,29.3886446,1597.0270031164898,13.13692538,1.9737250333784084,5859.0,TOI-3819,1,-734.5680782542565,1181.8216421114773,783.71078423741
297.4825612,40.6807412,3589.769442500302,2.57,1.7459753146348196,5767.0,Kepler-899,1,1256.2897740210917,-2415.104632516295,2339.9680057636033
296.177272,46.9989635,1392.5787261579342,2.19,1.6903984119623052,4848.0,Kepler-900,1,418.984244329113,-852.341741008396,1018.4504249527286
152.6662832,24.2731213,883.5425862625389,10.87271128,1.8722881254376968,5905.0,TOI-3837,1,-715.5050986787666,369.83310222642575,363.21265396701494
291.1528056,40.8876814,716.0893257730048,1.21,1.5225312558691466,3916.0,Kepler-901,1,195.35305250517814,-504.88332932648774,468.7365263462481
145.2229223,27.950158,891.4696761899282,13.3605,1.8477204113675578,5568.0,TOI-3856,1,-646.8222551439385,449.1695103279013,417.83478171219605
298.2520208,40.4960842,2945.49795910295,3.03,1.8404210404022199,6039.0,Kepler-84,5,1060.2606567629261,-1973.074133172091,1912.7948221927763
185.9005633,50.5446246,702.0562341447886,6.15317,1.7680999213478592,5564.4,TOI-3862,1,-443.7768856170665,-45.864289574430416,542.0714884915201
170.4544727,33.9913822,1410.6593238922462,12.0574,1.9769018932428812,5662.2,TOI-3877,1,-1153.4139876457193,193.95760114686254,788.6547724731552
297.7397823,46.9418957,2318.4182434151817,2.94660251,1.67468559141778,5288.0,Kepler-1757,1,736.7602889226201,-1400.957223763267,1693.9794229129566
181.5718341,12.5070258,106.00392434958623,6.0,1.3114520975180768,3269.0,TOI-3884,1,-103.44945330811154,-2.8387114136691065,22.95613872748539
201.3748265,52.7681036,1189.4506657833413,15.22179579,1.9640435671024472,6000.0,TOI-3894,1,-670.1665157671589,-262.29577794175253,947.0325508401868
187.9302395,63.9085462,507.01450034696643,2.97425,1.680172303484953,5127.0,TOI-3896,1,-220.8551431481009,-30.764999390323585,455.3462683712575
295.7852423,40.4395753,3848.8619471029574,2.13,1.7501298226802984,5532.0,Kepler-308,2,1274.2570882766472,-2637.660974173176,2496.5479659236876
215.8014956,24.0765639,1330.2361303191929,14.2355,1.9410958438420556,5779.5,TOI-3912,1,-985.0242064332209,-710.4609508693483,542.6791984561461
208.9447534,40.3918061,1731.509591548643,10.213,1.9112465342545746,6227.0,TOI-3919,1,-1154.0393714033976,-638.2405740964059,1122.0372384430427
289.7317067,46.953875,3354.9967170759037,3.252,1.8803825268063306,5508.0,Kepler-902,1,773.1670416358371,-2155.612340035327,2451.8464749664895
297.5098911,46.9614121,1557.7302932609546,1.56,1.664053473427873,4713.0,Kepler-309,2,491.0646077303827,-942.9288636805768,1138.5360668927099
288.839278,46.9867472,1724.784014521132,3.3,1.7546969530060337,5818.0,Kepler-310,3,379.93858199195927,-1113.5593814668998,1261.155055736061
298.3738383,40.6184483,3257.4280791821784,1.76,1.7861550796165324,5823.0,KOI-1599,2,1175.0299344266552,-2175.546131901342,2120.6464514894737
224.3560083,44.2743223,1475.271765787625,12.1125,1.9634989249010557,5993.0,TOI-3976 A,1,-755.266817149008,-738.4767675228493,1029.8790616731405
12.8419374,59.5758606,1390.2509758651581,17.0677,1.9974724681369653,5854.0,TOI-3980,1,686.4093944092359,156.47682388603266,1198.8139650284818
288.7710137,40.6641771,3945.330404510047,3.23,1.983960818664049,5555.0,Kepler-903,2,963.010660421302,-2833.5232940416554,2570.8730444714042
226.3371468,36.7869747,296.3299371562719,7.9,1.4891450411946563,3476.0,TOI-3984 A,1,-163.84964906534347,-171.68156912342684,177.4546786633755
297.7968197,39.9213378,4579.873976236096,1.72,1.7408395611469554,5818.0,Kepler-1758,1,1637.9758211896033,-3107.1156141940414,2939.0667579070832
288.8229001,40.38901,2812.969638640479,1.77,1.8889742753799745,6160.0,Kepler-904,1,691.27573539537,-2027.9519062714833,1822.7306744049145
20.2148196,66.0722009,495.0022665599912,6.61394759,1.7456100103247851,4888.0,TOI-4010,4,188.39913532637647,69.3727163822532,452.4604247108798
290.0511468,46.7134077,1513.433552614842,1.44,1.7459753146348196,5435.0,Kepler-905,1,355.7787102300654,-974.785598389703,1101.6785668694122
239.2337189,16.9802854,775.6409374298606,6.73756618,1.8648427185450405,5662.53,TOI-4029,1,-379.4722137712539,-637.423164285151,226.52022520146414
277.6228367,56.7704522,1636.0370870031386,5.8462559,1.7943719107155158,5640.37,TOI-4030,1,118.92728321891107,-888.6166653179224,1368.5152806874826
282.0612731,47.0854984,2235.4588442992526,1.57,1.8295999032590398,5897.0,Kepler-311,3,318.0623142017916,-1488.5362527889763,1637.184300246403
247.5496427,49.895791,1384.8398249979957,9.11036,1.9769018932428812,6328.9,WASP-195,1,-340.67226126937743,-824.4753532009306,1059.2280884050845
291.4055614,40.1254254,2175.056040371158,2.181,1.81418793960689,5956.0,Kepler-906,1,606.986016230795,-1548.4033350686161,1401.7431529362705
217.9257785,83.3727061,854.5065070507831,13.9016,1.8440870193401402,6071.0,TOI-4087,1,-77.79133570873104,-60.61513306744945,848.7966095149042
298.6249797,48.57745,2003.818738049959,9.97601,1.772471662610759,5460.0,Kepler-424,2,635.1286283851505,-1163.700865111325,1502.56495929623
105.4045516,72.4149297,906.4929302561164,12.5447,1.8889742753799745,6433.0,TOI-4127,1,-72.74909678083975,264.03200238049624,864.1319941078666
77.612879,70.391079,950.9662788224523,13.6371,1.955240989258719,6244.0,TOI-4137,1,68.46112819183561,311.7131406008946,895.8151904052811
39.4297435,80.2673838,575.729457372773,13.30506009,1.7356384579734354,5281.0,TOI-4145 A,1,75.17602163367246,61.815664791578826,567.4432107660259
335.3934698,82.2160792,1208.1971622332485,16.11851425,1.991154662122954,6860.0,TOI-4153,1,148.7753021978536,-68.13516327662384,1197.064698255562
325.6362269,77.7343836,678.0751947479422,3.21,1.7767971411933234,5724.0,TOI-4155,1,118.91152361054027,-81.31003269346037,662.5969346959492
230.7808336,76.3318816,599.8523621481594,2.32515,1.8137950958364613,5986.0,TOI-4156,2,-89.62285733447315,-109.8134587165037,582.864996463718
43.8284749,-79.4147039,181.9166674486151,2.43,1.2052962729181087,3238.0,TOI-4184,1,24.10823226360524,23.14197403928029,-178.8209050147643
81.3488924,-44.4312849,182.60485929512367,2.54,1.7533321640530786,5666.0,HD 35843,2,19.613868341939003,128.91283088056554,-127.8331445330815
292.9291693,48.6028303,1679.2220663153878,2.96,2.0476734424037186,5887.0,Kepler-110,2,432.6145467727102,-1022.6892683608672,1259.6579147930113
90.4747237,-13.461371,528.3174688223977,12.69,1.6023644723634196,3920.0,TOI-4201,1,-4.25706214838023,513.7854139999051,-122.98688403938034
110.2495104,-13.9262649,985.3845567833012,11.154,1.987316569025403,5936.5,TOI-4214,1,-331.02575220118587,897.3081767292443,-237.15545977586376
168.5638892,-37.9101328,1958.6997572506764,11.6401,1.9847376714382752,5886.0,NGTS-24,1,-1514.6849252748932,306.40762690155606,-1203.4735902276407
289.664394,48.706165,943.5834887147668,2.5,1.8513217907144042,6194.0,Kepler-509,1,209.5416229658972,-586.374999040005,708.9474373469321
64.1309096,-28.3157909,74.98172983827263,1.32,1.0372904481536636,2850.0,LP 890-9,2,28.801211068783036,59.39527905267687,-35.566147904513905
327.7530693,-43.5623642,296.47180253481173,2.45142,1.7014110500221729,5015.0,TOI-4308,1,181.69451629655964,-114.62709457552992,-204.31167767695544
288.6887221,41.1511076,860.4474816786146,1.42,1.9382071115951987,6211.0,Kepler-65,4,207.60336744674706,-613.735496911746,566.2150213322965
41.6855224,-31.1793201,371.9094413763225,2.72932348,1.7316836441089902,5159.0,TOI-4311,2,237.6244587632353,211.60798700819544,-192.5443040358949
295.6486585,48.4955191,1515.9060634979649,1.24,1.826563648543142,5803.0,Kepler-466,2,434.82464466988074,-905.5746148923868,1135.2679589419024
294.2189131,49.4792536,2400.781228898882,2.28,1.9763741282739278,5828.0,Kepler-23,3,639.8854375522537,-1422.5535858626974,1825.0036797746377
206.1070129,-40.3373505,46.36458777498031,2.137,1.3396084258414014,3307.0,TOI-4336 A,2,-31.735510416437528,-15.551883025948786,-30.01118645604076
324.3894196,-77.9791468,159.2051784291098,2.329,1.5875967150686388,3866.0,TOI-4342,2,26.956655638694286,-19.30660026047238,-155.71410578943664
286.1621273,39.6780204,1459.1628072938365,2.69,1.662918045165374,5316.0,Kepler-121,2,312.60432355231967,-1078.6519083372982,931.6354950979119
293.732787,41.9006366,681.5841914579479,1.89,1.9544059452263833,5588.0,Kepler-449,2,204.17627366444526,-464.4042977642014,455.1897489355676
37.1105554,-12.5493631,206.26597778730383,1.76689273,1.6468709616617971,4278.45,TOI-4363,1,160.56166614545458,121.47833958953933,-44.817607786635065
80.066927,-4.2392481,108.38205132780304,2.09370701,1.485455744519756,3500.0,TOI-4364,1,18.644505625092744,106.4653153059853,-8.011747425846162
295.4865821,51.0135237,1301.2550601317685,2.49,1.9821423997885472,6215.0,Kepler-450,3,352.27244449139613,-738.9998719451548,1011.4583756317573
288.4505905,40.2452006,897.897046401325,1.02,1.8502447046849357,5903.0,Kepler-130,3,216.90506785725123,-650.1235399697002,580.095406162926
164.9324709,-82.2213501,1300.786035819045,14.36327424,2.2996038555210756,4913.0,TOI-4377,1,-170.00387316691064,45.76722163941484,-1288.8166493002345
252.0478813,-32.4337532,1848.9596489205942,16.69017226,2.0761553825292713,6020.0,TOI-4379,1,-480.9942607886277,-1484.568356483421,-991.6416184050985
290.4015156,48.8227234,959.457935052194,3.16,1.6241869744587327,3905.0,Kepler-1663,1,220.20809113400313,-592.0737750639154,722.1610420226938
297.2778906,48.3203542,1873.4010269947435,1.87,1.9629535560253975,5588.0,Kepler-133,2,570.9337507840197,-1107.211978099871,1399.195374389446
285.8884067,47.880364,2294.387985417617,1.57,1.7482885857306374,6248.0,Kepler-529,3,421.26956624963543,-1480.0148336113375,1701.8531876959773
101.5953368,-75.4441271,431.2989211719899,2.55505441,1.6443235533818354,4467.38,TOI-4405,1,-21.787353184366186,106.18358270045029,-417.4555274639907
18.0485164,-56.9253875,739.1554782388598,11.2089807,1.901849478752847,6219.0,TOI-4406,1,383.5313462217457,124.97603676310705,-619.383175191932
285.8537014,38.3840916,1634.354968943309,4.28,1.772471662610759,5376.0,Kepler-149,3,349.9775657999933,-1232.3845340133573,1014.8202935845713
286.8653826,41.9889571,1258.1395659028854,2.56,1.6861238222961243,5262.0,Kepler-152,2,271.30722282978616,-894.9207926472002,841.679471662697
282.460502,48.2570293,1311.0582473100521,2.53,1.7510473402634537,5404.0,Kepler-153,2,188.34037210698148,-852.3287115766251,978.2317718702659
270.3172389,35.5948992,68.04711851830078,2.52,1.3935625004683976,3422.0,TOI-4438,1,0.30636797687402695,-55.3318419436087,39.60686486499435
274.2686643,21.9095459,143.43640732263572,1.71932648,1.8047865009554729,5834.0,TOI-4443,1,9.905335115511736,-132.7074278677527,53.522199792232854
298.5508922,48.3325405,2090.324771629384,11.57887706,1.7556042872557722,5191.0,Kepler-553,2,664.1733635294626,-1220.6682950625957,1561.5057820880372
291.0972257,38.8756049,2221.153602761184,1.35,1.8098457519570923,5866.0,Kepler-157,3,622.425228761841,-1613.2852648626108,1394.0662881789137
279.3581286,18.7299522,482.30097236296524,13.26022417,1.8223516271714129,5640.0,TOI-4463 A,1,74.27135654234472,-450.68064357662143,154.87075593856952
276.1340312,15.8418856,331.81365306207306,11.62,1.7936553618229116,5557.0,TOI-4465,1,34.10917149617123,-317.3833417304028,90.579684092433
306.4220814,45.9710306,1368.316851215815,13.1238,2.012248314683024,5773.0,TOI-4487 A,1,564.6424343187098,-765.2447377877821,983.8040546653143
305.6897438,47.3086191,115.56970415970105,2.22447,1.588961504021594,4006.0,Ross 176,1,45.71602641309933,-63.644620770429135,84.94565142222342
287.773573,42.8692755,2693.9416908337475,1.99,1.7767971411933234,5711.0,Kepler-160,3,602.7010132912243,-1880.1728849002739,1832.7638268679639
286.3624951,37.0259902,363.87812382388347,3.63045,1.9173933254505269,6156.0,TOI-4495,2,81.83962215385135,-278.7406959494658,219.1191220886752
297.2789115,43.7239693,2458.352515679794,1.39,1.7785145971303806,5815.0,Kepler-162,2,814.2544915953599,-1579.014886262217,1699.1758894323657
114.4673065,-62.0782776,973.0046310968452,11.09689089,1.7636809171015375,5315.0,TOI-4504,3,-188.70752985517117,414.70781088508767,-859.73537318338
80.4513677,-69.9882175,497.1910466860344,8.2,1.8137950958364613,6260.0,TOI-4507,1,28.224523080786057,167.7880889033578,-467.17177828265216
287.7808115,47.6298453,2560.0236687039474,2.564,1.81418793960689,5923.0,Kepler-164,4,526.8491670166679,-1642.833102754414,1891.3620848564574
49.3052786,15.5017268,333.82003484427935,2.75304932,1.798355739800914,5418.77,TOI-4511,1,209.7422391291913,243.89329588185458,89.21921885107008
18.0905179,13.7550796,278.16537827955875,2.22799,1.7065526764532568,5558.0,TOI-4513,1,256.831710716378,83.8985003749427,66.13994011748484
21.1861778,21.5130638,541.3111794119241,12.26639677,1.7427510599326006,5420.82,TOI-4515,1,469.5623574946133,182.00092657403823,198.5060404789254
49.178124,15.6563542,165.45651976264483,1.72,1.8477204113675578,5596.0,HD 20329,1,104.14749803675056,120.56294489268463,44.65125869955966
16.9688462,12.8809549,63.26828190977308,1.90997563,1.5084739983336206,3386.96,TOI-4529,1,58.9909990244002,18.00029046327072,14.10415091934354
292.6585253,38.3455558,970.9866684674112,9.959,1.6763393519137022,4868.0,Kepler-167,4,293.3698890017525,-702.75174503823,602.4028580727885
184.9787579,-25.8278531,606.4158073144821,11.85910158,2.315633264721517,4896.0,TOI-4551,1,-543.7796830046017,-47.37141779953176,-264.1963975680823
264.7142556,-47.6370457,60.03838361795586,1.28011238,1.2863545819754358,3304.0,TOI-4552,1,-3.7268618625903076,-40.28332055571705,-44.361831489686544
294.7101832,39.8250437,3871.0971737802215,1.854,1.9323676706883592,5947.0,Kepler-168,2,1242.805863842482,-2700.7892360224887,2479.2265762194925
211.0135378,-30.0141252,72.68177357884309,1.415,1.395754215701585,3558.0,TOI-4559,1,-53.9384220007888,-32.426821823061005,-36.35640341241817
60.9618951,-76.0214574,499.3566651176222,2.02245635,1.7322732418276057,5631.0,TOI-4561,1,58.54975208001944,105.46107849080737,-484.5688459365884
112.0100593,-63.5177788,964.3189956760389,12.53,1.8556019754954183,6096.0,TOI-4562,2,-161.15428428539948,398.66931680124264,-863.1356775845471
294.6679021,43.8532104,1507.7965752267387,1.552,1.7045037803754797,5106.0,Kepler-176,4,453.7925441271426,-988.0734392828308,1044.6213274406646
286.0471442,45.0532038,4136.9934261291755,3.5,1.9124833095148275,5732.0,Kepler-177,2,807.8831324278018,-2808.698942623381,2928.0112195620018
184.2109675,75.1402358,508.74004658390004,2.26974262,1.744923078791126,5951.32,TOI-4578,1,-130.1162607106578,-9.58018229087096,491.725953966372
256.8601374,68.8656263,1092.4060612266712,10.15776883,2.183485309926946,5234.0,TOI-4582,1,-89.53894811420992,-383.5616621048879,1018.9279811344403
287.1010275,46.8964033,2054.1346240426906,2.99,1.7636809171015375,5535.0,Kepler-178,3,412.7480174259844,-1341.5727926045483,1499.763504671706
258.4503674,64.5661727,606.6184721409677,6.8,1.7116304300954515,5170.0,TOI-4600,2,-52.16115223997695,-255.2482817210646,547.8261582090472
60.6003316,31.3298354,163.67335881075329,2.550449,1.857245038687533,6011.9,TOI-4602,1,68.6314932467595,121.80292673181596,85.10425111989099
83.8659288,21.2942417,634.374867734058,14.2395,2.2007199468666294,6169.1,TOI-4603,1,63.15841482818594,587.6805609102464,230.37804968618963
296.1512831,50.0957806,1745.093925346784,1.371,1.6982947408109204,5120.0,Kepler-181,2,493.40644985826003,-1004.8902673611287,1338.6928079598376
256.8431021,62.475548,256.7193863408649,3.52959232,1.985228915643119,5490.04,TOI-4633,1,-27.00396286913472,-115.52281799147926,227.66226704462952
12.8206627,12.7879858,468.20418607499636,2.933,1.7524197665499857,5700.0,TOI-4638,1,445.2076661652961,101.31755759322884,103.6341949799526
38.205319,10.0724659,690.6751565317253,2.84326517,1.8243290235506775,5743.01,TOI-4640,1,534.3672329488708,420.5858800489756,120.79465925329347
42.5582023,25.3335334,231.09241903177553,8.18255591,2.01944065118451,6560.0,TOI-4641,1,153.85080130019645,141.26606504239254,98.88142363803085
293.5308112,39.3159329,3022.915922820405,2.19,1.774207350618636,5888.0,Kepler-183,2,933.7161870351354,-2144.2461916705292,1915.307554419431
293.1234493,40.9348005,1952.978818720172,3.02420941,1.7548404458566376,5245.0,Kepler-598,2,579.4051871971673,-1356.8573953946802,1279.5913034955415
57.5160311,-31.0940247,302.59517550648025,2.87998299,1.648305218449476,4520.41,TOI-4662,1,139.16316418424464,218.57734610058446,-156.27347102324137
296.4985951,46.5772484,2902.648824360305,3.02,1.8756802935503716,6155.0,Kepler-193,2,890.2150278614047,-1785.6047633461603,2108.199001718168
56.2898862,-39.0631799,429.1217218931744,12.8688,1.582091528665892,3666.0,TOI-4666,1,184.9187756890443,277.16800474522745,-270.4226243193742
35.2157609,-1.8260419,1600.217526527733,15.5423,1.9847376714382752,6110.0,WASP-116,1,1306.6918995404387,922.3081528878519,-50.99100899702981
294.8351052,48.9823204,1913.945573139068,3.3,1.987316569025403,5933.0,Kepler-464,1,527.5752114953176,-1139.94255102178,1444.0855353905679
291.971429,47.8640498,3159.9462976426607,2.06,1.9465288194686023,5565.0,Kepler-194,3,793.1792727949768,-1966.0096080729268,2343.2740911295305
295.5594278,40.236249,1489.6522828326738,3.264,1.7583142678672645,5721.0,Kepler-199,2,490.6337856427668,-1025.8953625793333,962.2271650564962
290.0305195,42.1660555,2515.9035359780573,1.09,1.840052627658335,6110.0,Kepler-207,3,638.7303586027236,-1751.9929880878115,1688.879717752946
284.7882977,44.5916225,3130.704658392612,1.15,1.8188728494786557,5955.0,Kepler-647,2,569.0670284866704,-2155.614840904939,2197.907876331701
284.7548499,44.95605,3479.780345954823,1.92,1.7899224234431728,6332.0,Kepler-214,2,627.1494442277681,-2381.2617616712455,2458.688116272706
295.4128785,46.2665801,1881.449715818024,1.483,1.8188728494786557,5594.0,Kepler-218,3,558.1601439958052,-1174.800959568009,1359.4679077508197
288.7389481,46.7625929,2259.8249468664217,3.17,1.8654181500819949,5873.0,Kepler-219,3,497.31575149942415,-1465.9739168624494,1646.3311662206231
90.3581219,12.5478825,1611.291711689261,10.9175472,2.0507667300110564,6070.0,TOI-4734,1,-9.830610389806967,1572.774941672225,350.0618832518074
298.3183909,47.2794824,5365.34493945769,2.63,1.7895055402742792,5746.0,Kepler-223,4,1726.696593492684,-3204.3591324686654,3941.76708387871
86.427665,-45.0292291,863.0155345513664,3.95803201,1.7931393457062024,5595.08,TOI-4747,1,38.004067433158866,608.7476030537251,-610.5553697346875
290.9342679,47.3575414,2245.401001644269,2.56,1.6513868457343808,5195.0,Kepler-224,4,543.4776725230387,-1420.6771741394452,1651.7064038542649
292.1939846,47.4570808,1605.5968300650188,1.17,1.693374801402355,4166.0,Kepler-225,2,410.0829363454302,-1005.1792134451839,1182.957275175595
286.7527322,49.0648788,1197.2127286377354,1.75,1.612779148145941,4984.0,Kepler-124,3,226.1023273978833,-751.1259914431337,904.4367308640453
292.3760942,47.8809596,2818.79770000784,1.59,1.7096068917466236,5559.0,Kepler-226,3,719.6811507421098,-1748.1472556242586,2090.8516655873445
114.9426489,-21.4856184,1408.105747078529,15.22179579,1.9769018932428812,6740.0,TOI-4773,1,-552.5491186140396,1188.0487311130207,-515.7436174836987
291.9342748,48.141676,3116.7786896012526,3.1,1.8137950958364613,5850.0,Kepler-227,2,776.8935879075618,-1929.2478675148009,2321.3677904869382
109.3883818,-19.8289392,933.0420225257149,13.0113,1.9607647748293109,5964.0,TOI-4791,1,-291.3771015340652,827.9459530386004,-316.50007795810654
295.8161668,51.1217249,3887.107695072575,3.83,1.7844694940870127,5847.0,Kepler-232,2,1062.502178412097,-2196.309570231165,3026.040255130948
110.4835517,-12.5654781,1553.2137628421356,13.7385,1.935297818803499,6214.0,TOI-4794,1,-530.5106461176331,1420.1579031930473,-337.9097178780227
286.0790779,39.278237,1220.2933571626247,2.246,1.5827837454471907,4000.0,Kepler-235,4,261.6215478448654,-907.6529428688891,772.5517319506383
290.4617926,40.5624966,3936.1525830820615,2.861,1.832988946353755,5766.0,Kepler-53,3,1045.35143489266,-2801.613343892003,2559.5898511671185
287.8971066,40.6378141,5188.852827706904,2.15,1.782352690227932,5858.0,Kepler-238,5,1210.0328761279466,-3746.980832178718,3379.371058285364
291.1587635,40.7502108,2143.6024593006105,1.48,1.695679543715602,4768.0,Kepler-240,2,586.157039882537,-1514.4350123205982,1399.2633853471891
286.5656932,41.8084168,1718.9154201884735,2.82,1.7196258715527752,5015.0,Kepler-242,2,365.30064145309944,-1228.061958459729,1145.9011690803554
183.563961,-13.1748411,213.1195231766815,8.47398941,1.3663021402674942,3390.0,TOI-4860,1,-207.10870213135382,-12.899393381584353,-48.57491441999031
173.714867,-24.6054801,671.2424948835743,9.93012,1.7592136167706003,5427.9,NGTS-30,1,-606.6229667662029,66.8124796956766,-279.48373062883365
287.242641,42.3014185,2981.9486757522677,2.69,1.7667792290465103,5527.0,Kepler-244,3,653.7496191178652,-2106.373097014315,2006.9433765052443
291.0323102,49.0402129,398.4816953403763,2.29,1.8866788201844358,5793.0,Kepler-68,4,93.74908376472251,-243.81366901776744,300.92136118047523
296.9853002,43.6586043,532.341813234038,1.09,1.4994503074712602,3568.0,Kepler-249,3,174.75788901718792,-343.1993149589736,367.50743741487855
288.1646541,45.8164257,4003.9294914824213,2.52,1.7636809171015375,5956.0,Kepler-254,3,869.9590503122257,-2651.5072377905094,2871.2596523977195
294.0230229,45.8530535,4800.575972278787,4.99,1.859486491147906,6505.0,Kepler-31,3,1361.194297160134,-3053.9892152293373,3444.681353080724
197.3416711,-32.8294537,266.5463142559653,3.7197954,1.614922689360058,4201.57,TOI-4898,1,-213.794696085082,-66.76024809872366,-144.5054837821876
296.0642702,45.9767647,3028.387873135513,1.37,1.7487496731023373,5569.0,Kepler-255,3,924.7076340858679,-1890.5463127614028,2177.586632242634
297.9516071,46.2647024,3974.6589001143034,3.0,1.8254192131385143,6317.0,Kepler-1666,2,1287.9604249427114,-2427.244745431426,2871.855543340362
204.5426717,-28.1429206,849.3356587635963,12.6054,1.8137950958364613,5809.9,TOI-4914,1,-681.2584458338362,-311.08031883158526,-400.60832051156586
208.6418883,-45.1544786,1179.004741583918,5.88108,1.858430733578619,5804.0,TOI-4930,1,-729.6915162554948,-398.53305540321145,-835.9269558598402
58.2511684,-62.4079681,981.846607955226,6.61,1.859486491147906,5504.0,TOI-4940,1,239.29559401941347,386.7149944423934,-870.1792305666108
192.5018624,-59.8919345,597.9820553208791,13.44993018,1.7850239759338327,5078.0,TOI-4961,1,-292.854712845554,-64.93431394249795,-517.3028035133274
296.2005506,49.1400304,2121.8449425714907,10.77,1.7886704962419435,5514.0,Kepler-15,1,612.8828563904588,-1245.5122154053215,1604.7740918693237
153.6696689,-15.6428372,1687.5950188610457,20.7112,2.189901631547498,6736.9,BD-14 3065 A,1,-1456.488498568988,720.801070687316,-455.0428745919302
283.1325335,-78.4344302,934.4954188527962,9.09747,1.8404210404022199,5520.0,TOI-4994,1,42.568153222587995,-182.45636728737662,-915.521334663685
296.7719082,41.7555958,2482.133785461962,3.44,1.832988946353755,5949.0,Kepler-171,3,834.0582155743455,-1653.168150283067,1652.9882301015725
238.108194,-48.1451,582.9790677373395,6.25,1.7680999213478592,5749.0,TOI-5005,1,-205.51037976293705,-330.2715055184363,-434.22437733523935
236.0638704,-61.0413649,569.8377013456594,10.6224,1.627919912838472,3757.0,TOI-5007,1,-154.02787392521105,-228.90572516186518,-498.59060251583645
283.7317274,45.9585288,487.24888934101796,1.47,1.5111536729000605,3834.0,Kepler-732,2,80.4052498371528,-329.043622425202,350.2524382555841
243.8850212,-69.2170972,572.9558444617288,11.2818,1.781077325974338,5845.9,TOI-5027,1,-89.48769888781236,-182.54631094830006,-535.6745241373567
292.8733696,42.9661583,2599.3059025004477,1.77,1.7672199341152601,5739.0,Kepler-82,5,739.3221440862993,-1752.492549586046,1771.5992226467881
289.0775348,46.0051696,3481.8648984558163,3.2,2.042540238186703,5904.0,Kepler-33,5,790.4740171719935,-2285.650727274346,2504.8622221960545
50.5104166,17.2392094,220.97915466896924,3.02618,1.7313332277641686,4794.4,TOI-5076,1,134.21586771137117,162.8771898881161,65.48976001518477
106.569578,22.6831477,105.99176445999711,2.54811,1.7680999213478592,5670.0,TOI-5082,1,-27.888691080552334,93.73250752908196,40.87410030162893
166.2695041,11.2464069,360.1288245339021,6.28796,1.9112465342545746,5880.0,TOI-5108,1,-343.1196477849722,83.83705857058098,70.23549796448856
94.4042694,31.6103309,1116.7634781584193,11.98240037,2.1440413931112126,6160.0,TOI-5110,1,-73.03598021997256,948.2635227896163,585.3398184716503
151.6597827,18.6340631,445.52309677946386,4.74,1.8860206011828309,6150.0,TOI-5126,2,-371.5689259905764,200.40580944357666,142.35474893180717
165.3651202,5.1394812,506.22410752367307,12.02041386,1.7333096958500798,5296.38,TOI-5143,1,-487.8307350589931,127.38756413904116,45.3478717545093
142.7859562,20.0193431,140.84490323424777,1.54732112,1.7332924670637966,5156.16,TOI-5159,1,-105.38889030773062,80.03524408970891,48.21647301774003
114.6393985,31.3944536,419.61384631919833,2.23474,1.8098457519570923,5653.3,TOI-5160,1,-149.32856748062622,325.5702151794261,218.58818345234954
174.1094967,-2.0233506,552.1508524170905,4.80454584,1.8346991301439526,5643.77,TOI-5174,1,-548.8929714337424,56.630622506051104,-19.49467440440211
280.6774738,21.6998203,1371.2410151408196,13.34989601,1.9715933262696894,6060.0,TOI-5181 A,1,236.05935797285645,-1252.006736111898,507.0079228654132
278.7819771,36.6156327,1936.1721141809116,14.81827249,2.0447799912518487,6850.0,WASP-188,1,237.26878302359086,-1535.8584832649394,1154.81803749223
313.7706819,24.360977,231.3796240430235,11.1125,1.4232260550371543,3262.0,TOI-5205,1,145.81117010625402,-152.2063097236582,95.44041269211795
314.316923,21.9502055,855.6935438916266,10.72699453,1.8753423407310632,5723.0,TOI-5210,1,554.4744812089544,-567.8554685187979,319.8588088816196
292.6634642,71.7629612,1073.9838284991406,9.38757809,1.6375336883914506,3937.0,TOI-5218,1,129.50609370486467,-310.1496565512815,1020.0375611280696
289.4346668,49.473455,2423.766315434143,11.68,1.7560572002236274,5866.0,Kepler-426,1,524.0405602408915,-1485.2249439908232,1842.3168860983362
294.3374248,35.2764934,1745.3979225865123,12.778238,2.034603019635491,6500.0,TOI-5232,1,587.214342836119,-1298.2739029617228,1008.0069923494541
223.3588909,68.859472,822.5723208202849,4.89644,1.8058578772852494,5430.5,TOI-5238,1,-215.69631871472654,-203.68091249168327,767.2121003732541
298.652736,43.9549884,495.26283562261534,1.06,1.5517606997441922,3876.0,Kepler-186,5,170.95721948912777,-312.8721897890361,343.75848834627095
305.4585453,19.4358468,1072.7417826339652,10.8804,1.8137950958364613,5686.0,TOI-5261,1,586.8496061226042,-823.9932111370846,356.95610374727835
283.2125621,45.3496992,852.1845471816208,1.75,1.6340667040344243,4967.0,Kepler-62,5,136.8863608670623,-583.0429501652768,606.2520473584292
327.7191734,-8.6359458,605.0116295881185,10.76062147,1.7181385906699358,4774.0,WASP-154,1,505.70218323673174,-319.4548411563827,-90.84590397053665
344.2223631,-8.1197473,957.0520140406308,12.64373023,1.5963874605778603,3919.0,TOI-5292 A,1,911.761373617375,-257.61814038995516,-135.17636221102558
355.828682,-2.0450945,450.7779062090518,11.9,1.5304684744203585,3586.0,TOI-5293 A,1,449.29743984418144,-32.76822069565819,-16.08648464150926
356.481137,0.4587978,451.5914607268006,11.9692,1.6691242279191756,4219.0,TOI-5300,1,450.72560011031186,-27.716505316565637,3.6160945233094504
12.9908008,13.0783712,1802.644945645047,13.5292397,2.118186298319718,6240.0,TOI-5301,1,1710.94708958714,394.71392530011525,407.90902645946073
35.2135563,23.5204408,158.1935914237665,2.83,1.5019865342948058,3580.0,TOI-5319,1,118.50750087949322,83.63984478884451,63.13129942068735
6.5293373,14.3364283,1361.814205497438,16.6117094,1.9530104030320625,5692.0,TOI-5322,1,1310.8472848546455,150.0321319186105,337.20570202144995
46.9523734,15.3590831,940.2424142895633,4.02422162,1.7621822225203316,5528.92,TOI-5335,1,618.8926094369253,662.5760019305135,249.03971024556733
59.3094816,22.3783373,1523.164359497952,15.07607904,2.0474515949563905,5990.0,TOI-5340,1,718.8762616260065,1211.182142025983,579.9003408800301
63.2662165,20.9151568,381.6923620719574,9.7,1.5629443064762651,3770.0,TOI-5344,1,160.38918489215789,318.43051327276964,136.25849276481776
52.7125703,20.8796279,526.3632008527163,9.42671,1.582091528665892,3640.0,TOI-5349,1,297.9377991328569,391.27731662687955,187.59890338979878
74.4023015,21.6019759,784.2773542499491,11.5863,1.8513217907144042,6257.6,TOI-5350,1,196.06615424558854,702.3389749177719,288.7368972959613
112.7611492,73.1287844,811.3823271864791,3.48093238,1.980080420445612,6400.78,TOI-5380,1,-91.10517406545925,217.14268835070766,776.4600318270583
160.6307133,28.1986255,1381.4321607012328,14.44837612,2.1033623562073185,6050.0,WASP-197,1,-1148.5681191097026,403.78277299040053,652.7676176256443
226.1069193,60.5362318,1123.2111148524646,14.70618268,1.8873359809556787,6094.0,TOI-5386 A,1,-383.04069940276855,-398.1344008609081,977.9427539382251
152.1765169,35.5475571,34.71744019685958,1.89426,1.3190378509473168,3495.0,TOI-5388,1,-24.98159008981064,13.184386222469454,20.183973106005507
161.8795569,36.3294345,359.94353097825814,10.3,1.8180957505532118,6000.0,TOI-5398,2,-275.5975940027612,90.18802956887912,213.24031278224217
288.6425609,43.0393769,1902.674513574668,1.64,1.6898665265109791,5100.0,Kepler-247,3,444.535198209059,-1317.6709466338123,1298.5769282399042
282.2325197,43.6655662,1140.3594543849433,2.2,1.5607603979240374,4082.0,Kepler-83,3,174.78275493745525,-806.1867010116931,787.3586710600715
86.8436173,25.6260342,983.242100046169,9.10169233,1.9563517342674048,5820.0,TOI-5422,1,48.8134034852154,885.181685992403,425.247765105282
297.3330716,41.8911186,1362.2571729038991,9.95,1.9112465342545746,6210.0,KOI-94,4,465.6295838123459,-900.8645709071409,909.6025069727756
296.5662171,44.1058077,2658.075806969431,1.33,1.7501298226802984,5526.0,Kepler-251,4,853.6074597098276,-1707.1280718360085,1849.9824449635728
190.5495041,3.7886012,240.7363695606776,3.7963,1.553395263317391,3654.0,TOI-5486,1,-236.15001911366414,-43.97889747225191,15.906749479273053
128.691294,11.4895882,111.63771700470198,1.4,1.4431692254923743,3547.0,TOI-5489,2,-68.38894742343464,85.38994708093702,22.237101111687025
291.2544229,36.7434302,473.1260461467868,2.48,1.6634861535426746,4919.0,Kepler-1731,1,137.43714296814503,-353.33827826007786,283.039482036427
135.204056,27.9983339,700.9965866234502,4.02844,1.9112465342545746,6317.0,TOI-5502,1,-439.22168033566624,436.1042384857715,329.07996468273086
139.6163639,16.9899558,373.2730861373891,2.49746964,1.7243892380205619,5494.0,TOI-5515,1,-271.92150119558187,231.28945617029513,109.07190970419923
41.3804035,5.1507331,244.55052159513443,2.732945,1.6291887943957848,3975.0,TOI-5532,1,182.75439495434512,161.0086165262407,21.954820464524936
289.2262876,49.5482814,542.8572225168276,5.57,1.7436488774402559,5650.0,Kepler-63,1,115.98258215073595,-332.56523715685785,413.08881334542957
291.8419337,44.858124,2409.000735218772,1.7,1.6935752718267783,5196.0,Kepler-253,3,635.3204111181972,-1585.0489898182743,1699.1975215899
302.7984228,-61.1354659,991.0823336193503,13.8062,1.8954625689388938,5392.9,TOI-5542,1,259.16134818803863,-402.1640066012166,-867.9537426684627
294.2809679,42.2909295,4438.645544293783,9.902,1.975845680997132,5854.0,Kepler-603,3,1350.1857692195065,-2992.9803798217617,2986.74423117852
136.4259999,55.3071309,521.2270951072128,9.14959,1.582091528665892,3695.0,TOI-5573,1,-214.93330136827555,204.49231569734914,428.56067651800856
297.1150949,41.9091092,1852.3991605472338,1.72,1.821581120040963,5685.0,Kepler-11,6,628.3217363759007,-1227.0510664252126,1237.3116527287775
106.6800684,65.857249,1709.607314229176,13.9108,1.929416366085977,6331.0,TOI-5592,1,-200.70354678753418,669.8262557937153,1560.0666787743953
110.4601649,35.2219829,377.60432300056465,4.71645,1.67468559141778,4119.0,TOI-5595,1,-107.82892884708971,289.01397246433436,217.7817039440847
199.3262375,55.6815392,1567.5161091683967,7.1888212,2.0629836174479754,6137.02,TOI-5599,1,-833.9533973799711,-292.47512205812893,1294.6377047181638
150.5380078,50.1453867,256.3485097083965,2.3864,1.67468559141778,4374.8,TOI-5605,1,-143.03463815851038,80.79989580375084,196.79183813025085
189.4323154,69.4584273,626.7691463172386,3.23281,1.6691242279191756,4313.0,TOI-5614,1,-216.9516832570275,-36.04184649283248,586.9178095854389
184.9016378,48.6832895,1111.4247075864303,10.78,1.6191560935775176,3996.0,TOI-5616,1,-731.1020911947422,-62.69861124719628,834.759544438954
180.8443476,49.2512257,276.15031086193164,4.07678,1.7216005319712386,5342.0,TOI-5624,5,-180.23576061349593,-2.656262826376863,209.20566209597024
236.4538532,40.3748618,369.18504706599623,2.0774,1.7680999213478592,5382.4,TOI-5630,1,-155.42306032423195,-234.40821052475852,239.15280080975947
175.6436366,20.9652921,867.4423134041707,10.42,1.5458949811110119,3896.0,TOI-5634 A,1,-807.675105819643,61.52847932181949,310.37289951855047
289.0758307,51.757229,198.4781475478281,8.4493,1.620986950517291,4450.0,Kepler-16,1,40.152018391513494,-116.11049224450169,155.88375176343587
295.3225434,39.3764624,823.1426775462511,1.07,1.8066585708060585,5977.0,Kepler-908,1,272.14752884692115,-575.1467388224538,522.212427047099
47.3841872,-34.1984808,459.93835636619565,4.91,1.771601046921307,5485.0,TOI-5678,1,257.5696458181374,279.9497782176308,-258.5136183760076
298.5891948,40.7506921,1591.3147502214063,2.6,2.0790412012549413,6112.0,Kepler-911,1,576.869063213087,-1058.5276335341164,1038.7607844082945
266.9231001,47.7050486,636.3291357037396,10.3,1.5679951692983014,3713.0,TOI-5688 A,1,-22.985018604283994,-427.59867881102264,470.686549355616
169.8248694,44.9890782,240.60869071999176,3.2274,1.6842395401435843,4590.0,TOI-5704,1,-167.4921202338411,30.061540878537837,170.10360216517802
298.1111779,41.758324,5785.179603581403,2.05,1.7546969530060337,5439.0,Kepler-912,1,2033.4020468594288,-3806.436158803437,3852.872036608004
208.4587323,52.6027628,99.40863185338723,1.77,1.304543416238226,3225.0,TOI-5713,1,-53.0789612429982,-28.770042986450033,78.9745819038277
201.9007989,73.1774325,95.19725675901888,0.96,1.1788578424379292,3436.0,TOI-5716,1,-25.562606286812468,-10.276515872590787,91.1233453939679
170.3135774,25.2732942,84.81329009226413,1.09,1.4054740533523074,3325.0,TOI-5720,1,-75.601687651101,12.904395065719902,36.20988247105665
123.3950504,68.5745899,296.22860474302917,2.554,1.8389453929090558,5874.0,TOI-5726,1,-59.559302110331394,90.34340411066837,275.75740268182926
260.3509363,67.5504212,139.47170427421827,1.1269607,1.397927719010451,3444.0,TOI-5728,1,-8.927085249998258,-52.50661773678358,128.90197258357819
111.2558179,37.2311218,75.21450486755023,2.40760015,1.6483146454580107,4645.0,TOI-5734,1,-21.710593190268927,55.81191999552919,45.50715847215727
213.7583971,49.5009379,248.49351055499983,1.69217745,1.5747762728491446,3949.0,TOI-5736,1,-134.169867162879,-89.67788445193075,188.9585895736666
285.5743032,49.9621218,909.2607527435468,2.73,1.572275354079316,3757.0,Kepler-2000,2,157.04440550201872,-563.445365142255,696.1476076810075
297.5830564,41.9523531,2852.0347315514596,2.06,1.5957179208513068,4687.0,Kepler-913,2,982.1232999054384,-1879.9824759824255,1906.6205243198365
298.3957687,42.4597712,2290.6589526102844,2.6,1.8688675706510516,6223.0,Kepler-312,2,803.6652062622114,-1486.6101016685532,1546.360591529083
148.3783199,35.570548,63.69706277838022,1.24,1.4293118336332964,3542.0,Wolf 327,1,-44.11870470855169,27.165025922610273,37.052895542136
296.0472937,42.7429414,1140.012028968111,0.82,1.9634989249010557,6230.0,Kepler-910,1,367.63928444227986,-752.1957720535963,773.7378775990303
290.4120774,44.8993227,2163.278318740544,1.32,1.85453612375285,5862.0,Kepler-914,1,534.4385984316947,-1436.1354305006537,1526.9785506352023
141.002239,82.8586961,311.9467096428819,2.51967,1.6340667040344243,4208.0,TOI-5777,1,-30.138843887350376,24.404004538695954,309.5268070920994
289.5063796,45.3709728,877.436584561712,1.66,1.8746655956896086,6026.0,Kepler-909,1,205.8269871120117,-581.0318702311434,624.4454956835017
290.5921293,45.7372184,2439.229641694985,1.5,1.929416366085977,6173.0,Kepler-915,1,598.7777321465855,-1593.6870320188254,1746.8451895871776
290.9833818,45.9733334,2386.1777805446995,1.71,1.680172303484953,5315.0,Kepler-916,1,593.8601133406835,-1548.4006817537859,1715.7009922747698
288.1009312,50.0336844,705.2120150143483,1.56,1.987316569025403,6280.0,Kepler-50,2,140.73840846228612,-430.5660050349845,540.4901495978569
284.7862158,48.4232622,238.13675887923023,0.722,1.8899541094368688,6089.0,Kepler-408,1,40.332080547272504,-152.7996338968737,178.14238992787298
293.3223259,30.7042468,538.3464825216221,6.85813,1.9143314840802066,6280.0,TOI-5786,1,183.2549818095459,-425.0573158762003,274.8832936093175
287.4249017,31.7615284,263.703795303916,1.99447,1.7361140297684075,5664.0,TOI-5788,2,67.14186946736478,-213.92410150574875,138.8097252251264
304.868782,-7.5476595,434.27809412132655,5.62,1.8299778541982827,5715.0,TOI-5795,1,246.1252390034114,-353.22223782933617,-57.04279500516439
301.630179,15.9891418,61.61308931974807,1.733,1.33329061982739,3452.0,TOI-5799,2,31.062001240573412,-50.43102350628197,16.971644662869455
305.0655462,-7.4119237,105.3102316006445,2.46,1.6925190595810296,4850.0,TOI-5800,1,59.99657956184866,-85.47570955345523,-13.58522716017317
311.2583112,-35.4278412,1697.6356134074977,13.03211608,1.7210352729502159,4650.0,NGTS-21,1,912.2318024251789,-1039.8966776073848,-984.0806442841374
327.2487497,6.2781777,224.3248614330639,3.2732,1.6869287203146652,5134.0,TOI-5803,1,187.53183719347984,-120.63031649229501,24.531209484455186
294.1921185,39.6189727,2363.734098617336,13.43,1.938786493565582,6309.0,Kepler-76,1,746.1550552163147,-1660.8812967680133,1507.3038315441418
322.3777987,21.474527,214.8911032813453,3.08,1.9431058776653831,5770.0,TOI-5817,1,158.38960539559824,-122.07421796248644,78.66895500099034
290.4931471,39.7855117,4797.970281652545,2.7,1.858430733578619,6530.0,Kepler-1762,1,1290.7938485025381,-3453.644178097335,3070.2950925576183
58.003631,19.3909877,844.4977598342072,0.9898,1.9279326841968525,5711.0,K2-411,1,422.0874472141788,675.576380462392,280.3840356199786
353.4175668,-7.6120272,806.6949792710506,0.7599,1.6519711973873963,4116.0,K2-413,2,794.3152808624565,-91.65862625550926,-106.85841287643427
351.6361913,-4.6066569,733.9498874099897,1.9287,1.6702425703723875,4343.0,K2-414,2,723.7981285697807,-106.41409046334977,-58.94699024443673
76.2621295,21.580162,1874.8052047211072,2.116,1.7882523336359921,5590.0,K2-412,1,414.0203799532432,1693.5144267131511,689.5582405766407
284.998698,50.1466922,433.50796778068167,1.91,1.5217289908193201,3732.0,Kepler-1712,1,71.89445672726201,-268.33815620580845,332.79870664606784
294.1710831,40.0551372,2877.1130562231338,1.28,1.8473585220905604,6194.0,Kepler-923,1,901.7250728032313,-2009.140637756521,1851.4927299568171
70.4322947,-40.0445299,3093.298521847006,14.20177855,1.885691093779522,6057.0,NGTS-23,1,793.1112692829838,2231.2941800330896,-1990.1750028446418
307.4182976,-39.0323568,1490.1705257461153,11.46678726,1.7361140297684075,5321.0,NGTS-25,1,703.3616691336362,-919.3502431494732,-938.4485540598396
311.8886385,34.7374918,1185.7998036947956,14.1861,2.1470090834902207,5706.0,TOI-5882,1,650.6298114277031,-725.4281142478342,675.6893324472411
290.6685136,40.3977086,3029.86443115705,2.5,1.803849254512758,6372.0,Kepler-924,1,814.4344121536326,-2158.925463610395,1963.6231568366782
325.2995114,9.5990534,559.3338729100974,10.9197,1.5061789188581765,3504.0,TOI-5916,1,453.4118356289137,-313.9629600884199,93.27029746251047
294.1130368,40.3628861,2171.277788963107,1.14651332,1.8919067592250791,5897.0,Kepler-1763,1,675.8946792785823,-1510.0595819807115,1406.1769725876113
308.0784435,15.5030795,777.5720437050868,7.38288,1.7501298226802984,5430.0,TOI-5926,1,462.111342767768,-589.8093088484035,207.83736245642785
285.6154492,50.1357712,1393.710753974446,4.14,1.972394019790498,5781.0,Kepler-4,1,240.46547692027258,-860.354841608756,1069.7642575230757
290.1065581,40.4906242,1750.39795337709,2.26,1.6466817127844446,4564.0,Kepler-925,1,457.6225458167088,-1250.0690059034291,1136.5747143177844
303.9088422,28.6592261,311.24606838560345,3.82,1.6589190232169395,4650.0,TOI-5938,1,152.36331027373836,-226.6649563444965,149.27335439813683
197.3171237,-60.3084347,257.2665813723757,11.2089807,1.9607647748293109,6651.0,HD 114082,1,-121.65580332264292,-37.931452765376854,-223.48862230561002
289.6793396,40.7004265,2648.6258356315934,2.31,1.8018307125752475,5806.0,Kepler-926,1,676.2059944064863,-1890.718066314867,1727.1796270262284
292.6062979,68.1545924,200.45036583071257,0.94,1.4022597203138618,3419.0,TOI-6000,1,28.671501343628123,-68.85752373937171,186.05626997457165
299.6142524,32.2871702,73.81438043771625,1.5489482,1.2180205771334278,3272.0,TOI-6002,1,30.836114796134215,-54.24995301408664,39.428915552585664
310.4487344,49.6468992,47.97229889137157,1.03,1.2178162512548072,3075.0,TOI-6008,1,20.15194037398786,-23.637685027322632,36.55818111771174
4.5239602,59.7661983,1037.0177641481885,14.9702,1.9821423997885472,5807.0,TOI-6016,1,520.54243220431,41.186616142546725,895.9604243963322
8.3862555,61.8607659,1727.247839768834,14.39233122,2.1449164821024134,6223.0,TOI-6029,1,805.8871990393526,118.80553782125044,1523.0942737052142
317.9001392,68.4020762,322.7024215056472,12.14508691,1.5127205774940902,3628.0,TOI-6034,1,88.13491230832908,-79.63561537035734,300.04542796482673
51.6572691,40.8172704,499.7590995587861,4.71778,1.994957051511554,6305.0,TOI-6038 A,1,234.63209014320046,296.6406390157782,326.6669116258218
289.3834807,41.3926651,2388.9948216328476,1.72,1.7936553618229116,5743.0,Kepler-927,1,594.816319941551,-1690.6281336790312,1579.641198795697
46.0610334,43.5576668,190.91556478693195,4.39378,1.7313332277641686,5359.0,TOI-6041,2,96.00194374733603,99.62508214955302,131.55691802919884
293.8799047,41.3938374,4446.896897943549,3.46,1.8480819805301598,6461.0,Kepler-1764,1,1350.4756103926013,-3050.4093753555167,2940.426888976813
289.920676,41.5427758,1454.2004142567491,1.65,1.695679543715602,4841.0,Kepler-928,1,370.84248778937757,-1023.287148220109,964.3952023741318
56.337007,60.350917,210.99067393504183,2.52777256,1.9929614048477498,6111.67,TOI-6054,2,57.8553717934541,86.87197232572049,183.3659752147153
298.4811022,41.6152603,3777.3791675897205,0.86,1.7161470938600178,5738.0,Kepler-929,1,1346.7010068071188,-2482.2667878878265,2508.6532976389053
266.6044226,38.0787076,525.9202334462551,3.32424168,1.822432446225772,5775.46,TOI-6080,1,-24.52008676444032,-413.2588256888369,324.35782753544163
57.6572277,-15.0262251,807.9167586535774,11.2089807,1.821581120040963,5951.0,TIC 279401253,2,417.44304450243743,659.2394924618751,-209.46141670591308
265.3704236,30.3037755,72.16410970776303,1.18,1.2455666914724577,3200.0,TOI-6086,1,-5.028752781842417,-62.100496328126646,36.412892375826175
294.6741507,42.0756037,759.558035842334,2.85,1.7482885857306374,5418.0,Kepler-314,2,235.35837213716934,-512.3145044670356,508.98791242062106
137.2015437,11.8622503,44.25890022779613,1.015,1.1326829097819646,3173.0,K2-415,1,-31.781373882596732,29.42828441355588,9.097834906365089
50.1319206,42.6069564,420.4042391424917,4.04578,1.7767971411933234,5416.1,TOI-6109,2,198.34749311220517,237.48968462181108,284.59909691232997
298.3144494,42.2473698,2437.376706138546,2.8,1.955240989258719,6130.0,Kepler-930,1,855.7816757391118,-1588.3992759770754,1638.728370161281
124.073681,-8.6865813,594.0937858641647,15.24421375,1.8292216025271144,5750.0,WASP-149,1,-329.0281478218297,486.4537239838666,-89.72557475759214
339.2050832,16.8271941,620.5907643212382,14.5439,1.8619393723892377,5967.0,TOI-6130,1,555.3223999976975,-210.89081646779306,179.65242094434308
347.979723,33.0476125,1138.1040843873407,13.4185,1.8790445422674094,5660.5,WASP-155,1,933.0619906040963,-198.6736045798894,620.648876122645
336.4643016,15.8566392,1532.0237076271744,14.90794433,1.9279326841968525,5990.0,WASP-102,1,1351.1304337116708,-588.4894897306662,418.59683742996265
294.9963415,50.4700458,3284.382501104748,13.63,1.8094487107294992,6109.0,Kepler-485,1,883.3408724506356,-1894.6464574678844,2533.2177399160987
297.7292296,42.8666919,370.19837119842356,1.54,1.4968982456222193,3673.0,Kepler-1650,1,126.24936010681063,-240.17181455969308,251.84406405887566
298.0144601,42.9574314,2194.3526270643824,2.82,1.8231206846168477,5692.0,Kepler-1765,1,754.3100857898387,-1417.7876172192653,1495.352138741842
290.3264599,43.121755,5962.540278874271,2.8,1.8277048886842229,6249.0,Kepler-1670,1,1511.7747433799993,-4081.065047965759,4075.70015785615
296.9520797,43.2720233,1329.1359498325571,1.32,1.7116304300954515,5213.0,Kepler-932,1,438.6297514209684,-862.6422090354271,911.0733963277337
355.9505977,33.0672361,366.5069761445809,4.94518,1.588961504021594,3909.0,TOI-6223,1,306.3773817348989,-21.68946997503572,199.9745744241364
298.0230967,43.3634761,3341.3602694652377,4.47,1.7977634759166157,5842.0,Kepler-315,2,1141.3098918617313,-2144.4058682275822,2294.2588462094855
3.9579137,13.5576175,16.441126144398694,0.97057627,1.2616999712772778,3376.0,Gliese 12,1,15.944869678848375,1.1032050195599277,3.8541793556332777
331.5031606,39.2988284,39.91173969968252,0.96173856,1.3903380207457523,3423.0,TOI-6255,1,27.143805286245268,-14.735945103402441,25.27870096241353
289.5685257,43.5385438,2926.100039996483,2.02,1.6460897446698746,5362.0,Kepler-933,1,710.449485111537,-1998.6475283822085,2015.62174786438
290.2884494,43.7552623,1743.5160349120044,2.085,1.691460111031069,5000.0,Kepler-934,1,436.67266165252255,-1181.211368577955,1205.7797698181762
287.6046621,42.1665104,1141.4480540243512,3.06,1.9237494936199422,5755.0,Kepler-104,3,255.88202939902055,-806.414688360043,766.239778048485
297.0188074,50.409046,1114.982922897154,1.3,1.9112465342545746,6113.0,Kepler-507,1,322.8049304191327,-633.0265725378322,859.2213065970747
164.3491401,-29.9971229,1029.409147519562,14.78464554,1.8766924787436179,6080.0,WASP-193,1,-858.4658416249425,240.50961517169566,-514.6598068336923
290.825835,44.1838993,1095.5676325198447,1.32,1.5563572611458052,4132.0,Kepler-316,2,279.31689060213847,-734.3093201885538,763.5707788631742
175.2563039,-44.4041485,18.085895971918735,1.02145994,1.6093683146780933,4633.87,HIP 56998,2,-12.876702939850347,1.0685449907092346,-12.654973967130312
172.3785238,-40.6094246,148.27488529438628,2.77385,1.7408395611469554,4160.1,TOI-6281,1,-111.57058149280905,14.92926063643295,-96.5119895726397
294.2772343,46.6752351,1432.2547087601781,2.27904508,1.8145804061868913,5868.0,Kepler-1766,1,404.0462532191522,-895.8121159991903,1041.9312975692403
46.7806502,40.147174,421.79683602162766,11.59,1.595047282617736,3977.0,TOI-6303,1,220.7894135858485,234.95778191903318,271.9548610375645
295.0217193,46.6192011,1346.999406681349,1.55,1.7365890488941145,4929.0,Kepler-935,1,391.31512532265975,-838.3481427788812,979.0057537077184
293.5777958,46.7362953,2365.00509660058,1.92,1.8622885854917843,5610.0,Kepler-936,1,648.3393781708949,-1485.559202753572,1722.2134051196645
294.1688142,46.7146161,4530.800136108539,3.27,1.8288429513544429,6126.0,Kepler-937,2,1271.8689719422312,-2834.161565143198,3298.1854729891747
330.844543,67.4986773,40.58371836007224,1.059,1.2959842576715195,3247.0,TOI-6324,1,13.563747618584774,-7.566689936263799,37.49410820218884
22.1679816,53.6860778,383.6466300416389,10.4676,1.4977507045582352,3522.0,TOI-6330,1,210.40479602186943,85.7274765768137,309.1364719878156
293.6441248,46.9896696,2356.629248843116,3.59,1.7220927101302448,5243.0,Kepler-1767,1,644.7065438856378,-1472.5826869600846,1723.2397160114788
294.7890593,46.9839352,3403.375706369796,2.08,1.7201204316998213,5614.0,Kepler-938,1,973.4790383245154,-2107.858640682266,2488.420525464294
293.8656181,47.0268148,6042.563933217967,1.77,1.7455110852701348,5841.0,Kepler-939,1,1666.497888712871,-3766.767037574346,4421.179679518298
294.2413053,47.2759642,3631.3157319298257,3.5,1.781077325974338,6095.0,Kepler-940,1,1011.5599533777872,-2246.490119563139,2667.673621039232
60.4246951,60.8913677,477.0953815340952,11.29,1.4776797785427724,3444.0,TOI-6383 A,1,114.55255528057833,201.85148601740696,416.8377295212353
294.3262617,47.2175461,3132.1233121780106,3.49,1.7848915425619567,6018.0,Kepler-941,1,876.340175779591,-1938.5088153103093,2298.7840072455197
141.2436918,68.7883127,520.2629895755032,2.75958542,1.6888129478739302,5008.2,TOI-6393,1,-146.79156031422406,117.83925695502074,485.01518085812967
299.0512562,47.9492677,10000.0,1.43,1.553395263317391,4894.0,Kepler-917,1,3252.437691809483,-5855.193725016368,7425.520554373676
125.5443036,-19.1242852,1818.7162663853462,11.93756445,1.9087617003916382,6020.0,TOI-6420,1,-998.9274364466437,1398.1565327025896,-595.8448996088343
107.8333348,-35.8505185,1248.773555707449,18.38272835,1.955240989258719,7437.0,NGTS-33,1,-309.98255979980684,963.5562180825025,-731.3724226744739
110.1704109,-33.9223285,1101.1872386371065,7.05099,1.781077325974338,5920.0,TOI-6448,1,-315.0766076145951,857.7197593380715,-614.5379404986603
298.2007268,48.2677925,2948.7695484447872,1.74,1.8513217907144042,6028.0,Kepler-918,1,927.5674169144022,-1729.8532316231667,2200.560913484765
328.7181708,-77.3388025,49.43495989623538,2.25,1.6903984119623052,4819.0,HD 207496,1,9.260210187534337,-5.6262743772501596,-48.23286020812972
298.1147862,48.4943834,3223.3514362145474,1.93,1.8078566779022531,6093.0,Kepler-919,1,1006.611864905612,-1884.0461310140477,2413.938112501775
349.2211822,-5.2015032,329.4164176859305,2.66,1.5563572611458052,3746.0,K2-416,1,322.271749311911,-61.35315361366955,-29.86446681475719
350.1417675,-10.0365901,253.3632568142653,3.31,1.573409207543313,3861.0,K2-417,1,245.80214165409203,-42.714721698667525,-44.155402976288364
229.8374423,29.2078771,62.143781643959336,2.268,1.6023644723634196,4174.0,TOI-2018,1,-34.984163554705454,-41.45308470155783,30.324901749472964
298.4656275,48.5593334,1096.7546693606882,0.94,1.6634861535426746,4969.0,Kepler-1759,1,345.97753488018884,-638.1239725897899,822.1728198675296
149.9918059,-16.1597935,92.86226843672543,4.5351,1.1970276742693322,3275.0,TOI-6478,1,-77.23720563581595,44.60765068637151,-25.845163281120755
284.1329728,49.1426325,621.4709087105467,1.75,1.5397940632007447,3871.0,Kepler-1761,1,99.26924791404431,-394.24705512808254,470.04357916572735
284.2969363,49.1585983,2881.1663527528435,2.57,1.7560572002236274,5638.0,Kepler-920,2,465.29518553329825,-1825.833634943491,2179.6677453372786
284.6162253,49.1907438,2686.6370714448494,2.9,1.7676601645419476,6032.0,Kepler-921,1,443.072736548471,-1699.0098600704152,2033.4873491548242
284.7316084,49.533149,1533.8592719127716,1.58,1.8318623845611663,5499.0,Kepler-922,1,253.14388579115285,-962.7629079290408,1166.9318841454933
284.2739322,41.5349809,6641.612208190987,5.36,1.7176416253665678,5782.0,Kepler-943,1,1225.784790213623,-4818.10291018093,4403.901533751471
291.2697354,42.0960305,4761.809086183921,2.79,1.8098457519570923,6108.0,Kepler-945,1,1281.7613702073625,-3292.6859128161877,3192.198778686835
293.6012911,42.379791,3887.9762586146553,2.42,1.6930475068578255,5654.0,Kepler-944,1,1149.870275009073,-2631.787415962008,2620.6588361299127
294.9550809,44.1499518,607.4812452594344,2.02,1.6566161781869733,4684.0,Kepler-942,1,183.9008839423398,-395.1853049747842,423.1341429844277
287.8915707,39.3390979,1106.2567545110503,1.64,1.5679951692983014,4096.0,Kepler-120,2,262.8507350500983,-814.2110736019339,701.2658736948
225.8370504,-35.2305793,909.0841448233236,9.90639,1.832988946353755,5265.0,TOI-6628,1,-517.352102624387,-532.693611705349,-524.4218724725258
2.2715087,-27.1217452,49.782964355429016,1.40009506,1.4689433173614994,3763.0,TOI-198,1,44.27400546994918,1.7561766727787818,-22.69519383382335
283.6282602,48.3908081,173.3540785296034,1.76,1.3268736291427108,3545.0,Kepler-1651,1,27.123594089532315,-111.87403511730264,129.61538277954023
343.5723794,-43.0102291,114.88469704618012,1.829,1.6757888415117432,4930.0,HIP 113103,2,80.57798993296207,-23.75760713648678,-78.36617418825806
15.7885904,35.3890405,595.246080163325,5.09264,2.038023574422136,5818.9,TOI-6651,1,466.959491985049,132.03578907349876,344.72203178591167
290.3286455,37.7231188,1773.6493993985885,2.13189678,1.824654472201379,5771.0,Kepler-1777,1,487.37913535674454,-1315.5353068944974,1085.2007310723147
170.276336,-26.0666162,511.14017717184953,10.67745326,1.6838470559394616,4722.0,NGTS-35,1,-452.55269189086255,77.54863397393748,-224.6030969296284
290.4719117,-46.8749591,966.9681144793846,8.32098,1.9821423997885472,6760.0,TOI-6677,1,231.18788696291455,-619.2654013980517,-705.7548143461357
286.1154093,37.9669464,1876.1485829995254,2.37,1.7408395611469554,5094.0,Kepler-1034,1,410.5558844553716,-1420.9697879786763,1154.2193174964757
312.6940436,-81.2723982,887.0110500072477,8.36557819,1.9254907173987361,6047.0,TOI-6692,1,91.2648523607649,-98.92340560468827,-876.7402633517513
129.5720221,-23.550217,799.092153066038,9.52763359,1.96810541481952,6400.0,TOI-6695,2,-466.6603229358525,564.6565967456987,-319.27940716665006
290.3926795,40.2849074,1355.9137638349034,2.48,1.9056342642347421,5945.0,Kepler-109,2,360.41934919238633,-969.5175561029153,876.7187326006567
286.0067312,38.0095407,2486.931151426054,2.67,1.6951544904492275,5251.0,Kepler-1978,1,540.3253774653573,-1883.5033628678216,1531.4340078716561
317.0695839,-63.2504996,229.63381132344145,2.32645266,1.681852909924153,4705.1,TOI-6699,1,75.67536736109568,-70.39679124283751,-205.05905944484746
287.7375794,38.1146488,1088.5351630407984,5.105,1.6454969180080643,4850.0,Kepler-951,1,260.91953516013933,-815.7213827514557,671.8842333840907
109.7634707,-58.1155263,1838.2734221411954,5.66481228,1.98525992178071,6088.34,TOI-6707,1,-328.32900937648964,913.7964605602941,-1560.9052709309537
291.3822988,38.1274595,1298.0732223559462,1.93,1.928823539424167,6277.0,Kepler-323,2,372.2875300344366,-950.8303969156075,801.4472171513958
111.657082,-30.5521801,35.77332394284895,0.982,1.1988010128931494,3110.0,TOI-6716,1,-11.369267101519084,28.632117295307456,-18.18439800164089
286.2232284,38.2581676,1953.468109515544,3.44,1.9050058952998201,6183.0,Kepler-1773,1,428.54694663578533,-1472.8392721627324,1209.5989615564868
291.9510277,38.2516419,3129.3439088433533,3.77,1.6828882863124597,5387.0,Kepler-1024,1,918.6370706758249,-2279.3136694892096,1937.4283027443294
273.0346013,-44.2434042,1095.0464943945963,9.30846,1.9662149077285622,6128.0,TIC 87422071,1,41.52917751797177,-783.3718620077251,-764.0226947644454
286.5580128,38.4052418,1627.1516819676538,2.22,1.7065526764532568,5180.0,Kepler-967,2,363.384433254043,-1222.2195735850314,1010.81831391424
292.2945208,40.5918123,882.144198959789,2.467,1.605647653963872,3838.0,Kepler-49,4,254.12657601483843,-619.7934373470815,573.9809806455886
290.54851,38.4952415,1214.7055983752396,1.48,1.680172303484953,4897.0,Kepler-975,2,333.69644200630916,-890.2132668532314,756.0930596394708
286.4023452,38.7385674,1883.3113370098836,2.21,1.7969451494938067,6092.0,Kepler-1775,1,414.81741574043565,-1409.2157060990253,1178.515675497024
311.2697002,44.5002351,15.961968590350871,1.67823,1.4527874083523045,3573.0,GJ 806,2,7.509486172556213,-8.556990918859675,11.187938376577154
189.8392243,20.0273377,74.19625887505103,2.2,1.7003749178788539,5266.0,HD 110067,6,-68.68421305936612,-11.91225299690869,25.409878709014517
154.1166869,28.6820708,77.40646972658108,2.49,1.9750517268886534,5861.0,HD 88986,1,-61.09618091750459,29.64472541128819,37.151157291758544
294.9438822,39.0320499,2704.280492196314,2.4,1.8177066463718359,5805.0,Kepler-317,2,885.9156735161868,-1904.7207031013986,1703.0341872871525
284.6157154,39.130998,1746.1217255382464,2.7,1.7024445623595528,5239.0,Kepler-995,1,341.78127498514607,-1310.6446711908898,1101.969684857581
140.3993759,-60.2811692,11.35713421142,0.867887,1.5382544986248603,3766.0,GJ 341,1,-4.338129662472286,3.5888925612864457,-9.863314793279564
299.1393094,40.948939,869.1620692174905,3.14,1.7501298226802984,5190.0,Kepler-48,5,319.6594386788145,-573.3885662610235,569.6368122857783
291.4186349,39.1273664,418.641055152068,0.86,1.5592979494528374,4286.0,Kepler-1053,1,118.5952614725334,-302.32995908357435,264.18193135720423
310.2917002,3.6382967,252.47182109890986,12.18416202,1.8314861729269982,5756.0,TIC 393818343,1,162.93923752661703,-192.18778516198515,16.021253314746577
173.4691418,12.4510906,194.79514860822547,9.5836785,1.1927400065106855,3007.0,TOI-6894,1,-188.97930147015958,21.634579186056722,41.99902999586342
289.4381201,39.2703594,2504.4529732816272,2.69,2.109127669156572,5779.0,Kepler-1772,1,645.2327681412773,-1828.3541904314475,1585.2697955325127
291.5569554,39.2272923,1981.1579152370748,2.58,1.8440870193401402,5708.0,Kepler-416,3,563.8851972399057,-1427.3434367023704,1252.8810331164295
291.8343455,39.3073462,1660.657968209318,2.1,1.574398755798235,4496.0,Kepler-331,3,477.9038262252982,-1192.7707098149301,1051.9937519129605
168.3240591,-2.7877643,531.3024321953482,3.74825,1.7767971411933234,5019.9,TOI-6954,1,-519.6928957622168,107.39566129992303,-25.84067500910899
291.7484295,39.4467817,1014.8520225542907,1.25,1.7313332277641686,5307.0,Kepler-1671,1,290.3799893543157,-727.9011614957893,644.7976338031979
286.0252285,39.6309204,2721.5967540135953,3.034,1.85453612375285,5500.0,Kepler-1060,1,578.6477976301393,-2014.636262186243,1735.942495833134
285.4195845,39.7061009,2751.400064354189,2.45,1.8879920868937692,6217.0,Kepler-350,3,562.8104661782937,-2040.5459232376336,1757.73121621216
63.9283394,29.166542,442.1356989653494,10.73820351,1.9496415330419778,4080.0,IRAS 04125+2902,1,169.67840594794978,346.79077757982543,215.4747582435606
288.8119782,39.7706431,1438.6444412180847,2.96,1.7455110852701348,5527.0,Kepler-319,3,356.566864945854,-1046.690960519639,920.3238192271544
283.6053012,39.9979286,998.001889837926,2.21,1.680172303484953,4948.0,Kepler-1026,1,179.84359758379927,-743.0835046606388,641.4756095358972
124.0338967,33.2914532,530.81893182359,7.22979255,1.804251769475535,5844.0,TIC 139270665,2,-248.33473544046822,367.7019586857392,291.3655215270343
37.1978356,-80.8991053,89.17232098878618,2.10238538,1.4277008306090466,3442.0,TOI-1224,2,11.235135182275132,8.527262837412135,-88.04976068374525
217.6832961,-31.7324526,3147.5547911089775,14.88552637,1.858430733578619,5550.0,NGTS-26,1,-2118.612130255308,-1636.4631398353895,-1655.4673649843553
19.4722574,5.4711996,33.50463597093431,0.9086617,1.5027847208740972,3702.0,TOI-4527,1,31.4443633854737,11.117901402050515,3.194512676667528
289.9308779,40.0977109,1929.597088167361,1.49,1.5848533899278898,4484.0,Kepler-1032,1,503.1616476975728,-1387.631701679507,1242.8401101687452
216.9882531,79.450396,1169.4794947391003,4.94735276,1.7778928528423275,5116.06,TOI-7008,1,-171.02718124280497,-128.82325817601395,1149.7115116603288
299.5131334,55.6510291,514.1569878746762,3.71,1.5636696907157372,4080.0,TOI-7009,1,142.91180940401702,-252.4607258978447,424.496413167842
295.8092756,40.0084866,6388.744408973243,5.18,1.8231206846168477,6167.0,Kepler-328,2,2130.4964959341664,-4405.3234945703425,4107.330606633175
305.8398236,54.3943194,1589.5139284774925,6.21,2.264165179870516,4900.0,TIC 365102760,1,541.8535017179411,-750.1988141567929,1292.3432402955875
95.3088995,53.2950203,920.4362703183176,13.29385111,1.9344209777557717,6166.0,TIC 241249530,1,-50.90183975524184,547.7800846973258,737.935572550895
83.8689794,-14.5971909,243.21409182505298,13.31626907,1.5381773679685942,3572.0,TIC 46432937,1,25.137388442346342,234.01729578840715,-61.295280703044654
283.469299,40.1325185,1579.4154296949014,3.2,1.9662149077285622,5437.0,Kepler-1017,1,281.2679907450116,-1174.337222082864,1018.0243149214543
98.454881,-58.5250316,25.138921454794247,0.56285138,1.44961536939948,3445.0,GJ 238,1,-1.9298765180875086,12.98303419904425,-21.440190566356826
285.0131082,40.2209547,369.9493829830272,1.44,1.471370331589931,3584.0,Kepler-974,2,73.17324249066347,-272.8365638592038,238.88999973717551
38.4706782,-10.6573827,714.693833682062,11.5004142,1.8548917165648964,5757.0,TIC 4672985,1,549.900901031971,436.9516373099073,-132.17239348510137
357.8021716,-50.8698618,1253.5940833659968,11.43316031,2.374509920734459,4700.0,TOI-7041,1,790.541106108164,-30.33951901189365,-972.4311795647243
288.4714969,40.2698157,1574.5659499182846,2.626,1.6674409561718069,5348.0,Kepler-955,1,380.6455013084905,-1139.5130634041632,1017.7803846149409
51.6403449,-43.6136649,210.41452678546165,2.697,1.8153642106680365,5871.0,HD 21520,1,94.54259729733151,119.4557702325277,-145.14230719117674
284.0323723,39.7815365,893.594761656219,0.43,1.6328447183360684,4895.97,Kepler-158,3,166.50866887762638,-666.2259788437115,571.7774098036529
296.7529742,45.0411049,2214.7291277615946,0.6,1.7672199341152601,5169.47,Kepler-963,2,704.4433255726531,-1397.4094654803857,1567.173090694706
281.2957984,44.4654063,3695.7920988702786,0.51,1.7797979699638335,5565.53,Kepler-1489,2,516.6357078619811,-2586.496249969538,2588.822885468886
297.9400971,40.2785566,1113.6424398305428,4.37,2.023460826198778,5504.0,Kepler-1672,1,398.08290953978536,-750.577124317003,719.9746255084837
286.5907635,38.5582993,2691.996108499487,0.7,1.7836240875567575,5050.28,KOI-4978,1,601.0693266477309,-2017.4348112489386,1677.949789207229
295.933471,40.3005515,2322.6278813824656,3.37,2.0492230122972415,6620.0,Kepler-340,2,774.6728018117733,-1593.0066226339054,1502.269025758308
295.300065,40.5565792,1297.329152921564,4.2,1.9607647748293109,5545.0,Kepler-964,1,421.2324155780554,-891.1214480914377,843.5216344812254
297.2550814,40.5483883,1633.6282707797684,1.33,1.867491293553981,6395.0,Kepler-348,2,568.4678518627525,-1103.5081023118996,1062.0054127081623
244.7384657,19.1758116,346.2520743432603,13.2,1.369810779078113,3363.0,TOI-7149,1,-139.56472118909855,-295.7652106706051,113.73270305146377
12.4454481,79.2878555,400.1753942474336,2.15693,1.6340667040344243,4718.0,TOI-7155,1,72.63468814489808,16.030182814970733,393.2017058433253
320.6806363,8.8893975,83.6253846878785,2.10045494,1.1850845463627107,3166.0,TOI-7166,1,63.91769808284988,-52.35211283898397,12.922426911366257
282.9790593,40.7844188,1581.5578864320337,2.44,2.022989911501912,5923.0,Kepler-338,4,268.95522449154834,-1166.91869756791,1033.0968921744343
291.653163,44.6882613,1883.8903793712705,1.75,1.8531106509510002,5906.0,Kepler-111,2,494.19909775658994,-1244.8285910821974,1324.8441387908667
289.6252192,40.7087351,940.9835885121388,2.94,1.6612089670866268,4608.0,Kepler-970,1,239.5728205535906,-671.862699019623,613.7226500360293
40.1798608,1.1996757,50.36084863209334,2.363,1.6095529758207554,4375.0,TOI-2443,1,38.46840539742496,32.48515224551818,1.0543930526556824
292.171185,40.8113849,2319.6371275859015,4.38,2.0831287744349662,7005.0,Kepler-959,1,662.5395913463938,-1625.8405317404986,1516.0475780539668
295.1581062,40.8988186,2382.2142355810047,2.45,1.8935268719749163,6784.0,Kepler-1051,1,765.4824707963836,-1629.8252633298289,1559.6957594736573
288.5743991,40.9886069,2345.2973898307705,2.955,1.8556019754954183,5880.0,Kepler-1774,1,563.9116690396078,-1678.1096103267098,1538.3015348094555
283.8095478,41.0412517,1866.2122160781228,2.73,1.832988946353755,6085.0,Kepler-1675,1,335.97945565992063,-1366.8799858035438,1225.359108679323
284.0945699,41.1828131,961.1834812891276,4.28,2.0081157689278752,5476.0,Kepler-971,1,176.16428032617708,-701.6208199942495,632.9044603973365
287.9565768,41.1302834,6239.38043185344,6.97,1.7029603402345106,5838.0,Kepler-950,1,1448.8684935962976,-4470.684685846658,4104.09876847473
290.2376224,41.3313637,2207.1031398621267,2.42,1.8961057695620438,5865.0,Kepler-336,3,573.2907326405023,-1555.0069489599018,1457.5991885783253
243.5319622,75.9166315,436.26710463269126,1.87011,1.6340667040344243,4568.0,TOI-7333,1,-47.31463586259029,-95.03119958115143,423.154088865923
297.0210984,41.3771655,745.6523335336229,2.38,2.033686016644794,5129.0,Kepler-1783,1,254.19966633360798,-498.44110417831644,492.885785761286
187.5689308,-26.9309608,521.5976822185005,13.78704626,0.0,10000.0,ZTF J1230-2655,1,-460.98016447563083,-61.25348316215055,-236.24021854086627
277.2031946,23.1439121,565.4225033400827,11.13051784,0.025756797085857597,15900.0,ZTF J1828+2308,1,65.19171439150038,-515.8142636029393,222.2347702809362
291.9127633,41.5335891,3503.347370063277,2.13,1.8750041082652031,5714.0,Kepler-996,1,978.6990042613007,-2433.024002279847,2322.9260123209638
292.1328738,41.5474786,1042.6373702654503,1.57,1.6303897325078798,4766.0,Kepler-1029,1,293.98875349727047,-722.8169808558674,691.5192773000499
293.3002774,41.5233244,2494.1836570024275,1.79,1.7636809171015375,5798.0,Kepler-948,1,738.6342211972116,-1715.0666163409267,1653.4564111724494
297.4521311,41.5580816,3460.6140437929103,2.75,1.7524197665499857,5853.0,Kepler-1057,1,1193.788217656568,-2297.931206861786,2295.6984601667114
83.1031834,-39.8342501,174.46236560929833,3.56,1.3307358995632912,3185.0,TOI-7384,1,16.087316315927772,133.00037698063863,-111.75515643920767
289.2202147,41.7064385,2045.860108698469,1.73,1.6634861535426746,4906.0,Kepler-1059,1,502.80805326541815,-1442.2294716813751,1361.139888824368
298.5153169,41.8912305,1668.501096994306,3.176,1.8307327092820058,5881.0,Kepler-965,1,592.9492829625932,-1091.3808592847224,1114.0892596611325
285.3718781,41.9938697,3757.1705891773104,8.266,1.832988946353755,5972.0,Kepler-952,1,740.2150328971652,-2692.4948242368873,2513.739080077644
281.8983042,42.1657112,1590.8457259086829,1.61,1.6519711973873963,4651.0,Kepler-1048,1,243.11051001842478,-1153.811293753827,1067.8983575072232
93.9592639,16.0238459,609.383399416591,3.51,1.7587641896646655,5638.0,TIC 434398831,2,-40.44143105408751,584.3091103792772,168.21260852443743
290.7082585,42.2372245,863.8088225864668,1.93,1.5273120578733854,3826.0,Kepler-988,1,226.14627012887996,-598.2179515599126,580.6537943701701
291.5161959,42.2480736,1627.745200388075,2.76,1.7403694588390506,5329.0,Kepler-977,1,441.92274844072654,-1120.9569329466765,1094.4013323620313
224.2838576,-30.8800273,335.4239821853217,5.03,1.7596625502717065,3998.0,TIC 88785435,1,-206.0870951637871,-200.99864805338163,-172.1537118761137
228.9538416,-37.1489176,391.0381057847452,16.25302201,1.9634989249010557,9540.0,HD 135344 A,1,-204.6726792886604,-235.0662475136652,-236.14350257495337
294.3667312,42.2526408,4992.065281189499,2.4,1.7569615234059175,5754.0,Kepler-947,1,1524.492526370673,-3365.918815406425,3356.6693070349606
291.7114906,42.3415097,2768.1083316920135,2.45,1.7797979699638335,5568.0,Kepler-1781,1,756.8937381440684,-1900.8802182973636,1864.4543439909728
358.6390056,-4.7233362,286.4775313772705,0.91,1.8538240087440452,5784.0,HD 224018,3,285.4240905142206,-6.781191753979258,-23.589827819227395
291.960662,42.4329567,2665.510710889641,1.79,1.8165371064847706,6122.0,Kepler-343,2,735.7209171196952,-1824.5788783216326,1798.492145871793
223.8576228,-18.4323191,2405.7059841824794,15.91675259,2.0492230122972415,5680.0,NGTS-32,1,-1645.675189411654,-1581.3259283232692,-760.646278962081
295.2048999,42.5596699,2326.4495609676205,1.96,1.67135786140993,5395.0,Kepler-1021,1,729.7483111393766,-1550.4499171299392,1573.5120007764247
273.728188,-54.4340547,702.0157011794915,7.34188236,1.8058578772852494,5820.0,TOI-7510,3,26.5503007589708,-407.45601504355324,-571.0522936097614
282.8598614,42.6658336,1008.9457904681421,1.94,1.5367091133751132,4086.0,Kepler-1009,1,165.1219029412437,-723.2881332066072,683.7840606762838
286.4527949,42.6577891,3119.239619637148,3.26,1.7269821692878775,5646.0,Kepler-351,3,649.6997053903402,-2200.0037883843756,2113.6531003511905
94.2576817,-43.3661845,126.54834733160038,1.73305743,1.5083288063846365,3701.0,TIC 231949697,1,-6.830142432641583,91.74423214751339,-86.89550756150959
287.5711746,42.8138159,1153.9524738185055,1.9,2.018012272637203,5537.0,Kepler-1027,1,255.55023568217348,-807.0048638455115,784.2471157768588
289.042243,42.8824991,1608.5354700490584,1.0,1.7156476998923782,5709.0,Kepler-1035,1,384.554290026863,-1114.1575768305236,1094.6036955990128
293.0940391,42.8964457,1568.720517280082,2.09,1.7469021946502759,5734.0,Kepler-986,1,450.7721997229934,-1057.1253752625648,1067.7895046629574
294.0839282,42.8095104,2269.801846753121,3.04,1.7398988152503025,5403.0,Kepler-1780,1,679.5113502048368,-1520.2105478340368,1542.4735455497498
286.7107166,43.0433585,1957.1363428749314,2.75,1.8054569415869257,6264.0,Kepler-978,1,411.28190639845894,-1369.942988603491,1335.846572794663
293.0794629,43.073677,1163.214256388892,1.5,1.9112465342545746,6045.0,Kepler-1002,1,333.08876858632226,-781.6919772248802,794.4035065697203
286.2858998,43.3205085,1625.0092252305215,1.52,1.8363501212593278,5718.0,Kepler-1005,1,331.53571865182346,-1134.800352117504,1114.8843931889564
162.4997176,-44.5478575,329.8912324222679,3.65,1.9255475342538515,6134.0,NGTS-34,1,-224.22027400125225,70.69759584123491,-231.4202754690166
289.8615609,43.4727412,3012.4642081973675,1.7,1.8074576989426419,6012.0,Kepler-341,4,742.7417142272948,-2056.1102418523105,2072.6036825613637
97.2114071,-78.4730589,508.3202408718944,2.63800017,1.7965726779309383,5241.3,TIC 270471727,1,-12.751032816691687,100.77346326944186,-498.06785435606145
292.7573088,43.4268439,2121.685705922109,2.803,1.9499233351294365,6443.0,Kepler-1015,1,596.0564219507238,-1420.924947356465,1458.5058349370854
294.7433755,43.4611633,1250.386188683912,4.465,1.903430733768022,6071.0,Kepler-1769,1,379.87245112882295,-824.2576881022947,860.0940677211534
295.828679,43.4254371,3449.6411910446245,4.405,1.8619393723892377,5846.0,Kepler-972,1,1091.5435764113952,-2255.0850067124047,2371.3178994491036
299.2502851,43.4103663,1668.8311511402967,2.95,1.801425805249746,5602.0,Kepler-1770,1,592.3720174284618,-1057.7440020533747,1146.8524011851275
302.7734475,16.1897138,40.3211226491832,2.86,1.7230752921218317,5185.0,TOI-5789,4,20.961014122740604,-32.558253790487726,11.242283075556117
282.0354942,43.6312491,1643.8512636700573,2.407,1.7274679137439348,5560.0,Kepler-961,1,248.09682481973164,-1163.6586446764804,1134.281050381125
287.3612976,43.7388,3676.220467055395,2.92,1.8502447046849357,6343.0,Kepler-1778,1,792.5598867809098,-2535.061293220308,2541.635297968416
290.8209991,-7.6820823,371.67492921996075,17.93436912,1.9050058952998201,4530.0,WISPIT 2,2,130.92599277482282,-344.2849482812702,-49.68412033590799
119.2150697,16.6772341,314.5292385746683,2.00021315,1.7192580255095895,4360.11,TIC 18942729,1,-147.06083203117802,262.9719390379483,90.26357448760744
26.1958598,-68.6447552,496.8609925400437,2.43722231,1.6598359679943244,4545.43,TIC 24750448,2,162.3481940191848,79.87064387467089,-462.74678826938606
284.510214,43.9615628,2308.1923553130855,2.0,1.821581120040963,6290.0,Kepler-1025,1,416.2805771352434,-1608.4546239051897,1602.2909077516895
56.0905221,-68.8580554,1451.4470678283533,3.47739942,1.7985312118247112,5567.93,TIC 32032563,1,292.05561802418543,434.46934466457657,-1353.7497904837396
59.235363,-7.3757198,412.82457463193464,3.91982296,1.7116057022590196,4694.84,TIC 34085383,1,209.41772607894052,351.7949924386452,-52.996497233847144
68.2492759,-65.2039666,460.6476832588948,2.18869476,1.630699258684929,4375.52,TIC 38825265,1,71.59051098816984,179.43644423251465,-418.1789680381254
68.3926457,-62.1697135,810.3226796651409,2.62701629,1.6753186694720243,5046.63,TIC 38828280,1,139.30759153328557,351.7189067883493,-716.5961559543132
116.6385519,22.5903733,834.76405773929,3.49391667,1.7428506551366065,5520.79,TIC 62895484,1,-345.558974364045,688.9071532285647,320.66643347932285
310.4738195,36.3388288,420.07418499650106,5.07802804,2.023482004609273,5692.29,TIC 65612701,1,219.64331946967013,-257.4073620103878,248.91882832697118
19.884337,-35.2930148,702.5860579054578,2.59125922,1.7168741187186314,5090.09,TIC 67686059,1,539.2675696919891,195.04541347495064,-405.9248005776594
71.0406969,-39.8976018,755.9071737537886,3.10879526,1.8669360314249759,5961.52,TIC 77319217,1,188.41589271623016,548.4647145530654,-484.8521048676709
152.5133767,-4.903525,1062.2061068685273,5.69176189,1.7487293961934207,4981.07,TIC 77552382,1,-938.8540161529037,488.45790926204296,-90.79548833345251
145.160376,65.7327948,689.4910149026887,2.4123612,1.7935413902992532,5723.74,TIC 86380416,1,-232.58184934139678,161.8872544248283,628.5666709612167
149.2109097,47.7706699,193.9633542560929,1.81295951,1.540157323918385,3483.17,TIC 88692598,1,-111.98905397231223,66.72997638888502,143.6222296018272
9.4800698,-37.0662905,527.584980235243,2.82716337,1.8296074657036367,5719.98,TIC 117642575,1,415.2311145437452,69.33738481229366,-317.9958489539963
66.498034,-18.214545,246.83744940143274,2.45316949,1.890355163469954,5742.35,TIC 139702105,1,93.50171304231118,215.01904134855067,-77.15547901936976
168.2439697,73.8301439,470.1874061627472,2.67899519,1.6599694100482862,4396.27,TIC 142589416,1,-128.19393380900812,26.678452847644714,451.5869488839108
171.8440734,68.1810449,364.2139683934881,2.70601108,1.5832655282020573,4137.16,TIC 153919886,1,-134.00004988147043,19.204497068056412,338.1227420583525
191.7456685,88.8298759,636.7489414157451,3.09467466,1.6659358633382195,4739.58,TIC 154870955,1,-12.73083897454398,-2.6470142537668027,636.6161586455504
59.4555606,-41.6320332,560.5846044106936,3.49015778,1.7013251509345637,4817.31,TIC 160113658,1,212.93646459112156,360.85407833698014,-372.4211257397954
223.6258514,49.097725,450.8271248097697,2.24566738,1.8291307582303369,5683.87,TIC 161045582,1,-213.67529838956898,-203.66415254779727,340.74752572742165
43.4062672,-32.077048,496.8349356337813,2.80405322,1.7281712194701706,5405.59,TIC 178172313,1,305.8457552008897,289.2873310902421,-263.84875850097484
258.5566927,53.7060189,851.8052744349122,3.64811843,1.6996345484362012,5369.46,TIC 188624430,1,-100.03393926067808,-494.18493132397487,686.5469322657013
246.3322839,60.3771414,357.5694572965711,2.92284949,1.6157727574489145,4377.53,TIC 198190129,1,-70.95007487596341,-161.8765440456373,310.8343419802587
56.7694828,-52.3667509,351.2057817449269,2.14817673,1.6323506108221972,4620.3,TIC 206466666,1,117.51936823985308,179.37982100350453,-278.13230491318643
78.5762192,-3.4466123,1128.926262959355,4.79568155,1.8751394348387516,5567.58,TIC 249022743,1,223.19542733994837,1104.5596703634892,-67.86930838318939
74.9407148,-79.5859489,332.0539556420488,2.22686612,1.6460186508508121,4572.94,TIC 260969020,1,15.594867336576959,57.96087705802449,-326.58408764198975
139.0870563,2.5508053,1126.3611052984104,6.63777941,1.7741064486938725,5328.97,TIC 290487717,1,-850.3539159200602,736.9359828211092,50.12897796646136
109.1177907,-58.2371507,529.2497270242309,2.07692266,1.7637573291684658,5201.93,TIC 294329732,1,-91.24448243997419,263.2339728218953,-449.986214824283
118.0726215,11.8241773,817.4970145227269,2.77280763,1.777793715154583,5703.36,TIC 320419023,1,-376.5430949859377,706.0143097486439,167.51256908700478
111.2314215,-64.6398433,679.1406326928943,2.82626313,1.7160327864917932,5098.6,TIC 349520724,1,-105.338277135881,271.1371672392037,-613.6941281176229
267.2508238,50.130808,1103.3007432561692,2.39024009,1.7809887530310609,5731.86,TIC 356227008,1,-33.92269250456152,-706.4426368789588,846.7942972188464
199.8225789,-31.4655097,312.76026416063075,2.86009388,1.6671963053211272,4434.81,TIC 390586021,1,-250.9634021310865,-90.46411777975972,-163.25623119179204
22.9360486,-17.0135676,375.39238118006585,2.77230429,1.6690262272206193,4540.37,TIC 423703298,1,330.5840072160963,139.88932289042043,-109.83911581147919
132.9480195,6.7648369,695.0498215720048,2.21526814,1.7815420193046068,5224.36,TIC 437041147,1,-470.26453215679135,505.2151251948914,81.87308188251006
200.1188173,48.4072699,663.361728345096,2.47771211,1.7313529436538224,5408.25,TIC 445839811,1,-413.49009726976965,-151.4698924431373,496.1165122993729
161.7728559,-43.9317971,1304.7408951473187,10.92875618,2.107981093617482,6410.0,TIC 147027702,1,-892.4833640955643,293.90219623614234,-905.2313225524531
198.0634857,-51.214433,861.1191708178237,10.87271128,1.9012152599884202,6130.0,TIC 245076932,1,-512.8257969117547,-167.25564683309528,-671.23876301525
357.6160382,-41.4124228,3480.677861614973,14.03364384,1.918611668861221,5768.0,TIC 183374187,1,2608.1365917841626,-108.58196920914986,-2302.3796061674407
280.926162,44.0878036,866.4231988481295,2.67,1.7211077604689193,5006.0,Kepler-1782,1,117.95871992824684,-611.0481941618905,602.822531352808
290.144339,44.0498808,1947.9845783532082,3.53,1.7965353711019243,5733.0,Kepler-985,1,482.16986203989825,-1314.4383291177421,1354.403197201081
292.6422963,44.0876251,681.6942095066114,1.3,1.54665123278218,3837.0,Kepler-327,3,188.50193216401075,-451.9062263653545,474.29397995073
286.6383905,39.4879038,685.347966806964,4.59,1.9573709607244156,6212.0,Kepler-25,3,151.44684734159225,-506.7778357240555,435.82325919525465
300.9295551,44.028671,3273.786025891364,1.78,1.7356384579734354,5945.0,Kepler-946,1,1209.8285885868454,-2019.1119341066728,2275.3410133664675
285.1219875,44.1105331,1790.018926955002,2.39,1.726495846908477,5388.0,Kepler-1014,1,335.2845344977602,-1240.7264295219345,1245.9333717617121
289.1926026,44.1493165,1658.2086190206505,2.4,1.726495846908477,5299.0,Kepler-1010,1,391.14359139518757,-1123.678499622223,1154.9931361664437
294.4536991,44.1457626,1094.421128644298,2.32,1.870239229359919,5740.0,Kepler-321,2,325.090979795893,-714.8773922159284,762.249155969988
298.9721472,44.1323499,1672.2880340377776,3.27,1.6850481534867523,5463.0,Kepler-1038,2,581.3856321330389,-1050.0509530298034,1164.4445077273554
281.3487514,44.2952525,1140.5650144232359,1.63,1.7436488774402559,5390.0,Kepler-322,2,160.64370788323995,-800.3982784835881,796.5203996410318
292.6141076,44.3946644,920.3638900231443,2.97,1.5458949811110119,3843.0,Kepler-993,1,252.87546839194013,-607.07293792265,643.8836351283155
290.2481023,44.4352935,1203.5821946129934,4.7,2.000719537367228,5015.0,Kepler-1013,1,297.42896133344186,-806.2987171792614,842.6318833420777
290.6011085,44.5563604,3138.348017562922,1.5,1.7592136167706003,5866.0,Kepler-1054,1,786.8510516014875,-2093.260330231679,2201.8980203027386
283.8450963,44.6090251,4195.071374976302,2.57,1.772471662610759,5895.0,Kepler-1033,1,714.6713396213795,-2899.76594676564,2946.0526423415645
288.9716297,44.6246451,730.6406603146626,4.60975453,1.7977634759166157,5328.63,Kepler-953,2,169.05666845347272,-491.7671030952417,513.2452958087123
293.6764689,44.6155972,2704.6858218492853,1.979,1.7920004854261715,5884.0,Kepler-349,2,773.1418286469071,-1763.2334351903276,1899.6275847481202
297.9541684,44.6674491,2537.6929000370533,2.2,1.7455110852701348,5368.0,Kepler-1784,1,846.029458019568,-1594.2251204175384,1783.9746849356552
299.9572335,44.7718851,1813.0821842090497,2.54,1.7596625502717065,5705.0,Kepler-1768,1,642.7361964225146,-1115.1732274982603,1276.928291320891
284.0592503,44.5183733,166.15455532929698,1.94,1.690929606204274,5417.0,Kepler-37,4,28.779941359230484,-114.92362097787256,116.49726423126835
288.4474035,44.8017616,2058.4832321767076,2.21,1.6763393519137022,5108.0,Kepler-330,2,462.18184487368376,-1385.5415209975245,1450.5226137546733
292.0204349,44.8762427,2708.096381357855,2.012,1.9005800556466523,5672.0,Kepler-1003,1,719.5214674161315,-1779.0510361101722,1910.7726917574914
290.4867838,44.932541,1108.47738196697,1.127,1.7370635166335973,5682.0,Kepler-1055,1,274.65014480748823,-735.1020505071467,782.8884847982898
296.5476395,44.9418307,799.1761142084391,1.28,1.696203923404798,5066.0,Kepler-1008,1,252.82435431172235,-506.0330976072839,564.528840285541
284.1832668,45.0740897,2709.7842898412982,2.45,1.67135786140993,5448.0,Kepler-1045,1,468.8851444221852,-1855.2943079500462,1918.5829796229964
285.1042243,45.0080745,2049.537027693277,2.4,1.8165371064847706,6028.0,Kepler-983,1,377.5838892950182,-1398.977999787678,1449.445752879599
294.6129869,45.060174,2764.7440955723546,2.15,1.7592136167706003,5934.0,Kepler-980,1,813.363479697675,-1775.4765615167455,1957.0213957442986
285.1899439,46.0280596,1002.5039441977107,2.554,1.93354225170255,6125.0,Kepler-127,3,182.37744421531326,-671.7264495868645,721.4819491150714
299.2681646,45.2272852,1254.1702305155768,2.729,1.6089046744768138,4156.0,Kepler-329,2,431.8470449577778,-770.5452683102468,890.343240754609
294.8160447,45.3060844,2912.434640267747,3.53,1.7269821692878775,5679.0,Kepler-1674,1,859.7142644680102,-1859.2246139134022,2070.37454397032
298.3266169,45.3154212,869.6600456482834,3.21,2.0368865669806033,4777.0,Kepler-1039,1,290.17774364039025,-538.3193059647402,618.3185238357222
283.5967317,45.4078654,2905.283467104616,2.72,1.7645685480945823,5807.0,Kepler-1018,1,479.49914743062794,-1982.5067190838747,2068.9175190500014
296.0642944,45.4285986,3683.979634697982,1.59,1.7680999213478592,5990.0,Kepler-335,2,1135.975121123095,-2322.475990539371,2624.3802594949943
300.4174607,45.6054854,2611.393411794403,2.5,1.7171440551144164,5637.0,Kepler-1779,1,924.9621509353314,-1575.459599923511,1865.9441630201984
293.6819098,45.8175241,2177.6935783272756,2.52,1.696203923404798,5023.0,Kepler-1030,1,609.611149960564,-1389.9251559832337,1561.6759035397185
294.5956256,45.8750556,1405.5261133585498,2.11,1.5504116448755787,4441.0,Kepler-1058,1,407.2890273001826,-889.7758636473732,1008.9193307912349
294.613689,45.9846265,4042.55161698694,2.38,1.8498850443786967,5741.0,Kepler-1016,2,1169.9314568568118,-2553.7397617863,2907.214679264721
287.2566578,46.0667247,1283.2786900225062,2.51,1.8114300714276372,5568.0,Kepler-958,1,264.128941937219,-850.2853154199258,924.1509512402408
294.3255898,46.0022646,1393.0130079289745,1.913,1.8348596769036147,5184.0,Kepler-326,3,398.586877745302,-881.7218901540813,1002.0879450286263
299.8966237,46.0519022,712.80615558394,1.25,1.6812608631474,5238.0,Kepler-352,3,246.57266432392413,-428.8614844915825,513.198172021524
288.0119248,46.1176003,2830.283005245953,2.359,1.7408395611469554,5511.0,Kepler-346,2,606.6477966583556,-1865.7485732299242,2039.9663237622647
289.4110582,46.1308443,2627.678978208415,3.54,1.7865753921591394,6032.0,Kepler-987,1,605.2028518310752,-1717.5085452596172,1894.3576002471516
299.6604865,46.1984679,1559.1634231053877,2.5,2.053618257997149,6347.0,Kepler-999,1,534.0496145830315,-937.7908015474545,1125.3132904424474
295.3131906,46.2375024,1172.4297155703678,1.98,1.7014110500221729,5486.0,Kepler-962,1,346.72829831678797,-733.0725319801961,846.7441100798412
292.4996101,46.3243406,2884.8143196295828,2.364,1.7455110852701348,5459.0,Kepler-344,2,762.3622412384676,-1840.5406880495257,2086.4724890369225
292.672471,46.3772776,1183.6399756868218,2.3,1.67468559141778,5271.0,Kepler-1020,1,314.7693120028362,-753.4969695528237,856.8349836111223
296.9588566,46.3940661,1313.4323209917393,2.54,1.7663380483111082,5601.0,Kepler-984,1,410.6753587482586,-807.4286052931498,951.0569167495157
291.0218899,37.7698734,979.6520374055691,2.12,1.7116304300954515,5247.0,Kepler-479,1,277.7936655215767,-722.8516717172525,600.0285447247841
289.2962253,46.4579889,1171.245573941331,1.29,1.7592136167706003,5556.0,Kepler-1012,1,266.6270144461746,-761.5280661549887,849.0001378697888
298.6079128,46.45366,1388.467525392086,2.92,1.7524197665499857,5211.0,Kepler-949,2,458.0193246254753,-839.7908924557911,1006.3854253149495
300.3712023,46.4081872,1650.1888823154393,2.72,1.7216005319712386,5310.0,Kepler-979,1,575.2879376873508,-981.6846940205012,1195.1829556995817
285.2537555,46.5822183,1256.6079988570164,2.81,1.6371057805743707,4580.0,Kepler-1996,2,227.23019881995373,-833.255494174399,912.7515439394542
288.4176803,46.5904531,2301.5420537925547,2.87,1.9934403376686622,6260.0,Kepler-982,1,499.7060444141249,-1500.6255732311108,1671.9786432596675
293.1444017,46.6662155,3683.950682579913,2.61,1.832988946353755,6217.0,Kepler-1044,1,993.6698194348245,-2324.6327092826855,2679.588716306742
293.9815378,46.687728,3463.9145852528163,2.81,1.7694163602044797,5964.0,Kepler-66,1,965.7702378782136,-2171.0379152061155,2520.4337865322573
295.34273,46.6022134,2712.560797964149,2.676,1.7667792290465103,5738.0,Kepler-1052,2,797.7191576723117,-1684.3356123344045,1970.94996718754
291.4181275,38.6723124,258.7746972026084,1.642,1.7737741190871752,5594.0,Kepler-93,2,73.7769550263248,-188.08141713605048,161.69936718317825
281.4572217,46.7465538,805.9827571665444,5.46,2.026274977842281,4854.0,Kepler-960,1,109.70302118095434,-541.2758382558958,587.0212252669688
289.8696232,46.7296855,2912.231975441261,3.844,1.7121347533076936,5321.0,Kepler-976,1,678.4581065041575,-1877.3290529527337,2120.4776121055593
292.6780488,46.7266813,2244.019985612361,2.06,1.8440870193401402,6464.0,Kepler-342,4,593.068303223567,-1419.3025421698949,1633.8531076352288
298.4828337,46.7936357,1397.2573884379422,4.035,1.7903388818711174,5873.0,Kepler-318,2,456.1989554533716,-840.8146054923045,1018.4505495008049
293.6792058,46.8527337,178.4658644959287,1.12,1.7755042969579122,5365.0,Kepler-409,1,49.016561759612884,-111.77304464285452,130.20840201312544
297.4015491,46.8239976,2114.2218498838292,2.501,1.67468559141778,5456.0,Kepler-1011,1,665.7775932573145,-1284.330191567361,1541.8074412426618
297.9381813,46.8813194,2303.5223786684987,2.25,1.7663380483111082,5953.0,Kepler-990,2,737.6754447305179,-1390.9842128639252,1681.4318918206402
299.5259832,46.8992561,2825.665142413891,2.6,1.8098457519570923,5707.0,Kepler-1056,1,951.4987394571859,-1679.9902429697615,2063.1690258897115
295.3075252,38.8815716,5035.464506175462,11.42,1.8608899394336675,6299.0,Kepler-493,1,1675.6367140008092,-3543.632195694157,3160.8250912198964
289.3414629,46.988155,2487.562307599966,8.5,1.8098457519570923,6235.0,KOI-1783,2,562.0052182515776,-1601.1196290181417,1818.9371353685847
289.3520595,46.9736345,1197.2011477905073,2.36,1.6401224283008093,4445.0,Kepler-1022,1,270.6949889944234,-770.7378495483694,875.2016787448321
296.7558056,46.9982799,2070.084345887098,2.05,1.8188728494786557,5931.0,Kepler-1046,1,635.5945376897687,-1260.6786199042388,1513.9214642979628
286.6854729,47.0981948,3211.046786035072,5.668,2.045449530978403,6421.0,Kepler-1000,1,627.6106822938592,-2093.864026924869,2352.1606514706373
291.5344017,47.0424958,1979.7595279343252,2.2,1.8026393259184155,6345.0,Kepler-1776,1,495.2071662914721,-1254.9464289429238,1448.905487388227
298.493273,47.0130566,2110.1396012360506,2.303,1.852038274529174,6000.0,Kepler-1677,1,686.3684963139474,-1264.4875307156576,1543.5863139575279
286.6300796,38.9455907,2603.970088721421,5.51,2.035746387966088,5642.0,Kepler-473,1,579.6006484840113,-1940.510124142158,1636.8090204219134
287.1406177,47.1151153,1216.158994702321,1.58,1.8404210404022199,5958.0,Kepler-334,3,243.91724040564407,-790.8700185087094,891.1070048273041
290.0605123,47.1639533,1943.9718147887959,2.0,1.9524508493352783,5900.0,Kepler-337,2,453.36355106427715,-1241.5247486209269,1425.5189251010938
296.3410342,47.1709335,1275.0012794664774,1.3,1.7065526764532568,5102.0,Kepler-1037,1,384.5941228943916,-776.7660357647045,935.0669221818478
281.5827983,47.2334674,1405.4711043342181,2.56,1.7592136167706003,5185.0,Kepler-989,1,191.61454200862258,-934.8981603015676,1031.7937401797012
283.7175909,47.2043818,543.288609076061,1.36,1.605647653963872,4350.0,Kepler-1019,1,87.52758211371841,-358.5740952048024,398.655306460587
286.6627811,47.4136938,977.5935418108378,1.21,1.67468559141778,5008.0,Kepler-332,3,189.6881354094947,-633.7589203631227,719.7618878040824
290.7659557,38.9279468,3721.6463403062126,5.95,1.8292216025271144,5646.0,Kepler-497,1,1026.4992762251395,-2707.122838812219,2338.4688695394607
289.0720752,47.406918,525.8478531510817,1.56,1.5382544986248603,3855.0,Kepler-994,1,116.28869122152959,-336.351784913893,387.11804626344093
281.6629579,47.5685927,2596.4280619643537,2.5,1.772471662610759,6017.0,Kepler-1043,1,354.1394303981116,-1715.6596340296485,1916.3861732319308
284.4304085,47.6416613,732.8004883226365,3.78,2.017057239698844,5017.0,Kepler-992,1,123.04081813468227,-478.1586676669437,541.4995856818506
289.2489051,47.6501141,2523.323963839233,2.217,1.7623458459799721,5980.0,Kepler-981,1,560.3949392447242,-1604.8231891118987,1864.8495569999618
287.3469567,47.7729078,450.1322739761052,0.95,1.5061789188581765,3864.0,Kepler-1049,1,90.19875663381576,-288.76113592480874,333.31704840290905
288.3724989,47.9335642,1111.248099666207,2.35,1.7776567711876927,5346.0,Kepler-969,2,234.67016530732764,-706.576691424758,824.9555331420174
295.8594318,47.9396001,605.9178308836892,2.2,1.6519711973873963,4907.0,Kepler-954,1,177.0447757328624,-365.26730280440387,449.85704692767837
283.3748873,43.7883708,774.2222836444623,2.57,1.7857343344309844,5952.0,Kepler-1709,1,129.28827890986656,-543.7524470160554,535.7592386438358
283.1137663,48.1312774,1376.9272111296414,2.08,1.781077325974338,5694.0,Kepler-1040,1,208.50697301690118,-895.0311298938559,1025.3646490266322
293.351701,48.4445922,1766.3853129749873,1.68,1.7546969530060337,5571.0,Kepler-339,3,464.4399111000483,-1075.7443768011774,1321.8118923098586
285.2685283,48.5598835,757.1260579245082,18.49,1.8177066463718359,5493.0,Kepler-447,1,131.9596854058958,-483.4064592456457,567.5779278438079
282.9249847,48.6264015,1401.1572387418842,1.51,1.8184844846877593,6086.0,Kepler-1050,2,207.14947568114837,-902.653159684297,1051.4504152435159
286.2739151,48.6186972,2670.678663965021,2.9,1.7313332277641686,5734.0,Kepler-1001,2,494.7449006676552,-1694.7594146522379,2003.88186674488
285.6671724,48.7195865,2086.4509782317045,2.71,1.8223516271714129,6202.0,Kepler-1673,1,371.7290179340275,-1325.3826535534822,1567.9464415117534
290.1563633,48.818971,2368.73702461972,6.256,1.729888015021152,4961.0,Kepler-957,1,537.4369522357617,-1464.1509388083764,1782.7895676614137
292.0134714,49.0191267,1619.0624601790757,2.51,1.7698542326744935,5661.0,Kepler-1771,1,397.98596065371015,-984.3833893267579,1222.2764695032092
292.5308289,49.0616555,1558.8044168413276,2.791,1.7957145798388385,5918.0,Kepler-956,1,391.3809911094551,-943.4411723912893,1177.5444297346753
296.7541629,49.2087085,2836.82328871782,2.303,1.86507160159861,5990.0,Kepler-998,1,834.2932495070902,-1654.9083082414768,2147.7429167737982
289.1995995,49.3056404,3741.6233017740674,1.99,1.7969451494938067,6092.0,Kepler-347,3,802.2959517159759,-2303.932002084476,2836.893277515009
287.6057027,49.5233937,426.0151596243326,3.76,1.6850481534867523,4977.0,Kepler-411,4,83.64433863223097,-263.5893351885298,324.05740728980595
292.8729292,41.0641727,1086.9138444289144,10.6,1.566558422962594,3793.0,Kepler-45,1,318.5323512695198,-755.0667297952671,713.9979551526985
286.4714473,49.6490933,1433.2535568335709,3.15,1.726495846908477,5194.0,Kepler-324,4,263.11842414154637,-889.9011723617722,1092.2730228667624
293.8817361,49.6831419,4282.854196962585,2.59,1.7836240875567575,6106.0,Kepler-1041,1,1121.8669559217954,-2533.8169542794217,3265.582068767672
297.0905543,49.6264867,1108.9521967033072,2.73,1.582091528665892,4450.0,Kepler-991,1,327.1323002179168,-639.5325310629692,844.8417452040457
289.0297232,49.7697034,1990.8742460611504,2.78,1.7676601645419476,5576.0,Kepler-1023,1,419.2556149387679,-1215.5578483811191,1519.942140415527
289.5931004,49.7812447,1741.1361708067034,1.27,1.726495846908477,5662.0,Kepler-1028,1,377.0089125334164,-1059.1676196424778,1329.504944956087
297.3593427,49.7975464,3318.3433356001005,7.09,2.3423732979960605,4992.0,Kepler-1004,1,984.3792807714555,-1902.3629324919202,2534.4457377482395
289.8354219,49.825607,2364.5505483468914,3.0,1.7711650427075207,5445.0,Kepler-325,3,517.6014162020207,-1434.9092236897864,1806.7162448495399
289.2333767,49.9388952,1334.7989841269227,1.36,1.997221621911438,6045.0,Kepler-997,1,282.99605916740114,-811.1322622559878,1021.5997316216703
290.1653203,49.9238126,932.225572796159,2.4,1.7116304300954515,5226.0,Kepler-973,1,206.8973838658139,-563.3826671208643,713.3287892076067
295.1817093,49.9458172,1398.108580709181,2.8,1.7166458784388943,5590.0,Kepler-1036,1,382.8134298154185,-814.1945084121337,1070.1629707091906
285.6025889,50.1120401,821.6400626184516,2.081,1.6425198188193821,4399.0,Kepler-968,3,141.71900204515788,-507.49189554935356,630.4443614710989
297.270576,50.1218365,2956.7892851499982,3.93,1.7869952729476462,5620.0,Kepler-966,1,868.6273362598135,-1685.0573056920923,2269.0683779943092
296.2300306,50.2752091,1554.2763055752807,1.69,1.7977634759166157,5919.0,Kepler-1061,1,439.0320802293428,-891.051759496341,1195.4298091066303
288.6462564,50.7889645,2348.3518382870875,1.79,1.780224867038322,5798.0,Kepler-1047,2,474.6556476808026,-1406.6530641974882,1819.5564100887
281.2797173,44.3154743,2785.23061431823,1.63,1.8326137706397896,5622.0,Kepler-188,2,389.7982575432392,-1954.3500241473225,1945.7859277081639
283.8994187,41.221594,1131.806998707256,1.67,1.6266793840815392,4458.0,Kepler-1062,1,204.49953262625857,-826.3802251057568,745.8302400898795
290.5267975,38.1428283,974.8025576289521,1.15,1.7469021946502759,5568.0,Kepler-1063,1,268.824579167627,-717.9801220896271,602.0613891285993
296.9687937,47.7514799,4819.800178676838,2.31,1.8777021636827085,6643.0,Kepler-1112,1,1469.620380750564,-2888.1801258045098,3567.787165704212
296.6972773,46.3716969,2176.5297031808877,2.1,1.726495846908477,5584.0,Kepler-1681,1,674.7036768178392,-1341.657766270182,1575.4399180940152
285.6729033,44.1167513,3729.4923643030074,15.69,2.5551711694091686,4643.39,Kepler-91,1,723.3102508005983,-2577.9375979640245,2596.184376635197
289.4066969,39.338813,3090.2006452135856,2.32,1.7886704962419435,5749.0,Kepler-1113,1,794.126954751906,-2254.204708048194,1958.8934482580419
296.8034146,46.7411011,2674.564038209928,2.55,1.8823813274233343,6321.0,Kepler-361,2,826.4966616717078,-1635.9430244280838,1947.7901538811655
299.2370531,45.8347781,1192.4964286042373,1.5,1.7632363777301867,5470.0,Kepler-1114,1,405.8060757884297,-725.0031191223087,855.4178150763402
294.9917723,40.1443964,2827.7931230919885,2.17,2.135722667444414,9565.0,Kepler-1115,1,913.2619002731789,-1959.2309596269606,1823.123883710315
291.9336573,44.1154992,2901.114362102629,2.54,1.7680999213478592,5641.0,Kepler-1116,1,778.0016093485997,-1932.05949334088,2019.4861108808138
292.0847866,49.2374206,1626.9808644710442,1.14,1.7116304300954515,5549.0,Kepler-1117,1,399.4010046631489,-984.3557895779999,1232.3105332477226
299.9656619,44.1608805,2552.979618377673,4.32,1.9742562276203768,5409.0,Kepler-1118,1,914.7857437974477,-1586.6506369206954,1778.5982489465998
297.0191018,44.3274936,5068.643633482942,1.69,1.7977634759166157,6034.0,Kepler-1119,1,1647.1976487235731,-3230.1447250419933,3541.7584960821487
290.9144516,42.2865522,1762.3146451744362,1.48,1.71011371625256,4983.0,Kepler-1120,1,465.40116387616104,-1217.843376590787,1185.7538426473534
283.1920779,41.3054172,2188.9675331034828,2.121,1.992679865055506,5648.0,Kepler-363,3,375.26881145107575,-1600.9624018901466,1444.8776999688855
297.7865467,47.8861542,1376.7187558795417,1.7,1.9473800948439757,6331.0,Kepler-1121,1,430.39303560167525,-816.7778362396969,1021.2689821607661
289.8429062,38.309622,3097.1202014321607,5.28,1.771601046921307,5942.0,Kepler-1979,1,824.9212083359674,-2285.934258810534,1919.9383080070695
292.5877743,38.5219827,2482.2901268995365,2.63,1.7865753921591394,6032.0,Kepler-1786,1,745.9448599033899,-1793.095755536544,1546.0071641371715
288.2805801,46.3408747,3543.4171014712647,2.01,1.7346856512211,5674.0,Kepler-1122,1,767.318795365556,-2322.798325158832,2563.519955435708
281.5699998,47.3986233,2562.0618978160296,2.675,1.910936754844773,6090.0,Kepler-364,2,347.8285120766151,-1699.0043130804586,1885.8846302362304
288.3086994,51.4783348,6508.895698961064,2.6,1.7408395611469554,5796.0,Kepler-1799,1,1273.4497116290133,-3848.595961825868,5092.382367274028
294.5177291,50.6703927,2020.2548554779314,1.46,1.7166458784388943,5520.0,Kepler-1123,1,531.3330893603375,-1164.9486617411583,1562.6930103959771
286.5942529,37.8912836,820.409597600504,3.3,1.52651913054099,4003.0,Kepler-1124,1,184.9063584108115,-620.4833676643767,503.8669833459495
297.6513317,40.3524154,995.7320437812886,1.59,1.9769018932428812,5404.0,Kepler-1800,1,352.162391969185,-672.1571371789169,644.7237669225843
295.4812018,40.7319316,5804.548570569802,1.84,1.772471662610759,5683.0,Kepler-1125,1,1892.3079142013319,-3970.6581343949624,3787.5887904731762
294.6481708,46.3923173,4247.503660799903,3.47,1.8026393259184155,5684.0,Kepler-1068,1,1221.7643911848047,-2662.648180861523,3075.529838238644
285.691955,45.6893993,1821.680963275648,1.705,1.7583142678672645,5644.0,Kepler-1126,2,344.1754478521616,-1225.1034549013098,1303.528410831744
295.626564,49.130411,2989.1867052696066,1.83,1.8098457519570923,6011.0,Kepler-365,2,845.9528333992937,-1763.5410348059863,2260.4256194751697
293.2173563,42.7205846,2420.1878336407704,1.65,1.7903388818711174,5364.0,Kepler-1127,1,700.9401242704648,-1634.0486014613396,1641.9126835348918
288.2545808,43.7048379,2927.8371670806437,9.83,1.7895055402742792,6190.0,Kepler-427,1,662.9904638629499,-2010.0414932209997,2022.9699249606983
293.063315,39.4034052,3117.7920137336805,3.36,1.7685392055509868,5480.0,Kepler-1128,1,943.7622816883561,-2216.5512399869262,1979.1009062390747
291.6044965,41.3093275,3408.673943976488,3.5,1.8292216025271144,5994.0,Kepler-1129,2,942.7506741721905,-2380.5705481677264,2250.147348039349
296.8520316,49.0844359,5355.414362959901,2.496,2.040513913351189,5938.0,Kepler-366,2,1584.2989549247948,-3129.3142923872874,4046.955878173378
285.207421,45.384333,702.9913875584288,0.848,1.7375374342654326,5402.0,Kepler-1130,3,129.51615082933162,-476.4547197846013,500.41318692721893
285.7515347,41.3356739,1585.2232245796138,2.01,1.655459872149479,4650.0,Kepler-354,3,323.11802719761016,-1145.5726490783345,1046.99126927122
295.6514492,49.2612954,2965.185399390112,1.44,1.7711650427075207,5957.0,Kepler-1131,1,837.7005317861448,-1744.3943503504831,2246.7021659015736
295.1640095,39.2014024,2411.1345063204835,3.14,1.7899224234431728,5738.0,Kepler-1801,2,794.4886331157743,-1691.1308261139914,1523.9533944271916
297.292558,49.9817499,525.4685804043731,1.3,1.6490410492722565,4710.0,Kepler-367,2,154.93542339155056,-300.27757327564336,402.42467936044727
291.880018,45.3878419,2213.2351984692154,2.18,1.9143314840802066,5562.0,Kepler-368,2,579.2558591863456,-1442.3975762942673,1575.5513083494866
286.3675188,48.4238906,2493.934668787031,2.361,1.71011371625256,5042.0,Kepler-1132,1,466.37803291840123,-1587.9396579798517,1865.6498345627112
293.3224114,42.8674925,2161.575934198066,1.97,1.7546969530060337,5569.0,Kepler-1133,1,627.2246032308802,-1454.8325472677336,1470.531222319535
290.9792378,47.9889097,1996.062465619179,2.02,1.8733087349858375,5790.0,Kepler-1069,1,478.29664113545806,-1247.3561771253412,1483.1049379998399
301.3428675,44.672175,1238.9327307756755,3.14,2.0076268287838483,5109.0,Kepler-1804,1,458.288469321584,-752.4832734501015,871.0309486189178
295.5678578,42.4781064,2715.458904982892,2.6,1.7055295121851843,5489.0,Kepler-1134,1,864.345150979062,-1806.6277095761611,1833.7722987387126
292.1710683,40.9162381,3362.5242677739366,1.91,1.742714582378245,5845.0,Kepler-370,2,958.8870739804363,-2353.0768226097384,2202.3020904541554
299.8211502,43.8142793,1708.4463342945949,3.77,2.089184498701352,7070.0,Kepler-462,2,613.061312029538,-1069.5497043394757,1182.7967428111222
286.0029904,44.7565551,3787.2518398513703,1.99,1.81418793960689,5878.0,Kepler-1135,1,741.4190923779016,-2585.1264202386565,2666.5887608139324
293.1953923,49.316541,2699.697371905935,1.73,1.9112465342545746,6261.0,Kepler-1070,1,693.1593744236336,-1617.6212527211114,2047.2414279389309
285.0865387,40.8990506,622.7824396590885,1.54502915,1.5548789452065157,3867.0,Kepler-1805,1,122.52285612423431,-454.5144426613444,407.7532811482133
284.1078441,44.2458047,1403.815043180651,1.37,1.5875967150686388,4485.0,Kepler-1136,1,245.11939964651157,-975.2960977973796,979.4951133101333
292.3264835,38.6575441,2335.45366968719,1.89,1.794480294316163,5666.0,Kepler-371,2,692.8094525023397,-1687.0224536804967,1458.8742737318412
291.2562253,49.2589288,4306.392268952971,2.63,1.8753423407310632,6056.0,Kepler-372,3,1018.9279864103967,-2619.326426902508,3262.8100162187975
287.1302407,48.665347,2649.8331389550854,2.9,2.0492230122972415,7115.0,Kepler-1137,1,515.4821746847498,-1672.4595857287127,1989.6664861204715
287.5349528,49.8016283,2812.7988211438696,2.1,1.67468559141778,5272.0,Kepler-1806,1,546.9819939180359,-1731.1221841626802,2148.456164332338
285.8993164,48.307285,2506.6649151021265,1.7,1.7636809171015375,5582.0,Kepler-1138,1,456.7452968093406,-1603.4894329021593,1871.7837399169834
293.0579794,45.2487472,2998.6829999963547,1.47,1.5078439065438725,4932.0,Kepler-1071,1,826.8634169622665,-1942.5005604441303,2129.5746516219765
287.9455985,39.2305281,1414.672087456659,1.051,1.706041414458312,5310.0,Kepler-1139,1,337.6360101828093,-1042.503792019609,894.6982079346928
291.5494119,44.5272788,3742.8971949691186,2.14,1.9624074585337903,6455.0,Kepler-1807,1,980.1029806905723,-2481.8575196004595,2624.7020424710704
281.6940529,46.946521,1881.7392369987176,3.0,1.7501298226802984,4799.0,Kepler-1140,1,260.3754751321682,-1257.9631474857224,1375.0185044493137
290.5436836,47.7259073,1120.767556087411,0.874,1.8502447046849357,5837.0,Kepler-1141,1,264.5651628636042,-705.9703512529793,829.2955158017242
292.7144796,44.0822816,3668.1717782321143,2.633,2.033915460328432,5530.0,Kepler-1142,1,1017.4766800382274,-2430.6307264832776,2551.9129435919854
287.302772,39.2896399,1588.4803378624163,1.67,1.690929606204274,5053.0,Kepler-1143,2,365.65298568387277,-1173.7765621290314,1005.8907793754338
292.0443891,46.3289723,2826.2615560461195,1.68,1.9338353703322992,5821.0,Kepler-1072,1,732.4767300813545,-1808.9073981527806,2044.2813524516866
295.025662,46.9559536,4390.498171944446,12.13,1.8622885854917843,6418.0,Kepler-490,1,1267.7103503437809,-2715.4376635145686,3208.704249544558
290.0432936,47.2578857,3283.2823206181115,3.64,1.938786493565582,5559.0,Kepler-1144,1,763.7269325993759,-2093.399441023814,2411.294828432845
295.3081524,43.0444026,1984.4642471205952,1.45,1.6951544904492275,5178.0,Kepler-1145,1,619.9819529931013,-1311.0990943945073,1354.5257069323836
286.716712,47.425658,2016.5345083060197,1.35,1.683969646497814,4816.0,Kepler-1146,1,392.42102282019505,-1306.622605038535,1484.9762732246143
287.2924737,39.3832039,2940.0260087878423,2.36,1.7510473402634537,5530.0,Kepler-1808,1,675.4707786803485,-2169.6907740846996,1865.4581486459751
289.3879904,50.5970115,3138.1743048545063,1.75,1.8367218847334936,5588.0,Kepler-373,2,661.2782564507029,-1879.0584344320184,2424.868745970485
290.2651662,40.5484937,1166.975136526101,1.17,1.6735793555283123,5003.0,Kepler-1809,1,307.13364370816976,-831.8440228697146,758.6405049749092
294.1378921,42.3704075,3645.299604957324,1.79,1.9675661615596873,5640.0,Kepler-374,3,1101.324929517634,-2457.680809395271,2456.6435737923416
292.5474753,41.6429221,4779.498830324296,2.3,1.803446342788002,6082.0,Kepler-1147,1,1369.5725851373422,-3298.7070863803515,3175.911138771925
290.9536059,45.7195545,1792.6014558867885,1.6,1.6818040577943414,5002.0,Kepler-1148,1,447.5664092139766,-1168.7782089204043,1283.379050531663
294.1891824,45.1515263,3506.676863641253,1.27,1.7436488774402559,5830.0,Kepler-1149,1,1013.3255304145188,-2255.8905910755816,2486.143929160911
296.7244553,49.5326846,1019.0761365806094,2.41,2.021100808605425,4827.0,Kepler-1150,1,297.42944308749986,-590.7443378462276,775.2889950433596
292.2477819,47.8784257,1956.887354659535,2.22,1.7313332277641686,5470.0,Kepler-1151,1,496.92776999440804,-1214.7874532580383,1451.4690329599273
293.9835827,39.5728474,3339.102004255828,2.54,1.756509611904199,5570.0,Kepler-1682,1,1046.1974761814265,-2351.611204521926,2127.204216436174
294.121482,48.3497977,732.4935958711014,1.7,1.6577692224259528,4660.0,Kepler-114,3,198.94245609561136,-444.2944467056551,547.330989238996
285.7994917,42.8117427,4127.526083520497,2.82,1.8098457519570923,5929.0,Kepler-355,2,824.4154143985278,-2913.5209647688193,2805.032331809515
291.8129995,38.0880964,2904.878137451645,3.5,1.7592136167706003,5736.0,Kepler-1810,1,849.548316138159,-2122.6255079759667,1791.9390628258334
288.6178715,48.0983639,3567.7079285314526,2.65,1.7250333984372772,5826.0,Kepler-375,2,760.6910343363998,-2258.0175758042774,2655.4181668704045
289.9793241,40.1427848,4007.0563202339117,2.87,1.784047009386177,6091.0,Kepler-1811,1,1046.6219030131854,-2878.80195375367,2583.327748607142
291.9069862,49.262076,2336.9939223684796,2.89,1.8938501253817743,5692.0,Kepler-481,1,569.0245579192211,-1414.994477928877,1770.74624751906
298.0845087,40.2832525,4060.9941161971196,2.31,1.837835150728063,6174.0,Kepler-1812,1,1458.4366713192553,-2733.1874835720614,2625.704070755853
289.1471849,45.86613,3222.251255727912,1.94,1.7211077604689193,5569.0,Kepler-1153,1,735.9486583949603,-2119.6458618309057,2312.657377924772
297.4771158,39.8772345,4208.389349288204,1.67,1.8066585708060585,6163.0,Kepler-1154,2,1490.1199488259485,-2865.287339031553,2698.1867833971082
288.8206058,39.5228712,3248.974060705927,2.6,1.8440870193401402,5900.0,Kepler-1155,1,808.5035747053452,-2372.166842437198,2067.602207502733
288.9240901,46.0575865,1982.640263682226,1.32,1.7977634759166157,5778.0,Kepler-1156,1,446.200445886305,-1301.459008177735,1427.5755767376436
283.1209268,43.5255701,971.6699384538479,1.09,1.6577692224259528,4679.0,Kepler-1157,1,159.9323318977797,-686.1329293998044,669.1679323621881
286.8085258,49.3164211,604.4875962510631,13.775861,1.7985801673205084,5795.0,TrES-2,1,113.95027863120536,-377.21865933836364,458.39575812634496
285.2166767,41.2824449,2084.016105102072,2.62,1.7181385906699358,4922.0,Kepler-1814,2,411.04592051180873,-1511.1617893953764,1374.974335697497
292.4210998,37.6827919,2029.6237608851748,2.097,1.9402313657369588,6140.0,Kepler-356,2,612.6444862853164,-1484.8346722907315,1240.687446594491
292.2339048,41.5751832,4278.308714425696,2.676,2.1392832641022492,6184.0,Kepler-1158,1,1211.0482812571554,-2962.5707390838493,2839.0953017324227
294.266325,45.2042317,3495.0381121773726,2.186,1.892879597236858,6177.0,Kepler-1159,1,1012.0513923240436,-2244.9624616243505,2480.1586503215626
287.8793899,43.3640752,3101.0576894895935,1.97,1.7176416253665678,5782.0,Kepler-1160,1,692.1592749092102,-2145.6048922185582,2129.2848513497393
299.0770621,45.4405583,1566.873372147257,1.93,1.5296816524032582,4083.0,Kepler-1161,1,534.2900180256469,-960.8347025817185,1116.4331665160128
283.2920273,45.4339813,2703.2005781923276,2.22,1.7235656987933372,5575.0,Kepler-1162,2,436.1287595385858,-1846.1018724045055,1925.8745929440076
300.170472,43.9849048,2895.497651197175,2.46,1.784047009386177,5516.0,Kepler-1815,1,1047.0518583452188,-1801.1497042594826,2010.8328614954946
290.235863,50.0300654,1366.875035735961,0.97,1.8440870193401402,6437.0,Kepler-1163,1,303.7085400905534,-823.8639656078701,1047.54792356585
287.5296372,38.8945065,1230.7277005148203,1.22,1.7225842963731024,5211.0,Kepler-1164,1,288.51242830775743,-913.3967973579237,772.7596923382758
286.9712284,44.7082669,4541.628228266478,2.0,1.830355455991112,6224.0,Kepler-1165,2,942.1456234464653,-3087.163217266615,3195.022982384262
290.3484956,50.9028387,1819.2779374758916,1.94,1.803849254512758,5605.0,Kepler-1166,1,398.95150956809607,-1075.707028086688,1411.90095138603
298.3026595,47.6939654,2357.7844383540832,1.7,1.6752375886815054,4949.0,Kepler-1167,1,752.4438397146637,-1397.284480163589,1743.7235466994482
287.2977834,47.455488,2160.2180798606137,2.13,1.6724701176381787,5162.0,Kepler-1168,1,434.30935258097645,-1394.5968181023552,1591.5455550364106
294.1527259,38.2330886,2325.9139467833375,1.95,1.7230752921218317,5741.0,Kepler-1073,3,747.5560222107786,-1667.0649610554458,1439.4200558276393
294.9115874,46.4914718,1494.7739125191429,0.99,1.8853613205372148,5971.0,Kepler-1169,1,433.47497123356806,-933.3475750830983,1084.1175226645603
292.1685422,43.7795963,3022.365832577087,2.6,1.713141536850343,5256.0,Kepler-1170,1,823.4027633540632,-2020.857797923048,2091.1329168189886
300.5171067,44.3815508,2936.291185556895,7.16,1.9056342642347421,6174.0,Kepler-79,4,1065.6401559554772,-1807.863476231387,2053.739670869428
294.4639165,49.7650473,2434.8057580539876,2.78,1.9173933254505269,6322.0,Kepler-480,1,651.285955466353,-1431.5049826296395,1858.7359060317438
294.9589285,38.5915968,1640.0469553557443,2.73,2.089785165836144,7216.0,Kepler-1171,1,540.913093737447,-1162.1661611508237,1023.0038390304254
291.6071451,38.4103192,2653.5650669742254,1.72,1.826563648543142,5906.0,Kepler-376,2,765.6768300168305,-1933.174543426927,1648.6305654352632
295.4220717,38.7356737,2366.177657382389,1.58,1.7605589407881164,6167.0,Kepler-377,2,792.3344508403262,-1666.9948528872967,1480.5846766579848
290.4744875,37.7665499,3763.771672097124,3.26,1.7542425294887813,5806.0,Kepler-1172,1,1040.7342415114153,-2787.3531792676017,2305.105570739273
293.1311803,45.6634153,1072.759153904807,0.879,1.694628761873,5076.0,Kepler-1173,1,294.51880293852724,-689.4497545143064,767.2873731545286
289.0643042,47.1174041,2235.3082932852917,2.56,1.781077325974338,6069.0,Kepler-1787,1,496.8432490613962,-1437.6938521384102,1637.9213471395806
281.8314296,42.298891,4059.720223002068,1.59,1.8137950958364613,5936.0,Kepler-1174,1,615.6624074406444,-2938.955008021847,2732.184391643371
286.2434458,50.0403671,2532.8897436493476,20.35653367,1.982053870246807,5967.0,Kepler-12,1,455.0311554101219,-1561.8061728169373,1941.4526982754687
289.1426847,46.8129656,3229.1997640645577,3.01,1.739427629132802,5870.0,Kepler-1175,1,724.7093098529223,-2087.8040187600664,2354.485487680145
297.919724,45.2742038,2484.577344227015,1.9,1.7045037803754797,5534.0,Kepler-1176,1,818.6760426865216,-1544.9236843998212,1765.2492532098083
294.9489697,46.4388673,421.43493454576077,2.38,2.042090811080768,4799.0,Kepler-378,2,122.50344616027698,-263.3215391818184,305.38840308263804
295.7010981,38.9458209,2098.2837088866495,2.22,1.8440870193401402,6255.0,Kepler-379,2,707.7253949684194,-1470.4726292266741,1318.9501639527934
296.8509823,50.6987736,1248.680908929627,1.748,1.63831511255611,4966.0,Kepler-1816,1,357.23216067603994,-705.6386089749959,966.2625674359327
282.0333419,44.4779955,2148.3563970875985,2.28,1.6724701176381787,5465.0,Kepler-1817,1,319.57914160554463,-1499.2112201581085,1505.21430318407
284.4766869,46.2526781,707.2589297618517,1.16,1.5436177946549638,3900.0,Kepler-1074,1,122.25690509224519,-473.5271346838036,510.9212225023468
287.9978721,50.9441847,740.6523027430454,2.47,1.6443086790559782,4725.0,Kepler-113,2,144.19188951913287,-443.83309054952446,575.1406091459163
298.4501035,44.2840193,2103.694859753812,1.92,1.805055612235423,5522.0,Kepler-1683,1,717.4524639058473,-1324.1316631734267,1468.8326533583108
286.6714813,49.4062964,3744.779082643627,2.01,1.7861550796165324,5679.0,Kepler-1177,1,699.0476414748301,-2334.2677993902976,2843.571102238047
284.3284866,40.5688741,2976.44777331909,1.38,1.8473585220905604,6047.0,Kepler-1818,1,559.5498779443999,-2190.650486428857,1935.7674776939475
296.5600307,46.8574644,3927.814373078088,78.51,1.821966555158319,6065.0,Kepler-1819,1,1200.9609048794312,-2402.4480661065672,2865.948698768142
284.0974305,47.8104856,1183.1970082803605,1.34,1.7211077604689193,5266.0,Kepler-1179,1,193.54615740455475,-770.685829060541,876.6632182559009
287.5011404,47.4691157,824.3934090468472,1.11,1.5320375892519338,4048.0,Kepler-1075,1,167.58780457678264,-531.4837235612105,607.5062734050795
291.1118647,39.9490248,2955.775961017571,1.92,1.7853131557109085,6102.0,Kepler-122,5,816.17078888918,-2113.852616950122,1897.9209385289155
295.8874773,43.1559952,4604.164803296284,1.67,1.7865753921591394,6205.0,Kepler-1180,1,1466.4307369445614,-3021.6755052170065,3149.189033835233
289.7473165,39.5234131,2698.006568210685,1.57,1.9050058952998201,6176.0,Kepler-1181,2,703.1625376259826,-1958.758334165562,1716.9937903569542
296.3079895,43.8213706,4455.321964301732,2.357,1.9090731319584513,5924.0,Kepler-1182,1,1424.6647112702226,-2881.578321594852,3084.9198761986304
296.71274,48.2722828,4107.896547469474,2.7,1.7685392055509868,5841.0,Kepler-1820,1,1229.0625231843717,-2442.3657522111903,3065.7900924951073
292.2324228,38.8921946,5537.552137734212,2.55,1.7408395611469554,5712.0,Kepler-1183,1,1630.7651993966188,-3989.6130822641535,3476.791048709768
291.282031,46.9659514,3333.2826285238875,2.8,1.8292216025271144,6322.0,Kepler-1184,1,825.6379674716027,-2119.615811981739,2436.457230875492
294.5254573,49.872484,2296.3885767762094,2.59248115,1.7473648476840138,5475.0,Kepler-1821,1,614.3449590143433,-1346.4712642418447,1755.8462066630145
291.2243829,45.7780993,1603.6975711196694,1.99,1.6316190685071978,4781.0,Kepler-1788,1,404.9140760647846,-1042.6145752548111,1149.2803566084121
294.511319,38.7904648,3230.9079390306492,3.47,1.7398988152503025,5668.0,Kepler-1065,2,1044.7772095463818,-2291.3546657118527,2024.0801586953705
291.6594558,50.5838585,2229.36731865746,1.82,1.6982947408109204,5093.0,Kepler-2001,2,522.4578190682354,-1315.5876026354954,1722.3082559705178
291.0336333,42.2678448,3169.9347783765884,2.64,1.784047009386177,6091.0,Kepler-1077,1,841.9374987190441,-2189.4797513356725,2132.089624266117
293.2005664,43.0500379,7166.166683371556,1.9,1.7636809171015375,5612.0,Kepler-1078,1,2063.015909193476,-4813.245337623555,4891.8891659689325
282.8631419,41.7966332,1751.3996966622897,3.24,1.749210240938861,5436.0,Kepler-1789,1,290.67775944243317,-1272.9281054274823,1167.2880433068299
292.5916297,38.3995629,2434.316467258616,3.5,1.7767971411933234,6034.0,Kepler-1678,1,732.8895554134998,-1761.3793099956833,1512.0557161200777
299.5495794,45.7696769,1692.4444986376625,1.77,1.9323676706883592,5636.0,Kepler-1079,1,582.2221086719959,-1026.9995329064277,1212.7067891920135
296.4644914,49.1828952,3984.6473808482306,3.28,1.858430733578619,5956.0,Kepler-1080,1,1160.7002109561456,-2331.6220323764946,3015.580950351611
298.866621,46.5022325,977.7701497310609,2.55,1.8177066463718359,5642.0,Kepler-1066,1,324.9177746151882,-589.398832163656,709.2756319572338
289.444752,41.3179652,1197.7020194331074,0.994,1.7220927101302448,5273.0,Kepler-1081,1,299.4557328677968,-848.2353886600013,790.7674227176855
289.3586737,50.5984489,2122.2647482834964,1.23,1.8993066779449554,5866.0,Kepler-1082,1,446.5411850009378,-1270.9476417371966,1639.9087547383328
291.2429746,44.0086337,1974.6552695186979,2.2,1.6634861535426746,4978.0,Kepler-357,3,514.5872033548818,-1323.7392798632445,1371.9248385128471
283.1618831,45.198336,2594.404308911306,3.221,1.6882667048535867,5139.0,Kepler-1083,1,416.27764125143165,-1780.134843545517,1840.8602832064341
290.1019809,48.251146,1155.1945196836807,1.11,1.8986684984060007,6113.0,Kepler-1084,1,264.36994010117826,-722.3474302233373,861.8567764587397
287.4776359,46.1411685,3931.693956899381,3.12,1.8026393259184155,6063.0,Kepler-1085,2,818.1708140425372,-2598.442422627797,2834.9445966466915
295.251187,45.8429537,1330.5024898054307,2.14,1.6159800565288522,4243.0,Kepler-1086,2,395.38881372281827,-838.2992274640181,954.5464716788507
294.9789253,46.0056741,1030.9609810480795,0.83,1.8709233364847413,5457.0,Kepler-1087,1,302.3949153560801,-649.1112346508631,741.6821857510397
293.2302333,48.2813901,3169.0083105983686,3.39,1.772471662610759,5910.0,Kepler-358,2,831.8024294644237,-1937.915694969816,2365.4177538372082
296.8565596,41.7580749,1094.8612008389525,1.8,1.5451373276750542,3757.0,Kepler-353,2,368.9630961379453,-728.6346402961062,729.1631118970422
294.5668577,46.0757312,3079.4594094098547,2.02,1.8098457519570923,6108.0,Kepler-1790,1,888.1530170798025,-1942.8628497007173,2218.00325060802
284.4903166,42.6482636,1724.6392539307847,3.12103321,1.8643776219553923,5887.0,Kepler-1791,1,317.40401237172586,-1228.1665043484154,1168.4358291005358
294.8400788,39.0859757,1721.1968470923387,3.03,1.7998021530188635,5229.0,Kepler-1792,1,561.2338024434396,-1212.3932387562609,1085.1902321959915
288.9612535,42.2650472,2948.9722132712727,2.2,1.955240989258719,6180.0,Kepler-60,3,709.1119441501103,-2063.943715054341,1983.3642394672254
281.5614578,42.4504087,793.5709841502121,1.36,1.8184844846877593,5930.0,Kepler-1088,1,117.35444462986436,-573.6651664772631,535.6221783882426
291.0926509,49.1901729,731.9000774506794,1.69,1.5736921801483623,3879.0,Kepler-1089,1,172.14133130171186,-446.2851165304516,553.9627065005243
284.342725,46.3165907,1704.6999302164204,3.347,1.6724701176381787,4883.0,Kepler-1995,1,291.66492291158625,-1140.6925280984121,1232.7830227429724
291.9129477,40.9539265,3426.0452148181007,2.91,1.6882667048535867,5189.0,Kepler-1793,1,965.6393411152986,-2400.5356554587715,2245.6079452432346
293.2936129,42.1963497,4159.489221869065,5.15,1.8110345668862156,6210.0,Kepler-359,3,1218.5764406837395,-2830.3713058359785,2793.818232483246
295.6629002,44.5258237,2467.411633423695,3.08,1.75741293583354,5403.0,Kepler-1090,2,761.8243877183144,-1585.580741910337,1730.2246911644936
299.7854426,43.6707235,2628.179849851015,1.09,1.6823465315457202,5672.0,Kepler-1091,1,944.3359128444586,-1649.8753364323502,1814.792104101009
300.6196594,45.7888068,1605.967417176307,1.96,1.7146470778218905,5052.0,Kepler-1794,1,570.3803954409377,-963.7057387635659,1151.1163271375954
297.7232008,47.1126833,2821.9679569364343,2.07,1.7977634759166157,5862.0,Kepler-1092,1,893.4245144607513,-1700.0499476068478,2067.6377735421934
284.9780251,41.4202077,3087.30543340665,2.352,1.952730721932086,6314.0,Kepler-1093,2,598.3347163503917,-2236.4462248250566,2042.4883573273733
292.3012109,38.2669983,3718.837984853485,3.059,1.8601888176294028,5779.0,Kepler-1094,1,1107.986835675862,-2701.3884350258863,2303.17642673472
293.2624215,41.3650155,2275.6096416378336,1.21,1.7636809171015375,5658.0,Kepler-1095,1,674.5147383663146,-1569.0375957770766,1503.845115655127
290.9734395,45.2902761,2196.000002582529,2.12,1.7455110852701348,5499.0,Kepler-85,4,552.9810224627158,-1442.5632510189048,1560.6534743332115
294.7094688,45.9695533,1075.4111679199598,1.17,1.5848533899278898,4156.0,Kepler-1096,1,312.44877922828033,-679.0167571809221,773.1889703773804
281.5941261,42.5963949,2065.069839037486,3.064,1.6972506689490903,5307.0,Kepler-1097,1,305.5219365214262,-1489.1618765333608,1397.7005014974222
295.502673,43.2326992,3018.7178657003483,1.24,1.7636809171015375,5782.0,Kepler-1098,1,946.9461959303794,-1985.0756493155234,2067.710115370625
288.7499866,48.2771163,2942.3132261153214,3.11,1.840052627658335,6153.0,Kepler-1099,1,629.4401816965039,-1854.272406071514,2196.0614796313835
291.8713535,44.0873907,1989.2616130846877,1.28,1.7932422704166875,6201.0,Kepler-1100,1,532.2790884188997,-1326.0011364863406,1384.0381943288892
293.9005786,50.4270507,2613.6487817920056,2.2,1.7361140297684075,5770.0,Kepler-1679,1,674.5969639361983,-1522.2730722090946,2014.6373332284852
294.5693544,45.6711623,2130.70718591252,2.55,1.787414722868157,5325.0,Kepler-1101,1,619.0703953382739,-1354.080042224115,1524.1824683958619
281.3225917,48.0664955,3588.6692620136664,3.06,1.8437218974653318,6119.0,Kepler-1102,1,470.84365715035165,-2351.5164739902566,2669.686048057978
287.3821348,49.4524247,3837.2810998752157,2.04,1.8102424078947394,6277.0,Kepler-1103,1,745.2259804175204,-2380.6200214570104,2915.8211177999783
294.4685197,49.3309789,1517.4578970264824,1.296,1.949359536541197,6386.0,Kepler-1104,1,409.599690799597,-900.094716427416,1150.971791141885
285.3873706,45.0490265,1914.203246989885,1.33,1.7201204316998213,5614.0,Kepler-1067,2,358.8473441279773,-1303.9096144355453,1354.7037948501745
286.2847077,44.7815817,2517.4235221766985,1.62,1.8090512834627321,6052.0,Kepler-360,2,501.0544074631029,-1715.171665505974,1773.2884222866273
293.8241813,42.779648,2800.9950426069936,2.7,1.7096068917466236,5376.0,Kepler-417,2,830.422228435964,-1880.6691482760202,1902.3815878921741
281.1117588,42.4549698,901.7795254344256,2.19,1.6502156302864468,4299.0,Kepler-1105,1,128.226596783375,-652.8671683458887,608.7106971839025
294.1533505,46.1663976,3256.125233869058,2.83,1.6855863417299641,5314.0,Kepler-67,1,922.7353530566991,-2057.6583101925175,2348.8195514670406
291.1451576,44.0624715,3138.89810780624,1.602,1.8437218974653318,5909.0,Kepler-1106,1,813.6510760115272,-2103.687913791198,2182.9224491638997
291.049934,39.141674,1222.5516223720347,1.34,1.7166458784388943,5268.0,Kepler-1107,1,340.57430924826315,-884.9204979336616,771.723604395643
297.0746571,39.9338893,879.5182418508986,1.113,1.6560384340460277,5027.0,Kepler-1680,1,306.95478654928155,-600.497067449315,564.5656460924216
295.7921797,47.6000699,2140.1658428857786,2.2,1.772471662610759,6006.0,Kepler-1785,1,627.9120600559064,-1299.3510488793834,1580.4186570865927
296.0422962,45.98514,2203.7475893778883,1.39,1.7096068917466236,5559.0,Kepler-1108,1,672.2772348623308,-1375.7939825710014,1584.8462621642943
291.6462654,39.3966122,1964.5625611597209,2.19,1.821581120040963,5893.0,Kepler-1109,1,560.0105500996224,-1411.0951054897203,1246.8780388436212
288.9845512,40.0644857,1413.7340388312116,5.724,1.9634989249010557,5886.0,Kepler-103,2,351.97575731015746,-1023.1078916636679,909.9490319965593
301.5430397,44.6056251,2372.196802729008,2.21,1.7763666473023791,6036.0,Kepler-1796,1,883.5305426531494,-1439.3627098018087,1665.811045919901
292.4642406,45.9682799,3856.3026414467818,2.98,1.801425805249746,6244.0,Kepler-1797,1,1024.1791449843577,-2476.95856778999,2772.508502216052
291.8080645,38.6226615,2085.4115971930146,2.4,1.6634861535426746,4660.0,Kepler-1110,1,605.274044116068,-1512.6755562081175,1301.690256119697
295.4634045,45.8127697,2417.515553142969,1.77,1.816146515043995,6142.0,Kepler-1111,1,724.4487612395724,-1521.3383327986564,1733.5181335030823
291.7262251,37.528968,1125.2667152353888,2.08,1.5643937899514553,3972.0,Kepler-1798,1,330.3369198589217,-828.9953249805419,685.4702407509517
291.3861294,41.9901394,863.1023909055745,1.31,1.9634989249010557,5884.0,Kepler-100,4,233.9273071915493,-597.3377608945601,577.4178309911316
283.255507,48.3552474,2667.792137793506,1.249,2.0124901093731085,5661.0,Kepler-101,2,406.4865349903529,-1725.5431793111816,1993.585795414143
296.4358022,44.6415369,5194.845916147259,8.564,1.8590645152897116,5913.0,Kepler-34,1,1645.5380264379226,-3309.7203906884447,3650.257474688569
285.3111845,47.8484775,1164.783461188251,2.494,2.003199847839766,5808.0,Kepler-129,3,206.41111389462375,-753.9336910085242,863.5386228077616
295.4042546,42.9812789,920.9284563254968,1.57,1.8238882978220987,5981.0,Kepler-508,1,289.0314960250172,-608.5822815362835,627.8515927953791
290.4341483,44.1077802,604.2357128238598,1.07,1.5359342242109721,4072.0,Kepler-1152,1,151.47396250514817,-406.5593815996563,420.5542825463224
288.4796333,47.1017438,3852.7125788061817,2.36,1.7857343344309844,5957.0,Kepler-1186,1,831.2587697770006,-2487.308526115753,2822.357058997335
286.8919996,38.3185034,2935.7410953135777,2.61,1.832988946353755,5975.0,Kepler-1187,1,669.2702657224216,-2203.934180527298,1820.2547124060059
297.2855,41.3055733,2579.8240222515788,2.08,1.6472728248349213,5180.0,Kepler-1822,1,888.4103061366386,-1722.3327609066857,1702.876676228808
283.1038438,43.1480487,4953.558964157258,2.17,1.832988946353755,6217.0,Kepler-1188,1,819.3680757653484,-3519.9548006315026,3387.668899008662
298.4264116,47.9468194,2247.612943464768,1.79,1.8622885854917843,5919.0,Kepler-1189,1,716.6608755510667,-1323.977452633932,1668.90528131518
284.9996582,49.4799506,972.7266907633795,1.33,1.6634861535426746,4730.0,Kepler-1190,1,163.56850462796532,-610.460536662074,739.4460713233245
283.754777,45.335125,2080.0351888675355,2.0861268,1.846270927892368,6000.0,Kepler-1823,1,347.65775189154044,-1420.2470694992244,1479.3845801737255
296.7071957,41.2036197,2992.400390375304,2.38127597,1.8295999032590398,6002.0,Kepler-1824,1,1011.8503480419696,-2011.211193881644,1971.2048353965624
293.1802903,41.6177408,1787.4161315405668,1.07,1.832988946353755,6112.0,Kepler-520,2,525.9858343338815,-1228.3837500341483,1187.126232556411
289.3473634,44.2084445,668.4167681600053,1.54,1.9228474985977917,6239.0,Kepler-126,3,158.73192206354278,-452.0688778112002,466.0674657064166
292.5140647,42.6517554,1226.7670507629327,1.35,1.701928132838338,5035.0,Kepler-1825,1,345.4880931371911,-833.5032723540103,831.1844977579696
291.6577923,48.0092619,2747.569699133613,1.52,1.714145846720863,5477.0,Kepler-1191,1,678.3927477594272,-1708.3879318050756,2042.139369839229
282.1405603,43.8964934,3756.9968764688947,2.57,1.7641249735402877,5831.0,Kepler-1192,1,569.3673494664058,-2646.718584193965,2604.9428184205744
292.7700072,48.8998469,956.6379987522389,1.18,1.5127985600762166,3815.0,Kepler-1826,1,243.39421887101375,-579.8614743380998,720.8856951384892
288.1447323,51.2756446,2303.3863037135725,1.13,1.8165371064847706,6072.0,Kepler-1193,1,448.7350759830757,-1369.2856292786162,1797.0203563590485
292.2525301,40.7927895,1968.5405821824504,1.48,2.0076268287838483,5387.0,Kepler-1827,1,564.3750876348322,-1379.342662181469,1286.0974319399502
282.3947017,48.7591334,2336.9620750386034,1.12,1.8513217907144042,6062.0,Kepler-380,2,330.67911159681347,-1504.6782840010915,1757.2667205002797
296.4673039,42.5987984,1199.4478321526894,1.8,1.8681800113439924,6156.0,Kepler-136,2,393.5091594573376,-790.3864707824198,811.8588980131198
291.6994841,38.1452065,2173.871898742121,1.51,1.765896390881139,5547.0,Kepler-1194,1,632.118457714763,-1588.485173733198,1342.706274799815
284.3510523,40.8529319,2640.533718631209,2.3,1.680172303484953,5132.0,Kepler-1195,1,495.04953468887624,-1934.9516724360124,1727.2250295690387
292.369585,43.9108663,2651.4399815079346,2.0,1.7546969530060337,5900.0,Kepler-1196,1,726.9637370981465,-1766.407122454836,1838.8756288079733
291.6693437,42.5907441,1390.8850272508769,1.15,1.614062520979394,4555.0,Kepler-1197,1,378.10361676639485,-951.6142114813574,941.2912442626659
288.8339659,44.838198,2132.319818888983,1.439,1.749670290409674,5346.0,Kepler-1198,1,488.1237574660124,-1431.072696000611,1503.5138663097023
293.7258092,47.2469219,1612.5221767072087,1.51,1.9702553417307682,5798.0,Kepler-1199,1,440.44152931290137,-1002.1270611136955,1184.0525254450051
296.6034317,44.1292537,1685.5452089017354,1.05,1.6352850474451182,4493.0,Kepler-1200,1,541.7795348645792,-1081.7468974983303,1173.6103427485002
290.3814122,43.2930645,174.67139990175906,0.58,1.5144368545005131,3841.0,Kepler-138,4,44.277250888839475,-119.17626566110485,119.77746324096516
294.6147908,40.8331158,2714.868281774277,1.94,1.7998021530188635,6136.0,Kepler-1201,1,855.5712342308769,-1867.4558330929635,1775.1384064313786
292.290606,44.6532281,3384.0646436175366,2.4,1.7240555177994272,5722.0,Kepler-1202,1,913.1124061544205,-2227.438264688716,2378.3687735314916
292.7734523,44.178088,898.9364274400148,1.01,1.5397940632007447,4115.0,Kepler-1203,1,249.55461266542244,-594.4378151729734,626.4605971395247
289.4415238,42.4981476,3383.601409728426,3.14,1.8280845950855813,6096.0,Kepler-1204,1,830.3563160706536,-2352.481434127315,2285.8473243775616
290.2796734,41.5150499,2003.3526089490424,1.75,1.7915857173422127,5325.0,Kepler-1205,1,519.9298788493793,-1407.0870295341465,1327.8556729476954
292.4275963,37.3207616,2505.1651953861337,1.74,1.7342084136751554,5718.0,Kepler-1828,1,760.0715699839109,-1841.5537989250524,1518.8230543223085
285.1828685,43.8310283,755.0472958471286,1.58,2.1178128365197146,6197.0,Kepler-381,3,142.65203718279912,-525.667876443413,522.8958777128878
288.664484,51.4983798,1949.6058969650924,2.0,1.6691242279191756,5181.0,Kepler-1829,1,388.415722638633,-1149.8713830555257,1525.7431573886029
282.3919451,43.8894167,1113.228424542151,2.81,1.8722881254376968,5616.0,Kepler-139,5,172.16781715125555,-783.5893827203193,771.7664460404849
295.9383737,49.7911337,2187.2969958908807,1.64,1.683969646497814,4859.0,Kepler-1206,1,617.6436269996501,-1269.8217279986955,1670.4302671355053
295.0641963,49.3589615,5059.842189589859,1.53,1.8082552678038222,6102.0,Kepler-1207,1,1396.1118925145338,-2985.234481429383,3839.4335074354435
295.1390408,40.9790527,3040.9820444956827,2.19,1.8404210404022199,6428.0,Kepler-1830,1,975.2881222205591,-2078.3294803425774,1994.2245221487951
295.3024604,49.5890456,3031.1672764701707,2.32,1.8026393259184155,6063.0,Kepler-1831,1,839.8349728651291,-1776.4871723834378,2307.974350518939
285.6616933,37.9645672,995.3267141283176,1.82,1.7482885857306374,5580.0,Kepler-98,1,211.83694181622707,-755.5727136408408,612.299152654026
299.8517779,43.7320611,1388.6672950067643,0.98,1.6646200070066723,5242.0,Kepler-1832,1,499.46218546079024,-870.2855178073313,959.9674468496106
297.9707271,47.7316041,853.0791676299639,16.16,3.0,4173.0,Kepler-141,2,269.1167885345572,-506.75949518523436,631.280472066644
292.8085984,49.5794242,2637.380832973456,2.647,1.927635300472081,5936.0,Kepler-430,2,662.9115376901515,-1576.3419880898439,2007.8525563193127
287.5849352,49.1547328,1444.7099099536144,1.51,1.929416366085977,6210.0,Kepler-1209,1,285.46250712060623,-900.7134649773611,1092.8920966660316
290.8714239,45.4102813,1693.9036853883579,1.12,1.8619393723892377,6292.0,Kepler-1833,1,423.6655788053283,-1111.1330211066256,1206.3169492775396
292.8321598,48.2193376,3387.394137195512,1.55,1.7546969530060337,5791.0,Kepler-1210,1,875.7732361141833,-2080.1131287001203,2525.9829079829533
285.7207618,40.8569116,5269.281811703571,2.69,1.7848915425619567,6075.0,Kepler-1211,1,1079.8407744632584,-3836.319047173599,3447.01767927722
296.8534096,50.0373196,3792.839598638756,1.77,1.771601046921307,6119.0,Kepler-1212,1,1100.4080221106835,-2173.401072153793,2907.0710664580242
289.4858423,50.9441967,2319.8774301658773,1.29,1.8664560361538043,6074.0,Kepler-1213,1,487.58547119395786,-1377.9809104181784,1801.4606045641654
299.1362435,45.8699582,2689.4048939322797,1.46,1.7702916365810464,5594.0,Kepler-382,2,911.7482656254675,-1635.6526608563702,1930.3507859115462
295.1190067,48.4813635,1569.6527754819151,1.526,1.84262457086894,5759.0,Kepler-142,3,441.67749697446334,-942.0668343555424,1175.2620575223975
285.1427113,49.8006565,2092.3572103178526,2.096,1.683969646497814,5212.0,Kepler-1214,1,352.7857583012321,-1303.6175641860548,1598.1496020881611
297.4636477,48.1813978,1894.8892890258187,1.22,1.7711650427075207,5629.0,Kepler-1215,1,582.6914881261899,-1121.0760010421436,1412.1843531272445
290.4950939,38.7954956,1781.492528183577,1.72,1.8753423407310632,6388.0,Kepler-135,2,486.14195960786424,-1300.58522330471,1116.180854523126
287.4052661,45.917979,3624.309319357041,1.455,1.8385756471473726,5654.0,Kepler-1216,1,754.2185209594263,-2405.939273989221,2603.503154385701
281.9156128,42.7755535,1095.5068330718989,1.1,1.8026393259184155,6363.0,Kepler-144,2,166.02805462874454,-786.7969481512473,743.9895622677105
289.1866841,50.9375614,3882.996494306727,1.87,1.8177066463718359,6156.0,Kepler-1217,1,804.1785438224076,-2311.0154376929063,3014.9902638647227
295.6087625,38.7357368,1970.3732512562406,4.8,1.999972499854997,6954.0,Kepler-516,1,664.3150204440183,-1385.9884041545074,1232.9202920009848
291.5788505,44.5316825,2414.524799346405,1.36,1.8295999032590398,5897.0,Kepler-1218,1,633.034337067531,-1600.5881434276096,1693.3148348346879
297.2158443,47.3785082,2531.4681946521423,1.32,1.8681800113439924,6053.0,Kepler-1219,1,783.9737472772608,-1524.4108805989015,1862.763498468635
297.070398,42.9777396,2766.0150935555994,1.38,1.7936553618229116,5811.0,Kepler-1220,1,920.9408410284021,-1801.9713288804728,1885.6316700236114
294.6646789,39.7838461,1429.8401021131938,1.26,1.6525547148479038,4894.0,Kepler-1834,2,458.52875292292686,-998.5340135464478,914.9447656251369
291.3877397,44.5290465,1622.2414027430912,2.2,2.0492230122972415,6144.0,Kepler-145,2,421.7451433642904,-1076.8449889938329,1137.6304639474884
286.6895986,39.2120802,598.523459928776,1.956,1.8184844846877593,6002.0,Kepler-1655,1,133.18070160167068,-444.20736423300514,378.3821485841611
285.8223636,45.7118423,2626.300857388314,1.47,1.6460897446698746,5195.0,Kepler-1221,1,500.0125965562008,-1764.3781845702404,1880.0035155861653
294.889616,49.3798215,1183.2346460338508,0.69,1.638918439472536,5166.0,Kepler-1222,1,324.21196348151005,-698.7864764530757,898.1248747454952
285.2956462,44.5527542,1312.763527064337,1.54,1.7045037803754797,4873.0,Kepler-1223,1,246.77981221348955,-902.3444574488003,920.9898383726627
286.6257591,37.537313,1601.2453267191947,1.248,1.8657644050045799,6125.0,Kepler-1224,1,363.290747661705,-1216.636457471628,975.6034846977266
287.6550196,39.2441716,1099.1547999486377,2.53,1.93704587811059,5622.0,Kepler-510,1,258.1708529260334,-811.1542339030359,695.3545094200175
290.6332748,40.1369671,3882.446404063409,1.82,1.832988946353755,6369.0,Kepler-1225,1,1045.9329472585061,-2777.7602363028345,2502.6910356412054
296.3768521,50.6214592,3240.2884252851204,1.36,1.78065131873237,6184.0,Kepler-1226,1,913.3245483963244,-1841.7482998445967,2504.6497855694142
287.0664109,41.8749712,1786.8515652382143,2.11,1.756509611904199,5632.0,Kepler-1227,1,390.4737259887484,-1271.9073466053876,1192.736553962342
296.552761,46.9661945,1473.436201502028,1.54,1.67468559141778,5063.0,Kepler-1228,1,449.4878128482881,-899.4579174051672,1077.009935337064
280.3148152,43.9856885,4047.06814740576,2.7,1.7977634759166157,5913.0,Kepler-1835,1,521.3984209508226,-2864.8591303364174,2810.602504749532
286.0261113,44.7828571,2574.26811079407,1.12,1.7592136167706003,5585.0,Kepler-384,2,504.4361281176393,-1756.1568703677362,1813.3707689165917
287.9757213,39.087168,2997.959197044621,1.33,1.9410958438420556,6007.0,Kepler-147,2,718.1381663938308,-2213.3929096476854,1890.2192329553432
288.5308924,40.942373,643.1618355681072,2.13,1.804251769475535,5680.0,Kepler-131,2,154.40277552209062,-460.6357250380428,421.4637095422197
292.3150933,40.8387799,4244.6374011110365,2.15,1.7924148330659788,6123.0,Kepler-1836,1,1219.3269952129253,-2970.7970582520607,2775.7076907225983
288.2076012,45.6834463,3539.8270388306646,1.43,1.7815028896896852,5966.0,Kepler-1837,1,772.7162781243695,-2349.179490983682,2532.7141049672264
294.0054181,46.3106625,1781.9007530483545,3.62,1.6316190685071978,4505.0,Kepler-1684,1,500.7357371197349,-1124.3847161430747,1288.4847788737382
297.4868347,46.9966782,749.7172109105605,1.66,1.5304684744203585,4013.0,Kepler-1229,1,236.00524747118405,-453.61631687999613,548.2788127967394
283.2645129,41.7114526,3930.7964412392316,2.85,1.8422581397268125,6165.0,Kepler-1230,1,673.2799122838852,-2856.074686180989,2615.47169916445
288.5882888,42.6056644,2839.3508086252746,1.64,1.8552470003001447,5557.0,Kepler-1231,1,666.1715604080066,-1980.8279770784075,1922.0949486869858
296.5500966,49.102307,1813.3688101779367,2.12,1.7915857173422127,5495.0,Kepler-1232,1,530.6688356091717,-1062.0305733025652,1370.6889107342981
297.3750954,46.6622201,3393.6767468165617,2.6,1.8889742753799745,6198.0,Kepler-1233,1,1070.9403852257985,-2068.2532981917975,2468.290268119739
287.5220359,51.3759464,2635.273118778007,2.87,1.6930475068578255,5072.0,Kepler-1234,1,495.2516223985851,-1568.6335910292237,2058.8294971075907
283.23581,41.343037,993.1089818842049,1.41,1.8157555500102016,5921.0,Kepler-132,4,170.71083150259565,-725.788632058729,656.0138134834458
292.1627933,41.0231947,1862.743752333414,2.09,1.7216005319712386,5460.0,Kepler-151,2,530.1480953320258,-1301.5035439366466,1222.6388710462882
284.9030677,43.9540616,1546.2536736582626,0.68,1.7126384550493992,5492.0,Kepler-1235,1,286.2830746461885,-1075.6991069486464,1073.2259108792903
295.6247375,42.5458739,2875.2601206666955,2.14,1.7166458784388943,5337.0,Kepler-1236,1,916.1154913901552,-1909.9638650264028,1944.1942295523456
294.3385109,50.3365178,4128.799976715548,2.07,1.8137950958364613,6084.0,Kepler-385,3,1086.0858746414597,-2401.109209230957,3178.3771465917785
287.090019,41.3737576,959.3855547570207,4.38,2.043661648798637,6164.0,Kepler-518,1,211.5704129810652,-688.1468946229023,634.1233747846818
283.0228527,47.2611431,1819.9698930977493,2.66,1.7342084136751554,5467.0,Kepler-549,3,278.32535785550857,-1203.3695835875174,1336.6850983882634
295.6292745,44.6905815,3062.4934682212124,2.8,1.749210240938861,5418.0,Kepler-1237,1,941.7284221740854,-1962.964359937365,2153.78382002066
297.9057655,40.1628378,4706.452636435315,1.57,1.8716063005728998,6337.0,Kepler-1238,1,1683.3414569457107,-3178.505299469056,3035.48381968739
293.1273357,42.3200578,6178.580983907796,2.07,1.8502447046849357,6343.0,Kepler-1239,1,1794.3632475693826,-4201.270382289852,4159.861858929135
282.9997682,40.5574322,2477.301676956187,1.597,1.9180029510842873,5670.0,Kepler-1240,1,423.38225457927075,-1833.9038710234677,1610.7661708027174
289.8589165,48.6938077,2536.0049915536106,1.95,1.726495846908477,5009.0,Kepler-386,2,568.6575370190379,-1574.4254899590715,1905.028687275708
297.3539994,41.3000452,584.3629789810547,1.812,1.673025112851302,4852.0,Kepler-99,1,201.71961446408216,-389.9224815640708,385.68088715282676
287.7982699,45.6567655,2300.3057983509934,1.03,1.816146515043995,5774.0,Kepler-387,2,491.45391233623366,-1530.8585276544954,1645.0993849260658
294.5762033,38.4569588,2785.7459620198642,2.63,1.7065526764532568,5261.0,Kepler-1241,1,907.2717099690051,-1983.8297560006026,1732.5293961161199
284.6062174,41.196344,1971.881656607654,2.26,1.67468559141778,4895.0,Kepler-1242,1,374.165238207507,-1435.8037262439557,1298.7629891118843
294.009397,42.8807779,2176.153325645986,1.64,1.7542425294887813,5772.0,Kepler-1243,1,648.8303367163951,-1456.6537959613192,1480.8180879460024
299.3196708,41.3847447,695.0787736900742,2.1,1.7065526764532568,5260.0,Kepler-519,1,255.37330677186765,-454.7040225389601,459.52500226841613
288.4957831,51.0819286,830.8323601054718,2.29,1.5930287406802255,4526.0,Kepler-155,2,165.57627526090306,-494.9763870582009,646.4250025516991
282.3012505,46.5161814,3095.7884040009703,1.14,1.987316569025403,6733.0,Kepler-1244,1,453.878083658733,-2081.454597919097,2246.20731107407
290.7443078,43.260753,2314.4460128160663,1.44,1.7216005319712386,5306.0,Kepler-1245,2,596.9930323715347,-1576.2088024444959,1586.1353903864936
287.6572346,48.9822053,1244.8650197680863,1.36,1.6460897446698746,4611.0,Kepler-1246,1,247.81299754563085,-778.5064573036568,939.2578621582876
294.5335974,46.6182365,3009.2505230916695,2.4,1.7245447505468423,5561.0,Kepler-1247,1,858.241501938491,-1880.316423947531,2187.103193932792
298.9917165,40.14226,1287.5317561668944,1.14,1.8912569118518454,6006.0,Kepler-1838,1,477.0487451883385,-860.9122292174129,830.0558122417694
288.0592191,51.3544564,1698.026467001434,1.04,1.8615898606863106,6161.0,Kepler-1248,1,328.72955930808314,-1008.1787744447738,1326.199954091961
294.2244432,50.0755761,3271.7883297445783,1.9493759,1.7720365865593914,5926.0,Kepler-1839,1,861.555822238541,-1914.863389980847,2509.1071395081453
296.8948517,44.3717429,5495.137284762607,1.82,1.784047009386177,6091.0,Kepler-1249,1,1776.858331010098,-3503.1592159707284,3842.809357419064
298.5948803,41.4359643,1466.6440346029574,2.55,1.617888638572318,4696.0,Kepler-1840,1,526.2530984231532,-965.421707762534,970.5994677606949
293.9297337,41.6029048,1494.142756345231,3.798,1.93617278291569,6237.0,Kepler-1715,1,453.1812761896067,-1021.2305550344242,992.0571862116444
287.7069031,40.6852161,1809.9958884228568,1.78,1.7636809171015375,5495.0,Kepler-1841,1,417.45036859829014,-1307.5009705528762,1179.941319671485
287.7938184,45.9802492,6138.771821562434,1.92,1.7895055402742792,5717.0,Kepler-1250,1,1303.618579388377,-4061.8020229384247,4414.392642610726
291.9600082,44.9000587,2345.2018478411414,1.57,1.7065526764532568,5205.0,Kepler-389,2,621.2205800711465,-1540.6701307334404,1655.4130138063363
290.5164698,43.0838642,1239.4422880536963,1.96,1.674132847707223,5079.0,Kepler-161,2,317.2628111651377,-847.814913949294,846.623508858883
286.2516039,42.3784353,2654.9663494887823,2.2,1.832988946353755,5908.0,Kepler-1842,1,548.8667314909183,-1882.8802495794475,1789.512110527309
292.8852302,41.279169,2252.7461539984643,1.92,2.009091898136051,5491.0,Kepler-1843,1,658.3645123537665,-1559.6886055682012,1486.2008131099844
292.1151093,49.2563792,2593.16226304613,1.96,1.7361140297684075,5753.0,Kepler-1251,1,637.1705244018736,-1567.9754578366287,1964.6773803711346
298.9503634,46.6928437,1860.0222532348948,1.44,1.7156476998923782,5475.0,Kepler-1252,1,617.5563334226879,-1116.3808968989656,1353.5141855989548
283.8852196,47.6371507,1470.746549733385,1.25,1.8022352192007074,5995.0,Kepler-1253,1,237.82345921550544,-962.0642127519053,1086.7234543992708
285.1733174,48.7700099,1784.2806171536556,1.54,1.6834293239978946,5130.0,Kepler-1254,3,307.8031591304998,-1134.9926205086865,1341.9039784464235
299.2131881,41.4248195,1643.602275454661,1.343,1.7151476950451148,5057.0,Kepler-118,2,601.4923422988612,-1075.6623619023387,1087.467647896824
295.0027458,46.9873389,1978.2482273711046,1.156,1.7605589407881164,5390.0,Kepler-163,2,570.374232349135,-1223.018462627058,1446.5009935158703
295.2392569,42.7264842,4662.850746622866,2.32,1.8440870193401402,6018.0,Kepler-1255,1,1460.5599310384273,-3098.335813222624,3163.7409757482583
282.1355875,43.0391951,858.27896803522,1.88,1.7075732860013981,5187.0,Kepler-137,2,131.87570696095025,-613.2864513832321,585.7741146849306
291.4742443,44.6834119,2561.280190628157,1.5,1.9192194814812749,5945.0,Kepler-1256,1,666.6656469261288,-1694.662933736031,1801.063760985147
292.6903973,37.9345682,5205.09496594381,1.92,1.7318138320660608,5787.0,Kepler-1844,1,1583.6360153185012,-3787.5866956795785,3199.8902478351956
292.9016226,38.297032,2038.7871062541258,2.21,1.6560384340460277,4960.0,Kepler-1845,1,622.662397311156,-1473.93189143333,1263.5146152769908
296.0756231,45.6270165,3183.050087862006,1.421,1.7389558992343184,5822.0,Kepler-1257,1,978.4499941412446,-1999.4176473670086,2275.2521930987564
285.4049723,49.9948186,2058.564298107302,0.84,1.765896390881139,6060.0,Kepler-1258,1,351.5376555382741,-1275.8169383315415,1576.832072874913
297.8414628,46.9676288,2313.3632036002723,1.6,1.6893339480490963,5172.0,Kepler-1259,1,737.2788921327451,-1395.9243347328252,1690.9950912666618
295.5912652,42.5552261,5002.632804284814,1.45,1.7389558992343184,5923.0,Kepler-1260,1,1591.7588922580806,-3323.557279202178,3383.2832596881517
297.2717207,43.3330644,546.9278903173789,2.3,1.6449032303050486,4741.0,Kepler-1716,1,182.28669679441097,-353.60211423516114,375.32282396255283
285.2324786,48.8066963,2135.9793666129494,2.26,1.690929606204274,5006.0,Kepler-1261,1,369.60653086483626,-1357.336588742162,1607.3071429568492
291.6288086,41.2088351,1241.3096996691695,0.775,1.7171440551144164,5128.0,Kepler-390,2,344.2110539892361,-868.1023734140721,817.7816273781392
294.3909489,44.7629523,1065.6803610368497,1.76378826,1.6702425703723875,4825.0,Kepler-1846,1,312.4711462279473,-689.1281662880147,750.4257359013892
296.1882618,43.9368118,3287.104000203267,3.07,1.7650116418091568,5681.0,Kepler-1685,1,1044.6363860068464,-2124.079839802426,2280.805200653439
288.7718287,42.2131694,3035.1626687637417,1.91,1.8126142941149619,6112.0,Kepler-1262,1,723.404862499947,-2128.417594240392,2039.2980104183919
296.6014013,44.3252289,4885.174061277441,2.13,1.7827769288873627,6122.0,Kepler-1847,1,1564.896331400749,-3124.834872228347,3413.4194149345394
286.483626,46.7526182,1905.914255586629,1.14,1.7065526764532568,5213.0,Kepler-1263,1,370.51980001689776,-1252.1678328291637,1388.2722880874946
293.6688776,46.3792321,3947.154387948416,28.47,1.8122199343046632,6347.0,KOI-2513,1,1093.1776647329457,-2494.0081620285487,2857.4313016001697
288.153973,44.0688154,1831.8228902353435,7.521,2.0132146364372545,6338.0,Kepler-522,1,410.0824962256289,-1250.6581854140545,1274.0728200288827
289.8844102,45.2115075,2303.0301926613197,1.25,1.7936553618229116,5944.0,Kepler-1264,1,551.8389946759734,-1525.7353635751008,1634.4887251373136
284.5858364,47.0795646,1670.8549041933445,1.47,1.6757888415117432,4769.0,Kepler-1265,1,286.5379338739158,-1101.1519192732542,1223.5671514056946
285.8693277,42.7279996,2440.0287201536994,2.58,1.6855863417299641,5044.0,Kepler-1266,2,490.1226698409444,-1724.09146443337,1655.6051902403797
299.3814921,45.5920846,877.7261057424056,2.43,1.9989743213084807,4991.0,Kepler-1848,1,301.3399297299179,-535.1963754745008,627.0264772169146
299.1695093,43.4410533,3974.83261282272,2.899,1.8292216025271144,5512.0,Kepler-1267,1,1406.6489847463226,-2520.050147014352,2733.126449728254
287.838419,43.1531776,5310.509627834333,2.534,1.9585642100976084,5850.0,Kepler-1268,1,1186.7870194702539,-3687.910842686529,3632.129223215108
285.29193,41.2557275,1810.5286073953328,2.38685349,1.6685639071848695,4806.0,Kepler-1849,1,358.9748378072022,-1312.9175273748135,1193.9005278205477
285.9999204,40.9193822,1158.0781506433884,1.137,1.6674409561718069,5046.0,Kepler-169,5,241.20379952033127,-841.1820249855649,758.5370992481191
287.1428295,43.6161177,705.4696888651656,0.54,1.5800078168722667,4189.0,Kepler-1850,1,150.54432517172464,-488.0535512233604,486.6493801541006
285.6737597,45.6398375,4583.927272765804,3.28,1.7450463280720623,5982.0,Kepler-1851,1,865.8418072670135,-3085.7545345896065,3277.319965925576
301.7207775,44.4120856,1685.9852810963894,2.182,1.624811503093089,4734.0,Kepler-436,2,633.2188941800839,-1024.4376293651665,1179.876156072196
287.8055442,45.3405371,3157.803840905529,2.408,2.022282520650421,5937.0,Kepler-1269,1,678.7239259798439,-2113.2749211475307,2246.1362464439057
288.0297157,40.3441934,2217.5867018150398,1.88610592,1.7196258715527752,5237.0,Kepler-1852,1,523.1268231121876,-1607.1821142503359,1435.6165082086775
286.7156676,48.6452552,3151.492279166409,3.12,2.2522395845621697,5172.0,Kepler-1270,1,598.9022013076876,-1994.263536184548,2365.6146531417567
286.3442954,37.4119347,2389.8807564457697,1.2,1.813008273819361,6184.0,Kepler-1271,1,534.1850451159962,-1821.541622075236,1451.9512686904282
284.7478834,46.3735415,1609.2071591882673,1.38,1.6702425703723875,4930.0,Kepler-1853,1,282.63946354776607,-1073.7009785013972,1164.8299547974143
283.3684093,41.821839,2380.039931513996,2.726,1.8227363367637346,5613.0,Kepler-172,4,410.09012247789235,-1725.5979450845198,1587.0500618970082
285.2197605,38.8058393,3473.787257514466,2.41,1.8393148045127519,6071.0,Kepler-1272,1,710.6555257435807,-2612.086016615386,2176.9642339740803
286.28593,37.3869915,1206.7727180242364,2.58746104,1.6850481534867523,5026.0,Kepler-1854,1,268.88966311443727,-920.3698718329339,732.7469147393501
290.6218844,51.0573453,2497.712920195082,2.5,2.2299974432872687,5038.0,Kepler-391,2,552.9238354223246,-1469.325741358362,1942.6597565484828
291.8481764,44.9682807,1035.0345440604376,1.32,1.7865753921591394,5697.0,Kepler-406,2,272.5187000812747,-679.6873458403677,731.4746594441168
295.9091695,51.3478777,2438.430563236271,1.36,1.674132847707223,5085.0,Kepler-1856,1,665.4771355985763,-1369.9380564576663,1904.2986937949793
285.8032016,44.8733983,3207.051393741501,2.3,1.726495846908477,5679.0,Kepler-1273,1,618.9425158324849,-2186.8300596164977,2262.7114474788796
284.5936858,46.4497364,1760.626736690993,1.31,2.1075981859438895,6131.0,Kepler-1274,1,305.6447207630532,-1173.9184972666703,1276.0498314705476
294.6466171,41.8840952,2393.279735107112,1.28,1.7702916365810464,6032.0,Kepler-173,2,743.0425580271892,-1619.4631945715298,1597.8155741082746
296.4557129,39.598537,2451.5024445445847,1.96065412,1.7998021530188635,6074.0,Kepler-1857,1,841.5406632613676,-1691.1417144509026,1562.5982366973776
284.0611224,45.5068127,714.4332646194378,1.874,1.7106199131118887,5529.0,Kepler-523,1,121.64662750645189,-485.6901046302517,509.6293848232745
293.5004955,44.9324455,3322.1071109491168,1.48,1.9234490497169126,6296.0,Kepler-1275,1,937.8176534941491,-2156.781933861641,2346.3131494285785
292.3074315,46.626579,2392.9612618083493,2.42168247,1.7161470938600178,4939.0,Kepler-1858,1,623.7829612237308,-1520.3782884601485,1739.4275718699384
287.8570173,40.5471909,1540.1071389921387,1.09,1.8615898606863106,6084.0,Kepler-1276,1,358.85851512770313,-1113.9037477305644,1001.1838025491098
289.553232,43.876116,3780.5928526954185,3.22,1.798172025587478,6063.0,Kepler-175,2,912.0777211548613,-2568.0430627587834,2620.3342107908916
295.1025166,40.5723736,1594.282342323515,1.408,1.7389558992343184,5478.0,Kepler-1277,1,513.7506813312272,-1096.6148753415143,1036.9340575253416
291.6067189,42.0359783,2094.082756554786,1.21,1.83709331039437,5806.0,Kepler-1686,1,572.7234777724323,-1446.0389297551797,1402.1917924951765
282.9569197,42.8255589,2556.167246577109,0.77,1.7351623322216758,6075.0,Kepler-1278,1,420.3559232047944,-1827.0278805542678,1737.6020873541859
288.0955917,40.365909,4307.173976140843,1.44,1.8444518153587026,6384.0,Kepler-1279,1,1019.3187599303877,-3119.4223933396256,2789.613030212286
293.5738933,45.3844919,4285.401983352688,1.66,1.8509630772980794,6273.0,Kepler-1280,1,1203.7272299534345,-2758.6483408839517,3050.50327751504
295.5712566,49.774514,1995.1446834763804,1.846,1.7680999213478592,5731.0,Kepler-180,2,556.1418607118671,-1162.2535528362203,1523.3106110336105
287.3694056,46.7681473,1671.4860603672566,1.35,1.8231206846168477,6167.0,Kepler-140,2,341.78484679296014,-1092.6811067061958,1217.8246045929964
289.8301128,50.5862025,4466.0342479873925,3.178,1.9155589742268995,5960.0,Kepler-182,2,961.913461248797,-2667.4179221827962,3450.371867738706
293.9886751,46.7179996,3835.341307964569,1.29,1.824654472201379,6190.0,Kepler-1859,2,1069.0271632529314,-2402.3521323001314,2792.083112165498
294.3508497,50.0809627,1251.2286953197304,0.88,1.7166458784388943,5603.0,Kepler-1860,1,331.0620539330788,-731.48955341082,959.6323242200447
295.8465148,49.9361586,2384.0729615610576,2.15,1.9100060054976424,5857.0,Kepler-1861,1,668.9776246629605,-1380.9844059334002,1824.5971868649774
283.4291536,47.5923973,968.2564837334709,0.61,1.7459753146348196,5725.0,Kepler-1998,1,151.65284447077048,-635.1382988991772,714.9275308220331
288.660826,43.3681938,1953.968981158144,1.2,1.9524508493352783,6482.0,Kepler-392,2,454.4945187775068,-1345.7753582682508,1341.7593662081736
282.4681674,43.8899464,1332.3872726917457,1.16,1.7024445623595528,5205.0,Kepler-185,2,207.30774677746228,-937.5696140523336,923.7112976264598
290.1761688,46.6983036,3175.3488244555574,1.65,1.783200727693257,5825.0,Kepler-1282,1,751.1336678687603,-2044.1447978010506,2310.8678922838094
295.4623336,40.7769335,8440.870537729106,1.63,1.7853131557109085,6098.0,Kepler-1283,1,2747.997962918875,-5771.058178220382,5512.865873036692
289.7428363,50.7870626,1188.434446439107,1.65623882,1.6669453157730463,4132.0,Kepler-1687,1,253.79967781528285,-707.1686484514178,920.8010966931353
291.2789549,47.6875766,2535.6054523242533,1.21,1.7014110500221729,5123.0,Kepler-1284,1,619.4496462964569,-1590.5321394622242,1875.0425752225988
281.8353366,44.1558825,1203.6487844845528,1.4,2.0175350350912584,6141.0,Kepler-1285,1,177.11477785908534,-845.1962274991772,838.477244101608
280.2583709,43.8357433,3902.5391740035407,2.459,1.8491647729823346,5995.0,Kepler-1286,1,501.3179117921842,-2770.0131171506096,2702.8724880693367
290.995205,45.192188,2532.941857461873,1.51,1.9908999074175004,6735.0,Kepler-393,2,639.5625606338435,-1666.5342882476107,1797.0580542689527
287.3265292,48.6733443,1141.8012698647972,1.6,1.7836240875567575,5802.0,Kepler-97,2,224.55089781970347,-719.7759449525814,857.4436560036157
296.3019792,50.6723115,3046.3092342204436,1.63,1.8367218847334936,6392.0,Kepler-394,3,855.458778996231,-1730.73879043541,2356.423872569873
289.1346298,47.063018,2885.7407874078017,1.427,1.7702916365810464,5550.0,Kepler-1287,1,644.3505185488738,-1857.1423430566113,2112.660554604311
295.586598,45.3649371,3337.249068699389,12.1,2.0251047683064987,6038.0,KOI-134,2,1012.6225796603507,-2114.775669995499,2374.7738257131027
299.7964955,44.0892448,3290.3176853089653,1.45,1.8722881254376968,6114.0,Kepler-187,2,1174.3698624262845,-2050.856235962994,2289.3305999556983
285.7135,41.6058799,2338.018827348135,1.88,2.125951192285043,6381.0,Kepler-1288,1,473.4620448797857,-1682.8726564465437,1552.4514006168288
297.1487941,46.2969247,681.7057903538392,0.55,1.7654542557253547,5461.0,Kepler-1994,1,214.92092664175544,-419.1117971101196,492.8256095380268
296.388767,41.040509,3031.3988934147255,1.54,1.8746655956896086,5696.0,Kepler-1289,1,1016.2208442749616,-2048.171765972325,1990.3936454206525
298.2689217,48.9167391,1334.2402082481844,1.98,1.782352690227932,6100.0,Kepler-512,1,415.2630141753245,-772.23028725863,1005.6907804114726
290.6852287,43.8596155,4595.189646694785,1.42,1.7680999213478592,5660.0,Kepler-1290,1,1170.3740671090943,-3099.7216703137483,3183.978328870472
287.5646296,44.3050662,1693.7068109854863,1.21,1.680172303484953,5235.0,Kepler-189,2,365.77989718208147,-1155.5589416045016,1183.017903868735
289.3770051,40.0010791,2579.1146953588795,1.66,1.7065526764532568,5216.0,Kepler-1291,1,655.4979029581566,-1863.7743248537697,1657.8601801869358
284.9057222,43.9491434,4304.886758813364,1.82,1.7680999213478592,5556.0,Kepler-1292,1,797.2383755180463,-2995.038292541855,2987.675786462773
296.7533555,49.3780726,3548.5416263695406,2.203,1.7096068917466236,5644.0,Kepler-1862,1,1039.9969125433936,-2063.0154563040123,2693.421861318487
290.0258783,48.3359227,2957.831561400496,0.9,1.8566650551887136,6528.0,Kepler-1293,1,673.3330440873099,-1847.3707580099176,2209.6631960113004
285.0416235,50.0753913,1336.7966802737083,2.19,1.8137950958364613,6084.0,Kepler-513,1,222.65010111194823,-828.5334113602659,1025.175440168836
291.2681037,44.4881624,5353.735140111879,3.02,1.7676601645419476,6032.0,Kepler-1294,1,1385.3948494993458,-3559.2072996637025,3751.693545516486
291.3978451,45.588553,3381.4010487551554,1.5,1.7245447505468423,5561.0,Kepler-1295,1,863.3341859745084,-2203.213104015384,2415.445953472173
288.5839761,44.7337701,1235.8377493540615,1.48,1.7065526764532568,5173.0,Kepler-190,2,279.7881429437154,-832.1434222111574,869.7993232161788
292.1251038,41.4077928,4473.127516914384,3.24,2.189117827066353,5405.0,Kepler-1296,1,1263.5716934248271,-3107.894729198832,2958.58863486803
289.9564415,47.0203466,4148.661129711126,0.98,1.8118251936543144,6214.0,Kepler-1297,1,965.3156121217376,-2658.4695711066074,3035.1432384107143
282.2397185,43.2440854,2487.0295886274903,1.946,1.9734591771663248,5754.0,Kepler-1863,1,384.07526562483423,-1770.4755993081435,1703.883363760063
284.4227535,49.1061907,1556.5577324791461,1.494,2.120234261168321,6238.0,Kepler-1298,1,253.8106039582202,-986.8998101360069,1176.639671527566
286.2471739,50.2423694,1299.3847533044884,1.859,1.9173933254505269,6155.0,Kepler-514,1,232.50144951001096,-797.8228165385592,998.9106899550081
286.1501263,37.4113438,4048.6894660176436,2.42,1.6871966678245351,5623.0,Kepler-1299,1,894.5054156054593,-3088.941382370664,2459.7129080388113
289.0330532,40.0869182,2230.7425442657545,1.37,2.035746387966088,6130.0,Kepler-1300,1,556.5684654681396,-1613.3680739616275,1436.4843542360773
291.1833211,45.3230937,1702.1897815798072,2.11,1.69985586522286,5275.0,Kepler-191,3,432.47594917793765,-1115.9529844940769,1210.3980924869784
289.6867653,41.5889178,846.4520278038885,0.61,1.8018307125752475,5900.0,Kepler-1864,1,213.27189786088593,-596.0791210309388,561.8592478789632
293.941238,41.5904136,2651.214154986994,1.56,1.7413091234176281,5420.0,Kepler-1865,1,804.6465962347377,-1812.2656634765337,1759.8788355324948
286.6041816,42.4403309,2454.412132410555,1.35,1.7003749178788539,5354.0,Kepler-1301,1,517.5964003628309,-1735.7798824083677,1656.291363825206
294.989137,46.8383058,2719.3095366861157,3.41,1.7853131557109085,5753.0,Kepler-616,3,785.8220657304777,-1686.0353680995818,1983.5354231372955
290.9892462,50.308064,1818.334098426831,1.48,1.7408395611469554,5330.0,Kepler-1302,1,415.9679124310385,-1084.241669485873,1399.1889048587996
284.287147,42.3555784,2580.3625316476687,1.25,1.7524197665499857,5853.0,Kepler-1303,1,470.5708385399284,-1847.8547514408697,1738.4667664998362
293.5111889,45.1366252,1201.080731611801,1.411,1.617888638572318,3765.0,Kepler-395,2,337.9977490446029,-776.9266651736765,851.3151017291016
285.2763652,39.4468274,6281.303098817866,2.31,1.7171440551144164,5295.0,Kepler-1304,1,1277.9897834324327,-4679.12652675828,3990.900359473818
297.3394624,46.3472165,4541.715084620686,1.75,1.7524197665499857,5853.0,Kepler-1305,1,1439.8233702478126,-2784.8987555035396,3286.095478520694
294.4783627,46.9458638,3187.5376661627556,1.91,1.7853131557109085,5727.0,Kepler-1306,1,901.6649268197667,-1980.5047783974185,2329.1624150527596
290.8490899,48.4159782,2588.744169828747,4.38399983,1.7827769288873627,6122.0,Kepler-619,3,611.5190218422669,-1605.6896310958832,1936.3371791448337
286.2246453,44.6544869,2808.951084652452,2.08,1.830355455991112,5791.0,Kepler-1866,1,558.2969216785161,-1918.5898798997955,1974.2146833514764
292.8698348,46.7418679,2918.630393534589,1.684,1.6807169456863442,6248.0,Kepler-1307,1,777.315750742147,-1842.8702224568965,2125.561794183767
285.9287514,38.5207097,307.3954366823793,0.52,1.356795806884707,3468.0,Kepler-1308,1,66.00352371900624,-231.266648588378,191.4451007482953
294.9971007,43.4358698,1951.5225271812833,0.67,1.7161470938600178,5684.0,Kepler-1867,1,598.8219034298362,-1284.347391431153,1341.7541802404353
296.4797624,49.9376486,2250.4473558237573,9.7,1.772471662610759,6018.0,Kepler-51,4,645.8305813122946,-1296.482339565476,1722.3674708873232
283.9200236,40.7400419,1629.0017223122852,1.353,1.7455110852701348,5463.0,Kepler-1310,1,296.92243005087056,-1198.012302918421,1063.1322607677646
296.1328135,48.9773095,628.9144982661778,5.15743026,1.7724503546706307,5509.61,Kepler-396,2,181.81606969317713,-370.5954083124499,474.48435829693324
289.6512597,43.8244445,2489.3023298959342,7.22,1.8843704014781735,5988.0,Kepler-1311,3,603.9656961223415,-1691.3429365389522,1723.719988441445
292.9712801,41.0357494,847.0600222833449,1.8,1.6972506689490903,5674.0,Kepler-1312,2,249.35790781844906,-588.2700900249253,556.1201455990719
293.6755138,41.2952061,820.4327592949594,2.87,1.8227363367637346,5598.0,Kepler-517,1,247.5221908436036,-564.5266748882532,541.4354171126378
292.388582,42.2332767,485.53492395131224,3.56,2.0076268287838483,5351.0,Kepler-1313,1,136.9274272872547,-332.39883976141886,326.3526518325885
290.6731326,38.6910045,1415.2569202416598,2.534,1.749670290409674,5681.0,Kepler-198,3,389.9808376788849,-1033.5197821775646,884.7055761002201
289.0860607,41.5630224,1364.9786720024185,3.63,2.00738213921553,5862.0,Kepler-92,3,333.9571253487146,-965.1699835596831,905.5861727553652
293.2983733,43.5558025,774.8997632072853,3.43,1.6437132617450594,4658.0,Kepler-1868,1,222.11289565327664,-515.7806818733723,533.952987452512
292.6149958,42.7643438,308.32190446059866,1.57,2.083941406733773,5895.0,Kepler-1869,2,87.04197877237597,-208.95076337572974,209.3458124403246
293.9335076,40.590704,1160.0671611547532,2.03,1.7886704962419435,5587.0,Kepler-1870,1,357.3715892255773,-805.1832174274961,754.7988818070274
291.4688524,40.3437001,494.57088000075777,0.93,1.5977232588636403,4493.0,Kepler-398,3,137.96175717444103,-350.79545045401426,320.17098688486703
295.8215678,46.0530562,1373.3081963709717,1.3,1.6216792738837174,4703.0,Kepler-1315,2,415.1264313961447,-857.9059673678955,988.758210752532
293.626059,41.2728004,1823.7336684467657,2.31,1.885691093779522,6131.0,Kepler-201,2,549.3203982471653,-1255.7875597628563,1203.016707382206
298.8358277,40.2930714,2299.7817650139377,3.39,1.858078207544117,5837.0,Kepler-1316,1,846.0295339521526,-1536.6451399439243,1487.2632276292059
291.6118842,42.1159787,2089.682034608244,1.49,1.696203923404798,5223.0,Kepler-1317,1,570.9298360339742,-1441.1307610261279,1401.4108097609792
290.3763246,41.1507928,1357.0342108041875,2.6,1.5896421934572815,4504.0,Kepler-1318,1,355.78213502777027,-957.8806445649739,892.9868937760597
290.9564463,49.3667933,281.95231532303035,0.67,1.2564674417846422,3400.0,Kepler-1319,1,65.6700973157974,-171.46592123484396,213.97192406864392
297.089959,41.3880686,2017.2988442230505,1.18,1.7592136167706003,5924.0,Kepler-203,3,689.220144410849,-1347.4364928929083,1333.7485209222925
299.5017242,40.6707669,2125.1020558542928,1.96,1.6413228811802976,5500.0,Kepler-399,3,793.74019524091,-1402.8325440870342,1384.9534661877137
288.4335977,40.3808519,1855.5201988751098,1.71,1.6685639071848695,4790.0,Kepler-1320,1,446.9410013780144,-1340.928407177816,1202.1272630401115
290.9444679,40.4800528,2430.352922294921,1.76,1.8440870193401402,6062.0,Kepler-400,2,660.807509125013,-1726.4620265246867,1577.7444767007516
290.0827494,50.8634361,2776.591302286334,2.205,2.0120063768768075,6045.0,Kepler-401,3,601.7693486081687,-1645.9473970115355,2153.6457641122815
294.528597,46.6408737,2207.9311704389097,6.63,1.655459872149479,4385.0,Kepler-1321,3,629.3206932194729,-1379.0937416986608,1605.3086837393869
285.347162,41.761845,1969.2991276758673,1.78,1.8716063005728998,5815.0,Kepler-204,2,388.7795620404454,-1416.5564839713409,1311.6238920221467
293.2045009,45.4353919,3890.552997122828,1.52,1.708591353555505,5704.0,Kepler-1322,2,1075.6790101535528,-2509.202771261893,2771.8619632348455
292.8722515,46.098729,1328.5713835302047,1.44,1.915865271664738,6437.0,Kepler-1323,1,358.0713649409749,-848.8202324750554,957.2831512596795
291.1849503,40.3112023,1375.6185753929062,1.71,1.7181385906699358,4827.0,Kepler-1324,1,379.0752522259102,-978.0762650429343,889.9411429277415
285.0171505,42.085312,2799.1971160748867,2.4,1.7216005319712386,5669.0,Kepler-1325,1,538.2758798312659,-2006.4703305716139,1876.123765738731
288.3701976,43.3546109,1791.5794461189403,1.63,1.885691093779522,6199.0,Kepler-402,4,410.5501508251853,-1236.305956036889,1229.9402702899765
292.4275044,38.4728824,2455.405190060334,1.97,1.7750724385852852,5741.0,Kepler-1871,1,733.4011973487188,-1776.9430633180918,1527.6160122322644
291.6346564,41.8338415,1702.1405629790893,1.2,1.8671464990066124,5764.0,Kepler-206,3,467.58145851672344,-1178.8921096188203,1135.2812293298218
296.222199,39.268942,2002.8922702717398,3.224,1.9192194814812749,6858.0,Kepler-1326,1,685.1406265707484,-1391.0288667493335,1267.753311968299
289.0648073,50.4609183,1944.2439646986477,1.776,1.8157555500102016,5646.0,Kepler-1327,1,404.283797306812,-1169.8252906550126,1499.3825378622414
284.6753857,44.4177225,2336.4698890314244,1.342,1.9100060054976424,5597.0,Kepler-1328,1,422.78743800466134,-1614.3951258421923,1635.2586040969006
289.9214256,46.7445267,2413.847319783582,1.09,1.8407891213921252,6086.0,Kepler-403,3,563.601706684752,-1555.115307353615,1758.018310565305
281.0491988,43.3225996,2413.5954363563787,3.45,1.7478269776503321,5223.0,Kepler-1872,1,336.52067375745565,-1723.346879446576,1655.9807666865927
294.596557,46.0483705,2357.934989368044,1.19,1.6460897446698746,5046.0,Kepler-1873,1,681.1652379471577,-1488.030155938352,1697.5386851899887
293.8901979,42.5279413,2225.829369829385,1.384,1.8912569118518454,6054.0,Kepler-208,4,664.3052863958937,-1499.7827415712125,1504.5486360190173
281.6476437,48.2709523,1683.582255296633,2.05,1.6204196306320926,4442.0,Kepler-1329,1,226.242077167841,-1097.531290444519,1256.458833135279
290.5767116,39.9568913,4962.244599578064,3.0,2.0323066433054144,5478.0,Kepler-1330,1,1336.8523152665111,-3561.032105681977,3186.808387008922
293.7164655,46.2266878,1166.5640164495162,3.26437302,2.0982991177161936,6150.0,Kepler-1714,1,324.59909775889497,-738.8803841291702,842.3555117395911
297.0737928,41.2244613,905.2335131200995,1.05,1.6460897446698746,4508.0,Kepler-1331,1,309.8834734643292,-606.2490365368124,596.5585066425813
291.0286411,43.9137055,1511.7456441313984,1.14,1.683969646497814,5578.0,Kepler-1332,1,390.784938044048,-1016.5104860931763,1048.5077283505261
293.5275797,41.111394,2680.719258511473,2.7,1.7216005319712386,5664.0,Kepler-1333,1,806.2614955022863,-1851.8363272017673,1762.640167782576
289.311532,51.3209059,3522.050438336081,2.492,1.816146515043995,5891.0,Kepler-1334,1,727.9242769030592,-2077.2850299159736,2749.5185836370574
285.4391183,43.1685051,876.7330480926267,3.52,2.026508618266858,5174.0,Kepler-211,2,170.2282473692138,-616.3657565087976,599.8136674157497
284.8384394,42.0703371,1781.4867377599628,1.61,1.7151476950451148,5032.0,Kepler-1335,1,338.6689537938552,-1278.3373354793462,1193.6716438243711
296.2776587,46.8998006,3242.952020147501,1.3,1.7380108030637555,5717.0,Kepler-1336,2,980.9968033231876,-1986.846264108016,2367.8735185073683
287.0091176,46.7961229,1722.9339741765002,2.42,1.6364997702162678,4583.0,Kepler-1337,1,345.03614378739223,-1127.9203879794325,1255.8850015954015
284.0422701,41.6990348,2161.937835673933,0.92,1.8348596769036147,6002.0,Kepler-1338,1,391.6680436208013,-1565.9721126161155,1438.1594805282773
283.7457695,48.373469,1055.3560357333179,1.08,1.9373364959057469,5738.0,Kepler-1339,1,166.57796530538585,-680.9657334149307,788.8686922093734
291.5741663,38.6559433,832.6360770611925,0.89,1.7895055402742792,5995.0,Kepler-1689,1,239.0873613004591,-604.6621334515187,520.0997739473588
287.6208165,43.1416239,1970.662772436934,0.87,1.851680189607746,5914.0,Kepler-212,2,435.28317549968176,-1370.4586719159172,1347.547159978528
296.2328099,42.4727965,2823.5487425830206,0.98,1.7711650427075207,5957.0,Kepler-1340,1,920.5694211492137,-1868.1428705385483,1906.5732762847463
288.1566649,41.8779417,2018.7088123730282,2.81109223,1.7372275543097193,5404.0,Kepler-1690,1,468.38027856056857,-1428.2264891848959,1347.580899018175
286.3718158,43.692081,1162.3572736940391,2.19,1.6147026995153708,4514.0,Kepler-1874,1,236.89924852448723,-806.378875432806,802.9360416706273
280.5116813,44.1593503,1361.9821277822402,1.93,1.5793108790876222,4535.0,Kepler-1341,1,178.25689654402305,-960.6950179496358,948.8334299124799
290.8241931,44.6472832,1819.3734794655206,1.68,1.7537876002134754,5822.0,Kepler-213,2,460.1565950576281,-1209.8316618216954,1278.5472677461714
282.9455384,47.5749181,1868.76579289184,3.68,2.014178679128629,5837.0,Kepler-511,2,282.4319002504459,-1228.6741418292297,1379.448318569346
286.3985796,45.3435241,2333.519668200157,1.081,1.6988157783724447,5326.0,Kepler-404,2,463.036251998503,-1573.4062294709777,1659.9109338377377
294.9735313,45.2136867,1388.154842516937,1.53,1.8010204964295577,5741.0,Kepler-215,4,412.87148615053513,-886.4747129106128,985.2276823643949
297.0200549,43.4325382,2559.925231502511,1.66,1.7546969530060337,5527.0,Kepler-1342,1,844.53791140703,-1656.0657162848297,1759.948649939949
296.7727406,50.1883667,4788.445034807727,2.4,1.8058578772852494,6206.0,Kepler-1875,1,1381.032966515335,-2737.21569650485,3678.2610059075605
294.294483,50.725385,5067.138123343337,2.318,1.8863498431753951,6212.0,Kepler-1343,1,1319.7293030497613,-2923.626974037853,3922.5767862961575
287.0862799,46.9457998,2453.4827694205283,1.78,1.84262457086894,6237.0,Kepler-1344,1,492.1247317840573,-1601.0405036235552,1792.7800350201157
284.7391156,49.5984448,950.398817308293,2.58,1.972394019790498,6068.0,Kepler-134,2,156.71960586043895,-595.7223761185725,723.7483869906674
296.6547477,46.8352242,1096.4159295792767,2.73,1.7171440551144164,5243.0,Kepler-221,4,336.4854563385204,-670.3452920235554,799.7140850139513
292.4779428,46.022821,3904.160492615425,2.17,1.9422456446330423,6763.0,Kepler-1345,1,1036.4671562842343,-2504.980208054234,2809.4980233664087
291.841341,45.179185,2423.7836867049846,1.58,1.8756802935503716,6133.0,Kepler-1346,1,635.628449357468,-1585.8650126923276,1719.2254057635928
292.0874126,49.788709,3495.3565854761355,1.48,1.707063299769716,5977.0,Kepler-1348,1,848.5399191317583,-2091.019557665835,2669.2948272400026
286.3385562,48.7442697,781.1042021095479,0.7,1.928526803359107,5952.0,Kepler-1349,1,144.89747827831715,-494.27577358683044,587.2137217290809
288.250611,46.6794847,967.4631956983706,2.9,1.6023644723634196,3831.0,Kepler-1350,2,207.87110286405954,-630.3663526756405,703.8557387983657
293.6084289,42.1978746,568.1874306157061,0.65,1.6340667040344243,4439.0,Kepler-1351,1,168.57566829159055,-385.69978467686406,381.6475815067381
299.1604859,41.1437964,733.6574710174893,0.98036091,1.9544059452263833,6057.0,Kepler-1876,1,269.20422855807345,-482.46526302290346,482.71071883942193
286.2543962,41.0218373,3651.263741279611,1.74,1.852753504653339,6362.0,Kepler-1691,1,771.0564508080071,-2644.619502612931,2396.494636849805
294.866924,46.7904816,807.1292610420909,0.48,1.7171440551144164,5637.0,Kepler-1877,1,232.3816151773996,-501.3810302850579,588.2801130653564
298.8163801,43.9980203,2385.9635348709867,3.71,2.014419334956404,6652.0,Kepler-521,1,827.3003078928258,-1503.8351261001724,1657.3702373947015
290.6937988,48.7014417,1923.2826312164348,0.84,1.8823813274233343,6333.0,Kepler-1352,1,448.5489052347612,-1187.4388941655118,1444.9251993700216
295.7353911,42.5762317,1699.0629528283168,2.03,1.708591353555505,4852.0,Kepler-1353,1,543.269818304721,-1127.0491990166654,1149.5359608071108
291.2451266,37.7590079,3222.135447255635,3.4,1.9173933254505269,6170.0,Kepler-1354,1,923.0722560292719,-2374.2741914963653,1973.047519499868
283.7414249,49.0679833,2619.407358076001,1.38,1.696203923404798,5444.0,Kepler-1355,1,407.65254006602095,-1667.0190305120311,1978.9294747492002
290.9953825,43.2438792,2428.2046751341745,1.45,1.6812608631474,5238.0,Kepler-1356,1,633.7522744034086,-1651.3788940251466,1663.575591129015
291.5480665,50.3532584,2921.72827016801,1.22,1.7515053278874668,5713.0,Kepler-1357,1,684.6921720426084,-1733.9251660383434,2249.7102553043205
300.7324154,44.1070231,4307.405593085397,1.96,1.7375374342654326,5918.0,Kepler-1878,1,1580.559348640758,-2658.5379549122713,2997.9578100864837
286.1705469,43.0089,1564.7656579518082,1.16,1.7156476998923782,5305.0,Kepler-1358,1,318.665493482577,-1098.9621202775518,1067.3453638649153
289.538818,41.8928154,1761.2376263822564,2.83,1.6634861535426746,4709.0,Kepler-1359,1,438.47700809929887,-1235.5599226783418,1176.047434172611
289.3644209,41.5332589,1796.883474149246,1.79,1.9473800948439757,5875.0,Kepler-1879,1,446.0002776098093,-1269.00107679336,1191.4320119670822
300.3440482,45.6231826,4371.01339648377,3.4,2.0447799912518487,6778.0,Kepler-1360,1,1544.3564846989698,-2638.191242006582,3124.206800294851
283.5653603,46.9042278,1107.7419981680082,1.0,1.7623458459799721,5213.0,Kepler-1361,1,177.51816210236439,-735.7180338656714,808.8872673456302
288.5385574,40.8771276,2098.353193970016,2.35,1.6371057805743707,4648.0,Kepler-1362,1,504.4466719523369,-1504.2672613816535,1373.244220135559
287.8264561,40.6965988,1750.183707703377,1.43,1.5382544986248603,4380.0,Kepler-1880,1,406.223309390546,-1263.2331486901894,1141.2132340927362
296.9964872,49.2563228,1549.4673587639609,1.134,1.6531374004942156,4888.0,Kepler-1363,1,459.06552272425023,-901.1033904097351,1173.9338233107335
295.1521334,49.5876179,3041.0399487318214,1.94,1.985254754254441,6982.0,Kepler-1364,1,837.9158353057504,-1784.5300272467512,2315.4424209168783
292.1996573,42.0459944,2413.439094918804,0.79,1.7641249735402877,5831.0,Kepler-1365,2,677.1706249747318,-1659.384333945149,1616.345211213014
285.0648845,41.5548464,1329.7555251592414,1.43,1.588961504021594,4070.0,Kepler-1366,1,258.63503394753525,-960.8851538050662,882.0756186991574
296.1834239,47.3587776,2855.6074229212177,4.6,2.089184498701352,5506.0,Kepler-525,1,853.5484527850984,-1735.9070687714946,2100.613110779822
293.6393065,44.9825447,3041.937464391971,2.58,1.7126384550493992,5418.0,Kepler-1881,1,862.7553324238879,-1971.0819543755472,2150.3192095083637
282.2501047,44.921002,260.0124002500733,1.147,1.1732455724180972,3359.0,Kepler-446,3,39.064328889642255,-179.91780436241322,183.6028599058702
288.4166786,47.8787308,1143.471807077399,0.899,1.6069535781151794,4342.0,Kepler-1367,1,242.2921751415969,-727.649875752651,848.1438166744821
293.9733913,50.531846,897.7667618700129,1.61,1.4977507045582352,3767.0,Kepler-231,2,231.8681338435964,-521.435936836571,693.0561961355112
290.6640856,43.4997866,1264.7435440345052,1.55,1.951890528600972,5691.0,Kepler-1882,1,323.7454059978593,-858.394229674751,870.588588676266
297.6509281,47.3962246,1909.7243543245559,2.58,1.9729269454353096,5798.0,Kepler-526,1,599.9389941923675,-1145.0972507326574,1405.6573548031904
286.9241804,47.0537092,1692.2157769049145,1.0,1.7546969530060337,5452.0,Kepler-1692,1,335.62414769858987,-1102.9953794991834,1238.6895736587724
294.7669795,41.6446434,4717.135968002906,1.44,1.7815028896896852,5966.0,Kepler-1368,1,1476.734217581971,-3200.788957431277,3134.5777771871094
285.7972604,40.9361923,3561.1937019658485,2.9,1.8254192131385143,5987.0,Kepler-1369,1,732.3828491819365,-2588.658555042345,2333.358701646931
284.5656897,41.7784781,2888.172765325628,2.035,1.954127217693136,6190.0,Kepler-1370,2,541.6553670618526,-2084.563615798626,1924.2520410253778
290.957913,47.4062673,2152.6152536556006,2.84,1.9496415330419778,6388.0,Kepler-527,1,521.0999492431165,-1360.4979868651574,1584.6931882561498
288.8314251,47.5519753,1473.0916712970027,0.7,1.664053473427873,5374.0,Kepler-1371,2,320.9193781134325,-941.002392422155,1086.9794488635305
291.922557,42.002522,3969.563327334097,2.6,1.7065526764532568,5963.0,Kepler-1883,1,1101.333039810077,-2736.538391349282,2656.286162635706
288.8865895,44.8394672,3754.188521016167,1.26,1.782352690227932,5926.0,Kepler-1372,1,861.6914586547402,-2518.7183430272307,2647.1639899917773
283.8664285,39.8981928,817.1206369878252,1.745,1.5541377774392235,3866.0,Kepler-236,2,150.23829699993962,-608.6138033982198,524.1219589171017
285.7520229,39.2491731,4901.38724739628,1.718,2.0996684788349835,6280.0,Kepler-1373,1,1030.4200175416504,-3653.100089333713,3101.079049895111
291.3499783,45.1722521,3103.46071528935,2.39,1.7201204316998213,5614.0,Kepler-1374,1,796.5245443895116,-2037.7260140629826,2201.0655949199595
296.2935173,43.4032189,4123.675451817273,1.21,1.8746655956896086,6277.0,Kepler-1375,1,1327.1369235036218,-2686.022581719275,2833.49422245535
290.2015581,48.1857799,2181.639752020129,1.12,1.7342084136751554,5693.0,Kepler-1693,2,502.28624223417665,-1365.059477518386,1625.9991270889263
283.2213438,40.421762,1885.6246112436252,1.5,1.6702425703723875,4861.0,Kepler-237,2,328.3208111191322,-1397.4611042285123,1222.6561584035694
295.6848595,47.7480914,2251.6025453347247,1.82,1.7685392055509868,6017.0,Kepler-528,1,656.1812719009657,-1364.366510077031,1666.6265888748037
286.9584368,42.541409,2494.296570262898,1.08,1.7789428359455266,5914.0,Kepler-1376,1,536.0369060059923,-1757.8574790202383,1686.4509774308272
293.7936339,40.241023,1467.2867716240974,1.17986031,1.6835828482199042,4954.0,Kepler-1694,1,451.86874316999643,-1024.831969805514,947.8736955911289
289.1954229,46.6516055,3299.292841910465,1.4,1.7501298226802984,5613.0,Kepler-1377,1,744.6275371632191,-2138.829150778539,2399.223405887794
297.373403,40.3663986,1447.3242862152772,2.2,1.6340667040344243,4407.0,Kepler-1378,1,507.0274801165752,-979.2675081333662,937.3931253158757
294.2020505,40.6633313,1857.503418962861,2.19,1.67135786140993,4980.0,Kepler-239,2,577.6324826036241,-1285.1675508713433,1210.3735095776199
293.6704404,41.4102105,2793.282198353318,1.24,1.6941023562475501,5268.0,Kepler-1379,1,841.0677841403128,-1918.6948154258048,1847.6040234251998
296.7463986,43.0454207,4159.1417964522325,1.81406781,1.75741293583354,5984.0,Kepler-1884,1,1367.9279786898185,-2714.3438518642433,2838.9383547305624
288.1160421,42.4403832,7111.823557755377,2.732,2.0663155046310924,5707.0,Kepler-1380,1,1631.9455328935037,-4988.213694371395,4799.219960951879
285.1104819,42.0339619,1989.962254341966,1.73,1.7121347533076936,5228.0,Kepler-243,2,385.2973019417682,-1426.937305397627,1332.420988008937
287.5357911,48.727783,3446.7749313557583,2.41,1.7953035653128357,6137.0,Kepler-1381,1,685.0455132928535,-2167.9636722588207,2590.5411766474344
295.3774182,39.0480365,2118.5125537817075,1.21,1.7680999213478592,5983.0,Kepler-1382,1,705.1304872229819,-1486.5131169472813,1334.603008262401
291.6389972,42.4363482,2475.393732375416,2.26,1.696203923404798,5105.0,Kepler-245,4,673.6858262818932,-1698.1583755776962,1670.323222973834
297.9447714,42.1918449,2955.0811101839067,1.33,1.9422456446330423,6052.0,Kepler-1383,1,1026.0066375155427,-1934.1331624613229,1984.6772174354096
297.9615616,48.2443363,1178.1448636772582,3.0,1.7750724385852852,5523.0,Kepler-414,2,367.878772242198,-693.0005277705599,878.8861116506528
282.6313559,46.481022,1975.2980065398376,0.85,1.901849478752847,5732.0,Kepler-1385,1,297.4404668327139,-1327.2598240689827,1432.3800971610037
289.2687388,42.6041819,2230.8438766789973,1.712,1.7111254838772303,5162.0,Kepler-46,3,541.8614701634973,-1550.024082261355,1510.124462975908
288.7507112,47.4909206,2350.7693401458787,23.18,1.7361140297684075,5591.0,Kepler-1885,1,510.6032019640294,-1504.1271887651521,1732.9172688652538
280.8233646,42.6360518,2401.146025586556,1.313,1.8165371064847706,5513.0,Kepler-1386,1,331.70794859772195,-1735.0297115843202,1626.3898588428406
292.4403029,43.2093456,1299.4484479642406,0.87,1.7050169680281613,5017.0,Kepler-1387,1,361.53220169244406,-875.3945935123451,889.6881710495221
296.4834007,42.6633806,1793.7190076442653,1.46,1.6855863417299641,5122.0,Kepler-246,2,588.1962371539662,-1180.5955595927435,1215.5851223390898
283.3360156,47.1744499,1294.9232319100006,2.6,1.588961504021594,3990.0,Kepler-1388,4,203.0392410473132,-856.5112328399413,949.7314100071537
283.3402948,48.549062,1306.2550909223462,3.58,1.8180957505532118,5957.0,Kepler-530,1,199.51871542569168,-841.3800791787228,979.0680298715891
285.7174414,44.7583487,1420.2801127266928,1.77,1.6823465315457202,5129.0,Kepler-1389,1,273.2005390667932,-970.807349509603,1000.0450760834233
294.7739245,43.0561976,767.7225331378922,1.324,1.5359342242109721,3797.0,Kepler-54,3,235.0652786795285,-509.3365153827708,524.1359716187338
298.6624419,48.2488659,2075.5765626848547,0.92,1.7008933122560963,5662.0,Kepler-1390,1,662.9312006689893,-1212.7552250400283,1548.4718450408966
290.3931809,43.3638577,1819.5761442920061,1.78,1.749210240938861,5121.0,Kepler-716,2,460.95967776537555,-1239.9348906877576,1249.3738380509428
285.1683291,44.0264898,1656.8276029887425,1.85,1.6191560935775176,4500.0,Kepler-55,5,311.70778289957764,-1149.7867783704262,1151.4800599184548
286.5246582,48.6835481,712.8901167263411,2.72,1.6560384340460277,4869.0,Kepler-531,1,133.86955596684354,-451.22285496802283,535.4336519736531
289.5947633,44.1418114,2183.1452621597355,2.24,1.7014110500221729,5097.0,Kepler-250,3,525.405311341918,-1475.936389729452,1520.4223978804687
295.579329,44.5459052,1079.6034346164024,1.386,1.6496287616835965,4208.0,Kepler-252,2,332.20553936576255,-694.0088885777432,757.3207498975062
292.58042,46.0973588,2952.822844974497,1.65,1.783200727693257,5936.0,Kepler-256,4,786.2335335605516,-1890.625575637273,2127.565396704506
294.0684116,46.5791357,1648.6978482348677,3.72,1.7478269776503321,4954.0,Kepler-258,2,462.164324812357,-1034.7113662340914,1197.489507357372
298.6609094,48.6063022,886.7070527675195,2.62,1.7096068917466236,5088.0,Kepler-532,1,281.2121295456217,-514.477450949908,665.1932712288678
293.6856893,48.8249915,858.2094829518534,8.21,2.0244010311254907,4880.0,Kepler-533,1,226.97602144968863,-517.4169055018937,645.9761204690174
296.8591787,49.1620125,3044.919532553114,2.4,1.8889742753799745,6024.0,Kepler-524,2,899.5959245764063,-1776.335959474145,2303.669397133205
286.8527157,49.2616668,1795.493772481917,2.75,1.8534674854666073,5914.0,Kepler-1664,1,339.70466685300175,-1121.4261618870307,1360.441836233714
300.2420869,44.1412854,1824.4545761866923,1.48,1.5694268832372362,4356.0,Kepler-1802,2,659.4217582117979,-1131.0881008693366,1270.6050343978736
298.0676519,49.412541,2324.669005706355,2.36,1.8126142941149619,6010.0,Kepler-143,2,711.627747699419,-1334.573243701785,1765.3855646830582
296.4185696,49.540148,1633.2692645157083,2.24,1.7895055402742792,5884.0,Kepler-534,2,471.55559098272084,-949.1700368015498,1242.690651877113
296.5666587,49.6961742,1966.044909604872,2.05,1.839683882561908,6173.0,Kepler-535,1,568.7614352335162,-1137.4430874750635,1499.355274486182
291.8812445,44.5557587,2370.149887981505,2.32,1.6855863417299641,5001.0,Kepler-1208,1,629.4234581309514,-1567.2222573043048,1662.90438632629
297.7363605,49.637101,1319.6107029877394,3.1,1.7501298226802984,5524.0,Kepler-536,1,397.7411189792056,-756.4184588726174,1005.487704942104
289.8805804,51.2769907,1253.2466579491645,1.378,1.7793706265776335,5697.0,Kepler-537,1,266.5995277652465,-737.2537160819776,977.7570432266969
294.496955,46.6896733,5247.973052804527,8.16,1.8092103007421811,5606.0,Kepler-35,1,1492.6571199565315,-3275.798457405633,3818.6830650977577
292.2490563,46.1647909,1985.0346038465616,2.69,1.777227182171095,5900.0,Kepler-461,1,520.5483108655171,-1272.4493579032203,1431.8744589156602
286.830312,42.2791434,3381.777426290057,4.3,2.026975498856359,5623.0,Kepler-38,1,724.4524439282084,-2394.9224188021085,2275.0678726953415
285.7185682,48.5058038,2125.730316816398,2.13,1.7045037803754797,5588.0,Kepler-230,2,381.5504064348499,-1355.7220868911447,1592.2205532831385
296.3665054,51.3194548,2460.599200041976,2.72,1.7003749178788539,5354.0,Kepler-233,2,682.9632663664623,-1377.8424506439949,1920.8487137837317
292.2367608,41.085871,3004.7339926728496,2.83,1.7375374342654326,5325.0,Kepler-27,3,857.0580297636192,-2096.3109162898227,1974.679326520018
293.6369437,42.8248275,989.4668054310803,1.02,1.5304684744203585,3896.0,Kepler-81,3,290.96601412945586,-664.8260876327755,672.599145758082
290.2632874,44.5564051,3569.705624678239,3.43,1.7973545174916377,6077.0,Kepler-722,2,880.9470538197154,-2386.2071691939295,2504.5450446964046
289.2172051,47.8841427,544.6204065072513,2.25,1.7313332277641686,5528.0,Kepler-22,1,120.21877236327315,-344.8877918282475,403.99411506038876
285.9307362,39.0981201,1888.815134654868,0.8,1.6600655987560295,5332.0,Kepler-495,2,402.33858444927114,-1409.5502545594948,1191.1819156769916
297.2014919,41.7301534,3238.8987236177913,1.45,1.7932422704166875,6217.0,Kepler-501,2,1104.9307812015704,-2149.8250830490697,2155.8861340291855
296.2645118,39.4059745,3048.5964515479227,2.58158428,1.7250333984372772,5745.0,Kepler-1886,1,1042.3686356967025,-2112.3655787935904,1935.2828251277383
294.8309749,46.6595768,2987.3337697131674,1.36,1.7510473402634537,5883.0,Kepler-1391,1,861.0093848443577,-1860.7524895223962,2172.654151864679
288.9555263,44.705707,3936.471056380825,2.5,1.7313332277641686,5736.0,Kepler-1887,1,908.8098100361943,-2646.04570746274,2769.1715766495854
289.3945523,41.7822597,1147.7075019509455,1.13,2.004187773182719,5675.0,Kepler-1888,1,284.1951190868558,-807.2607598600449,764.7193667691895
284.4594558,40.1424756,1557.406029538578,0.7,1.719130712301831,5771.0,Kepler-1393,1,297.2740033403556,-1152.8380389838596,1004.0449012135688
283.4532068,45.0840729,1835.2102880494579,0.75,1.9702553417307682,6712.0,Kepler-1394,1,301.46566413414837,-1260.2280883496207,1299.5924053507667
292.3374945,47.6641732,1408.1231183493708,1.23,2.0790412012549413,6458.0,Kepler-1395,1,360.4258613951082,-877.1735766677796,1040.8988573648285
294.3363936,44.9182296,3068.7181736061243,1.49,1.8098457519570923,6238.0,Kepler-1396,1,895.480985115266,-1979.9164218151682,2166.8124046497705
299.6758812,47.0758234,3450.2781376421503,1.61,1.846270927892368,6007.0,Kepler-1397,1,1163.3410571741972,-2041.5503828727378,2526.4854731378095
297.1992577,41.2264404,4020.287438191607,2.59,1.7151476950451148,5641.0,Kepler-1889,1,1382.0930060677017,-2689.347840027435,2649.516598098557
292.5778203,40.6679032,1514.3831820875166,0.84,1.908138124509192,6483.0,Kepler-1890,1,441.0137046680891,-1060.6244467658184,986.8835379147542
294.8661073,48.6389923,2448.4016726993564,0.9,1.8654181500819949,6126.0,Kepler-1398,2,680.3285091510339,-1467.9154067778281,1837.6746798760714
293.3116962,46.0416516,3992.9855908522054,1.29,1.7899224234431728,6119.0,Kepler-1399,1,1096.842061636585,-2545.4083399186156,2874.329104965348
286.2716827,45.4408055,2158.9760339954382,1.571,1.6223076428186394,5135.0,Kepler-1400,1,424.44551482918973,-1454.1579605628074,1538.3264107593914
290.0438524,44.3705375,1707.3316777489247,1.37,1.7201204316998213,5516.0,Kepler-1891,1,418.2981589734407,-1146.533624301989,1193.929962933058
299.081007,42.0180957,2446.638488708933,1.48,1.6845092557004964,5376.0,Kepler-1892,1,883.4802216398722,-1588.5396271362665,1637.6948572371061
287.4660334,40.75842,4108.012355941752,1.68,1.8367218847334936,5964.0,Kepler-1401,1,933.9444069816598,-2968.227798593018,2682.0024416277884
291.8478341,48.9681664,4305.494753292821,0.68,1.690929606204274,5409.0,Kepler-1402,1,1051.8482743370193,-2623.454195941362,3247.8282528797463
290.8676391,38.9600779,6246.039419009393,2.03,1.8803825268063306,6415.0,Kepler-1403,1,1730.0500116840797,-4538.242683336709,3927.376825316351
296.0094827,50.4983929,2766.8141720143135,1.89,1.6752375886815054,5385.0,Kepler-1404,1,771.7819111088828,-1581.7229512910471,2134.8924679017236
295.6848822,39.2561274,4411.6332181350745,3.0,1.7501298226802984,5875.0,Kepler-1405,1,1480.5835909012944,-3078.5039200422616,2791.6291831099443
292.0818824,38.9149472,1638.318513907004,1.31,1.8480819805301598,5721.0,Kepler-1406,1,479.215268614501,-1181.2362959981524,1029.1360902979504
283.9424274,41.4715535,4023.9933093044842,2.16,1.8448162861021271,6086.0,Kepler-1407,1,726.4825831245643,-2926.2858863193665,2664.882008883694
282.6998783,45.4257884,1530.167876858929,0.84,1.8889742753799745,6052.0,Kepler-1408,1,236.09535193321406,-1047.648073951685,1090.0028574787405
291.1694567,42.6407281,1651.4714611459117,2.915,1.7583142678672645,5564.0,Kepler-209,2,438.71519010589446,-1132.8661278699628,1118.705191404187
286.3615236,42.9638889,4788.531891161935,2.82,1.7636809171015375,5664.0,Kepler-1411,1,987.1142582226981,-3362.261077040657,3263.5630166592096
292.1801539,49.202481,2168.938457823103,0.83,1.8954625689388938,5880.0,Kepler-1412,1,535.0055674541139,-1312.2902814760562,1641.9370553589
298.4012866,44.8381709,3023.1475397649597,1.53,1.821581120040963,5570.0,Kepler-1893,1,1019.646230349167,-1885.6950428660311,2131.6418126486774
295.5864604,49.6668523,2688.666614921511,1.26,1.7551508718885156,5772.0,Kepler-1894,2,751.5396100245339,-1569.5358895224358,2049.554457012227
294.3416065,46.4987624,3361.221422460815,1.6,1.6401224283008093,5178.0,Kepler-1413,1,953.6785189762471,-2108.0808518741305,2438.093897948645
284.9285796,42.4223085,1633.778821793729,3.4,2.0686397771270113,4977.0,Kepler-1414,1,310.69469458571655,-1165.3369171474217,1102.1306251217854
291.6756005,48.7625419,2830.5204126141216,1.53,1.6401224283008093,5004.0,Kepler-1895,1,689.1447606525106,-1733.8932551996652,2128.506397609253
285.2836483,38.9472625,2627.954023330074,1.91,1.739427629132802,5485.0,Kepler-30,3,538.7477623208264,-1971.5406337288518,1651.9445289981934
285.1568015,47.8732512,3002.417823227301,1.33,1.7478269776503321,5343.0,Kepler-1415,1,526.5679873699602,-1943.8834909567752,2226.7815145397217
298.6634624,43.8940593,2730.354769729575,0.86,1.8605395288578408,5710.0,Kepler-1416,1,943.7660822829205,-1726.4367870062258,1893.0289937000457
291.1376203,36.5773443,2399.623144176108,12.384,1.7759356995432531,5306.0,Kepler-75,1,694.9031377150802,-1797.3688745358938,1429.9531433263614
290.9498966,40.605197,2852.6919446316333,1.0,1.7985801673205084,5952.0,Kepler-1417,1,774.3844275268348,-2022.62526351825,1856.6548232635691
289.6785786,40.2496475,4998.2320823382715,2.68,1.7961251814923198,6122.0,Kepler-1896,1,1284.6191994133835,-3592.033331640124,3229.4541343391834
293.6193001,46.4134015,2271.7097913338916,1.11948901,1.7924790193699307,5473.19,Kepler-1695,1,627.5223436042914,-1435.0240807176876,1645.474695059151
290.2964214,37.7494271,1265.0678077568818,2.35,1.7050169680281613,5097.0,Kepler-156,2,346.97547045008076,-938.1766587291245,774.4863705350817
295.0902409,45.0811045,1524.1081985470132,0.91,1.7750724385852852,5466.0,Kepler-1992,1,456.34919871633093,-974.6333394035566,1079.231700531566
292.2545917,37.971376,4319.797099619082,2.6,1.7546969530060337,5900.0,Kepler-1419,1,1289.6930427549908,-3151.7089629507386,2657.831719692348
296.2038586,42.7778165,3033.715062860274,1.32,1.7034754681056734,5280.0,Kepler-1420,1,983.2467728808258,-1997.8816394461514,2060.3693409213593
291.4094615,38.3400107,3064.722781312553,3.327,1.6871966678245351,5461.0,Kepler-405,2,877.458564356109,-2237.9224590409185,1901.129995937814
286.5806115,48.5442312,2249.202414746775,0.71,1.8722881254376968,6528.0,Kepler-1421,1,424.9258433738706,-1427.1491749299107,1685.703046990366
297.042015,39.9121864,1209.8995467757265,88.52,1.7327733487312433,5120.0,Kepler-1983,1,421.9219870330163,-826.5695441744081,776.2870208817941
293.8902214,48.3360926,7120.21967199549,2.11,1.9043765588988726,6616.0,Kepler-1422,1,1916.8923460080005,-4327.707354487571,5319.210558457119
294.2901043,39.126871,2827.587563053696,2.81407954,1.6861238222961243,5165.0,Kepler-1897,1,902.3125156063957,-1999.3213152462374,1784.3199907298165
287.2058009,38.4981903,1026.0333305526754,0.93353523,1.8459077524693925,5702.0,Kepler-1898,1,237.531885580588,-767.0666076625764,638.6954032608761
291.8863206,44.4790319,4440.961713739332,1.16,1.81418793960689,6173.0,Kepler-1900,1,1181.1683368935185,-2940.2767993553043,3111.5518067343355
291.1643587,45.3183061,2958.4395558799515,1.16,1.7641249735402877,5696.0,Kepler-1901,1,751.0732819003094,-1939.9609684548884,2103.5220397899884
292.7376545,42.0147792,978.0191379464572,1.05,1.5257246620466294,3729.0,Kepler-1902,1,280.8556575508648,-670.1695971157772,654.60999451038
290.8882981,51.2481617,5121.365440487238,1.78,1.8026393259184155,6363.0,Kepler-1903,1,1142.9872533051469,-2995.023047567897,3993.9705880659785
290.9916648,40.2293347,1896.044478536786,1.1,1.7546969530060337,5905.0,Kepler-1424,1,518.5641073868403,-1351.4933130418733,1224.5577797405167
292.5733475,46.3668273,3025.492661328577,1.14,1.7592136167706003,5955.0,Kepler-1905,1,801.3993891888139,-1927.7654635609647,2189.7682937385066
281.1123072,43.2277663,1389.7443137989444,1.82,2.035746387966088,6306.0,Kepler-431,3,195.16481072451407,-993.6335514405994,951.8362883620823
292.5457096,49.4168981,4896.6101479148365,1.52,1.8074576989426419,6131.0,Kepler-1426,1,1221.3821247843362,-2942.036474235208,3718.795239078044
293.8266166,38.8565906,3920.402630852333,1.86,1.751962802934289,5868.0,Kepler-1906,1,1233.277201960338,-2792.6993502543983,2459.555746513471
297.6422563,49.594958,4411.691122371213,1.95,1.995461374723796,6409.0,Kepler-1428,1,1326.7101840914515,-2533.2103807622966,3359.4201603007537
285.3662532,49.0448172,3496.1382926640076,1.19,1.8110345668862156,6210.0,Kepler-1429,1,607.2492671243651,-2209.6872554366805,2640.3623846300407
289.6975391,43.3719581,2515.915116825285,1.18,1.6634861535426746,4796.0,Kepler-1430,1,616.421369276862,-1721.8311390543715,1727.7589817887078
292.6583919,49.8651522,4680.714203471658,1.46,1.8137950958364613,6020.0,Kepler-1431,1,1162.309266764946,-2784.2673894929308,3578.5440792003487
295.5241011,49.8295211,6269.1142571106675,1.91,1.8333637780275858,6338.0,Kepler-1432,1,1742.5136123398481,-3649.3044703024516,4790.408830418246
295.5384415,51.2030002,2226.411307402579,1.09,1.9769018932428812,6354.0,Kepler-1434,1,601.4019927964717,-1258.6914788731426,1735.1999060058279
286.9638856,37.8296147,2453.5348832330533,2.03,1.7106199131118887,5684.0,Kepler-575,1,565.4175450377459,-1853.5753065882614,1504.7906850493043
291.1732806,44.9210836,2019.9305917555548,0.94,1.9170881713402967,6664.0,Kepler-1435,1,516.5997815429038,-1333.718191080375,1426.3379851918207
297.711553,46.7679816,7307.771492848769,1.26,1.8169273250458327,6198.0,Kepler-1436,1,2327.6557840391974,-4431.359677247198,5324.339785700157
280.7085829,47.3279236,826.8138061174451,9.05,1.7065526764532568,5159.0,Kepler-1907,2,104.13295213728708,-550.6559212221209,607.9107292099777
291.8649164,49.325869,6065.928292499937,1.32,1.7413091234176281,5796.0,Kepler-1437,1,1472.3628064318593,-3669.107895865626,4600.5739929365145
290.889409,42.4596251,2192.053828889676,1.07,1.6651857564557,4988.0,Kepler-1909,1,576.6355548671272,-1510.8972169139902,1479.7908722297648
289.289819,40.6816262,3322.5413927201575,0.88,1.726495846908477,5529.0,Kepler-1438,1,832.3505452374969,-2378.1746620698814,2165.816047791329
285.7396971,40.9798688,633.6510647823242,2.1,1.6340667040344243,3679.0,Kepler-1439,1,129.76578531425506,-460.431669851625,415.54445040114797
290.6178587,37.2891002,1697.1144752822495,1.66,1.6449032303050486,4805.0,Kepler-1977,1,475.4523337505644,-1263.7243008624298,1028.174845030479
285.3469737,48.3122283,3210.265078847199,1.39,1.826563648543142,5906.0,Kepler-1440,1,565.0714421475436,-2058.9197597519546,2397.3622097292814
293.7191177,43.1245756,3196.1653973474235,1.31,1.7977634759166157,5802.0,Kepler-1441,1,938.3694042928973,-2135.7286693138512,2184.856782344988
291.4399598,37.9056293,2943.0949333031936,1.97,1.7767971411933234,5703.0,Kepler-683,1,848.8142428521417,-2161.480036451651,1808.1278216949283
295.2126472,49.56216,2901.7513087001553,2.98929758,1.999972499854997,6200.0,Kepler-1717,1,801.7528897655935,-1702.8358666663762,2208.5522344943884
290.8704935,38.2735978,4993.483934974898,5.751,1.9376269072228784,5659.0,Kepler-684,1,1396.595934254432,-3662.9824025455723,3093.0505207509705
287.4389454,43.8320052,1095.0435991827894,2.565,1.666314911625875,4693.0,Kepler-174,3,236.73522814693376,-753.6274934403942,758.368325417251
280.6414331,47.7520581,1755.2850709071968,1.1,1.761899851487641,5372.0,Kepler-589,2,217.92875334110613,-1159.8526301457052,1299.3362209070308
287.2954015,43.2798677,1592.5075774858637,0.8,1.7166458784388943,5438.0,Kepler-605,2,344.67786990235123,-1106.9461375364685,1091.7636186201507
293.1713241,45.0655934,2429.9302213711085,2.63,1.7515053278874668,5713.0,Kepler-610,2,675.3139838040024,-1577.806010083138,1720.1860650978833
287.9179379,45.5928829,1867.8248490545857,1.02,1.772471662610759,5487.0,Kepler-192,3,402.1088715414948,-1243.6216945531291,1334.347482108845
288.7930651,48.040176,4195.274039802786,10.6,1.93704587811059,6163.0,Kepler-117,2,903.6336904418064,-2655.4600300294833,3119.6638362903022
288.1209339,47.9666141,1868.9163439058007,1.72,1.7014110500221729,5234.0,Kepler-195,2,389.2020515759779,-1189.2935365683984,1388.1465871599821
292.1504723,39.6375254,2183.5013732119883,1.18,1.826182525987168,6077.0,Kepler-625,2,633.995081554495,-1557.4044573031817,1392.9177433558414
284.4099503,41.2374928,1909.046874761733,1.86,1.7936553618229116,5785.0,Kepler-200,2,357.25375226248275,-1390.4090081068039,1258.4087240270428
293.0377331,46.2775223,3179.257360394921,1.84,2.0120063768768075,6167.0,Kepler-217,3,859.9223553700399,-2022.1464660510078,2297.6367372144673
282.2130447,46.7177898,1705.5771793939218,0.82,1.8986684984060007,5676.0,Kepler-653,2,247.3687723982164,-1142.8660950549072,1241.6357332508892
291.5060432,46.8956262,476.4873870546389,0.98,1.6316190685071978,4632.0,Kepler-220,4,119.3639789029645,-302.929411509183,347.8882610915607
288.3278778,47.381538,2558.848212710331,1.52499998,1.7785145971303806,5550.0,Kepler-656,2,544.832982333343,-1644.737882839363,1883.0025209238836
289.7805393,49.8965624,2630.823178230747,2.73,1.7225842963731024,5937.0,Kepler-154,5,573.5162227654125,-1594.7018668283279,2012.2712772574348
283.7870875,48.0296019,1187.5021882372737,2.15,1.972394019790498,5365.0,Kepler-1541,1,189.25467671730317,-771.2573216412646,882.896516146533
285.7284757,42.6544651,1136.6101550949618,0.95,1.8688675706510516,5731.0,Kepler-1542,4,226.6012511648346,-804.6243375014557,770.1390738924161
297.1242915,47.0369876,2649.8505102259273,2.22,1.9344209777557717,6602.0,Kepler-1543,1,823.3693222055382,-1607.3239820065912,1939.1442191497451
297.2852168,49.2124526,951.247114367725,1.685,1.655459872149479,4852.0,Kepler-1544,1,284.86599349745916,-552.2673274866507,720.2244353896788
298.8988313,47.4630696,2094.4909814195644,2.71,1.7045037803754797,5334.0,Kepler-1545,1,684.3086775546142,-1239.6827958652307,1543.308352438718
290.9193265,37.2871677,1221.7293822188649,0.84,1.8184844846877593,6187.0,Kepler-1934,1,347.062434515574,-907.9475890472679,740.1361533314433
286.6088625,41.8892986,1672.3054053086196,2.008,1.69985586522286,5253.0,Kepler-1701,1,355.84506679626134,-1192.984505792753,1116.5874914217925
296.4037783,39.7227036,2600.3945021398554,2.50271696,1.7542425294887813,5570.0,Kepler-1935,1,889.4258533950882,-1791.4401310221938,1661.8409896963037
290.7300141,44.836128,2503.0980141559817,4.5,2.0501058504626135,6501.0,Kepler-1936,1,628.2920203720868,-1660.0960413601217,1764.8880811736572
290.6583922,40.7785383,2601.4570448730005,3.18,1.879714081993963,6450.0,Kepler-1937,1,694.9811543172559,-1843.2613547365117,1699.1078628498362
297.5839183,41.5411993,2679.3006047260747,3.78,1.8054569415869257,5569.0,Kepler-1546,1,928.5951982818389,-1777.4537206211028,1776.8007652135964
299.351892,41.1957285,1200.414832896206,1.82828927,1.624811503093089,4522.0,Kepler-1938,1,442.7572191067847,-787.312430964708,790.6332601241202
283.7640396,42.2220992,1934.4755200620475,0.82,1.8074576989426419,6103.0,Kepler-1547,1,340.84194125522697,-1391.4291722540513,1299.9796796108403
287.4711817,46.0805706,2506.523049723586,2.64,1.7853131557109085,5706.0,Kepler-1548,1,521.9850538852432,-1658.4332121960324,1805.4884887479056
296.8229326,48.1077628,887.488759955392,2.36,1.6634861535426746,4871.0,Kepler-482,1,267.40369744415125,-528.8432824741805,660.648427094389
286.0524399,39.0960281,2306.096221964864,2.71,1.7436488774402559,5375.0,Kepler-1549,1,494.8931832676007,-1719.9548415884701,1454.275030732585
285.3500664,41.4523695,852.6362002235028,1.47,1.4951879757142783,3813.0,Kepler-440,1,169.16827642674352,-616.2588174133401,564.4427819918415
287.7646113,38.2947076,3394.5742624767117,2.65,1.78065131873237,6184.0,Kepler-1550,1,812.859183352659,-2537.1428165857105,2103.639869311306
295.7855238,39.9078956,4218.870016029311,2.56,1.852753504653339,6362.0,Kepler-1551,1,1407.7574323039,-2913.9647711257994,2706.638604723959
285.6899312,40.9946659,530.6973329276987,0.99,1.591000181123842,4353.0,Kepler-1939,1,108.32253380776375,-385.6298161265582,348.13148774598864
291.6535379,38.4946597,4998.782172581589,3.975,1.8622885854917843,5911.0,Kepler-234,2,1443.6407244277298,-3636.289444035762,3111.450424944512
291.2042027,45.2383344,2293.192262941353,1.4,1.666314911625875,5435.0,Kepler-1940,1,584.051900920483,-1505.4481589465317,1628.2628696158836
291.6768669,38.8749152,2207.7864098485634,2.978,1.7932422704166875,5271.0,Kepler-1552,1,634.8764332059568,-1597.250889474558,1385.6559248761662
293.8719143,38.4229184,2698.869341329152,9.74,1.8204226291993424,5717.0,Kepler-685,1,855.6899652357646,-1933.5324283452705,1677.2426042461807
294.1496529,38.458207,3051.9838493620373,1.85,1.8756802935503716,6074.0,Kepler-541,1,977.7561706378962,-2180.729187490911,1898.1618735954705
291.9191348,39.0221769,1986.2969161943856,1.11,1.696203923404798,5328.0,Kepler-1553,1,576.0574729111948,-1431.6062650260913,1250.6145405857633
286.576016,41.7415762,2722.413203743151,2.74,1.6877320364821677,5462.0,Kepler-1554,1,579.5161198761173,-1946.9245620979596,1812.506405014461
287.6354587,45.7160327,5809.933664530702,1.55,1.801425805249746,6208.0,Kepler-1555,1,1228.9812432902324,-3865.937007013872,4159.262596625581
288.3969751,40.2131892,2715.733950104551,2.06,1.8018307125752475,5812.0,Kepler-1556,1,654.509043868343,-1967.8736410483766,1753.3687952373334
292.2149697,38.5485469,1243.449261194495,1.8,1.798172025587478,5696.0,Kepler-542,1,367.67682702288863,-900.2921099056285,774.8896262547252
293.8813592,46.8388172,3976.946117441783,1.376,1.8208091577498182,6267.0,Kepler-1557,1,1101.3550442266512,-2487.533533769344,2900.91268499498
288.4561183,45.8022258,1377.4136067132063,0.73,1.5343800249557331,4729.0,Kepler-1178,1,303.99311558835853,-910.857405434304,987.5197297264768
286.8194349,46.9117837,924.1681983374576,0.79,1.7332522637381895,5115.0,Kepler-1558,1,182.6768671134381,-604.3140667538345,674.9226102030985
296.6270184,49.353891,4307.6661621480225,1.99,1.8622885854917843,6418.0,Kepler-1941,1,1257.5722649745862,-2508.358681864063,3268.4302785892405
294.9805416,44.4252384,2420.2833756303994,1.6,1.7050169680281613,5834.0,Kepler-1942,1,729.955263720153,-1566.7831096066657,1694.145099680482
293.3182976,41.1166697,2889.4756106387485,1.1,1.7865753921591394,6032.0,Kepler-1943,1,861.681798415316,-1999.0452173966426,1900.1031555048596
287.4099905,39.6586267,1599.094184346642,0.77,1.8448162861021271,6202.0,Kepler-1982,1,368.3478570511802,-1174.6816133838297,1020.5612053154961
292.2866565,42.0725948,1761.1449796044342,0.7,1.7176416253665678,5406.0,Kepler-1559,1,495.77816480381864,-1209.6344129744184,1180.0933172582982
292.7846013,43.21601,1435.9258373313721,0.91,1.7948921370831643,5755.0,Kepler-1560,1,405.2642195436007,-964.8112513955241,983.2513269017852
296.5105045,39.1732645,3097.7281959116176,2.41,1.7861550796165324,5585.0,Kepler-1944,1,1071.9294476771815,-2148.971117364278,1956.7346196361082
299.4070341,44.0350387,2586.135583990698,15.21650157,2.0338810519853276,6295.0,Kepler-5,1,912.8926484046524,-1619.658487989524,1797.6180499636557
296.9235822,43.5664628,2410.393332097908,1.09,1.8404210404022199,5957.0,Kepler-1561,1,790.8235083687144,-1557.20946042399,1661.2323408841644
282.3355387,42.8453417,2882.440245947895,2.48812698,1.7422466328003265,5505.0,Kepler-1946,1,451.49526607006493,-2064.59086692359,1960.1220238526435
295.1828896,38.6542028,1769.0286413547196,4.06,1.8783739040338387,5589.0,Kepler-576,1,587.8354065456294,-1250.1827736846817,1104.9682805975633
296.1040313,42.3425818,1338.2819239306664,1.44,2.011279703064676,6040.0,Kepler-1947,1,435.2350478610233,-888.2670709047361,901.4158706054046
294.4556567,46.7435353,5947.3114647697885,4.72,1.928823539424167,6362.0,Kepler-1562,1,1687.2055765769085,-3709.840767536948,4331.389209118803
288.5735936,51.4727698,1766.559025683404,0.75,1.7459753146348196,5757.0,Kepler-1563,1,350.4912250674337,-1043.0535696997222,1382.0007030066567
290.5861316,46.6427486,2612.273556183711,1.51,1.7587641896646655,5505.0,Kepler-1564,1,630.6019022685899,-1678.9229708581847,1899.3504234649952
297.9529793,40.8067876,1804.8713635245806,1.18,1.66687832165535,5112.0,Kepler-1565,1,640.3732733912391,-1206.7550601726002,1179.501985731729
290.3336142,38.7282722,2569.951349989929,2.6,1.7166458784388943,5331.0,Kepler-1727,1,696.6656727007726,-1879.941728797776,1607.8326959358267
283.5875459,40.5749018,1331.9558861325122,0.68,1.638918439472536,5166.0,Kepler-1566,1,237.67846834225216,-983.3802464994275,866.3594629738005
286.695153,40.2918894,3473.034502444663,2.53,1.7560572002236274,5858.0,Kepler-1567,1,761.0296221953313,-2537.4237024139097,2245.948246006654
294.1107631,38.7102222,2056.3697275576446,3.112,1.8062584201018854,6001.0,Kepler-146,2,655.4920221639074,-1464.6325652285157,1286.0163739887257
289.1826808,47.8733301,2634.010806430183,1.294,1.8876641655671815,5848.0,Kepler-1568,1,580.5439391255195,-1668.7190772834297,1953.5501796078715
292.2046748,37.2212065,2718.3801736960895,1.25,1.8318623845611663,6185.0,Kepler-1569,1,818.0613712137513,-2004.1307618306948,1644.3315514687963
287.2187273,38.8625366,623.2543591836188,2.43,1.6297736752523506,4538.0,Kepler-543,1,143.65841175875457,-463.5489319223405,391.0634791002514
299.8617842,45.8274232,2641.775764496384,2.57,2.111411216501684,5456.0,Kepler-1570,1,916.5751472205717,-1596.4361431935276,1894.7983613259262
300.9354067,45.5964836,1936.2358088406643,1.345,1.884700974817395,5638.0,Kepler-1571,1,696.4629722274453,-1162.0745490107668,1383.304441652089
281.8973341,46.7227061,2721.7038768504513,1.363,1.9530104030320625,5819.0,Kepler-1572,1,384.65274807058626,-1825.7291099647127,1981.521504726098
292.9883129,49.4849664,4194.666045323331,1.15,1.780224867038322,6088.0,Kepler-1573,1,1064.2519337541116,-2508.643031057803,3188.9341786895234
292.1586689,49.6377914,3988.5269646695247,1.465,1.8469963121318398,6117.0,Kepler-1574,1,974.2523165468881,-2392.2638971999704,3039.1204677920427
293.7432102,45.7615507,3591.1880962857003,1.33,1.7583142678672645,5970.0,Kepler-1575,1,1008.7609981817727,-2293.320945470753,2572.8801434416955
289.0739641,40.3660239,1315.5226639163468,1.04,1.821581120040963,5876.0,Kepler-1576,1,327.5486847570338,-947.296109350551,852.022194312336
284.7068546,38.9367566,2602.432731251938,3.01,1.9847376714382752,5707.0,Kepler-1719,1,513.9105207033846,-1957.9560367332256,1635.5305731235105
287.3640804,47.7853043,542.480844981926,0.72,1.5585647583833055,3872.0,Kepler-1948,1,108.78188041533846,-347.88754490217144,401.77882692788467
292.9552704,47.5730433,1457.7325726612103,2.65,2.027907663255034,4934.0,Kepler-1577,1,383.56115949347685,-905.5784106885869,1076.0078217281803
288.9022829,49.3704079,1263.2959381310375,14.14,1.7694163602044797,5515.0,Kepler-468,1,266.49056755921384,-778.2540662223091,958.7596221727257
288.3021104,47.7756227,3061.7407131514096,1.24,1.8070583301647372,6046.0,Kepler-1578,1,646.1425520944201,-1953.5132168303699,2267.2763635275855
285.516872,38.9324587,2798.4819987585734,2.22,1.7050169680281613,5834.0,Kepler-555,1,582.3698638776704,-2097.55914201425,1758.576835050242
293.5422586,43.0260555,7558.873212864283,1.36,1.9507675775879094,6028.0,Kepler-1949,1,2207.170508878294,-5065.9236539246085,5157.652578984191
293.7968548,45.1607261,2968.6886056765034,4.05,2.2551870198362067,5159.0,Kepler-1993,1,844.6293598799814,-1915.315862764441,2105.060195753352
285.9687099,41.3635264,2882.1507247672016,2.44,2.1373287752541286,6237.0,Kepler-1580,1,595.1082055222868,-2079.674753218866,1904.623832891996
287.3713199,39.6036225,1408.9366728671196,0.75,1.8787093606892435,5989.0,Kepler-1581,1,324.10444907411755,-1036.0356446893866,898.1586703769432
289.3765441,41.1580845,209.49558655794038,0.77,1.0435470077266085,3089.0,Kepler-1582,1,52.33037115083836,-148.79454079193752,137.87718329363796
286.3869335,47.0165188,1150.5621807925838,0.58,1.7542425294887813,5806.0,Kepler-1583,1,221.30799671940662,-752.5736754941423,841.6941044176721
287.7626791,43.2743929,4081.6080242625003,1.61,1.8477204113675578,6069.0,Kepler-1584,1,906.6018628785189,-2830.0663208248907,2797.9138202742947
290.5294799,38.9427306,1934.1946845167745,2.066,1.7583142678672645,5641.0,Kepler-556,1,527.5655459759473,-1408.8279465433927,1215.7250879003743
296.1589897,44.5630457,2715.5168092190306,1.64,1.7417781468903961,5448.0,Kepler-1585,1,852.9598333886447,-1736.579864188376,1905.4609518623577
298.2026236,44.9258585,1580.8398739039137,1.95,2.1021994708947584,6245.0,Kepler-1586,1,528.9561815070455,-986.3906517675592,1116.3751820403377
292.6777294,49.6638666,2952.9676055648433,1.32,1.8948183546027582,5855.0,Kepler-1587,1,736.9234725110452,-1763.5974510818264,2250.929920214157
284.9685077,42.0791214,1287.73442099338,5.92,1.9637713367149827,5313.0,Kepler-196,3,246.86720182088297,-923.3506990692772,862.983203894815
287.0874563,42.6686537,1999.785708002898,1.52696349,1.7322938719470335,5455.0,Kepler-1950,1,432.05315121422746,-1405.5055189096793,1355.3697609039905
288.2327232,48.0021967,2656.674524454874,0.81,1.7936553618229116,5678.0,Kepler-1588,1,556.1666955371271,-1688.3401657870925,1974.3620793190028
290.4999139,40.2877161,3679.202535216538,0.88,1.7546969530060337,5497.0,Kepler-1951,1,982.860551157277,-2628.791998349987,2379.0689484614977
294.4418236,40.5716114,4361.951383528062,1.09,1.8889742753799745,6166.0,Kepler-1589,1,1370.9454848615796,-3016.3778951292584,2837.004184624269
285.213819,39.027466,4297.677681414095,11.77,1.7515053278874668,5934.0,Kepler-686,1,876.128634242745,-3221.6178957799884,2706.216954195449
291.4079141,48.0178915,2213.738965323623,1.031,1.805055612235423,5707.0,Kepler-1590,1,540.4878218028023,-1378.6018115450154,1645.5911297402429
296.5166659,44.6086233,4091.075366871179,1.597,1.9771655204120766,5986.0,Kepler-1591,1,1300.3181018795344,-2606.135972703989,2872.999440153581
288.0764082,43.9584839,2447.9905526227717,1.29,1.9065750101313954,5973.0,Kepler-1952,1,546.7745746520465,-1675.1944025043347,1699.2407198694839
285.679298,50.2414842,518.1697514390888,1.47,1.8235046714103924,5708.0,Kepler-10,3,89.56094022643181,-319.0656889820476,398.34133027670606
287.0940046,39.0607801,1868.140427141542,2.5,1.71011371625256,5170.0,Kepler-1728,1,426.38094181372736,-1386.489123092943,1177.1983093445149
293.850623,38.3977379,4727.703491098221,0.99,1.7161470938600178,6021.0,Kepler-1592,1,1498.2051705477843,-3388.7735653682053,2936.456246796103
300.4882018,44.4606698,1828.956630546477,1.91,1.4758869953544975,4366.0,Kepler-1593,1,662.300737115823,-1124.8931529705542,1281.0368786400045
294.0290734,39.0517893,2769.700698185828,1.97,1.8137950958364613,6269.0,Kepler-544,1,875.8408203426268,-1964.4873417821236,1744.9740109613163
293.6230451,47.9619127,2809.330357399161,0.959,1.7763666473023791,6010.0,Kepler-1594,1,753.8284286881142,-1723.5551457915278,2086.4892562679665
285.7227502,43.0094855,2427.6082615019463,1.22,1.7365890488941145,5408.0,Kepler-1595,1,481.0392802697324,-1708.746950614854,1655.9187603607004
294.7119855,39.0737317,1498.8966941322187,1.68,1.4977507045582352,3789.0,Kepler-577,1,486.47076657072864,-1057.080775566997,944.784487001802
285.5575066,49.3300866,6194.881026380843,2.02,1.7878337428040505,6139.0,Kepler-1596,1,1082.8003234135438,-3889.2891137491793,4698.672640257141
287.9680995,46.4705959,1734.5206118278556,1.11,1.6634861535426746,4859.0,Kepler-1953,1,368.52239359670733,-1136.3476835408637,1257.5638911740211
288.1639687,42.4810124,3516.288966840279,1.065,1.935297818803499,6205.0,Kepler-1597,1,808.4185354620844,-2464.0403088400735,2374.711124801358
288.469107,46.7836464,1775.7223710523542,0.96,1.832988946353755,6164.0,Kepler-1598,1,385.20005609602094,-1153.3078105322866,1294.0988949862528
286.2208685,41.1511886,3826.510911953416,1.83,1.852753504653339,6003.0,Kepler-1599,1,804.856427127372,-2766.5724833306786,2518.028710219136
291.3993802,38.7877563,2965.5038726888743,1.75,1.7206143941909555,5303.0,Kepler-1600,2,843.3991785644254,-2152.169579053455,1857.7021148522274
284.9724842,44.5674794,2462.69243817839,1.62,1.67135786140993,5242.0,Kepler-1702,1,453.2795289473289,-1694.917691343999,1728.1914631392672
289.3154576,39.1532911,1815.6705035644502,3.263,1.6680028173072414,4903.0,Kepler-687,1,465.7157792780643,-1328.7262289366063,1146.4095249871727
285.5129496,38.079839,1846.9272102321254,0.851,1.8196484738321974,5752.0,Kepler-1601,1,388.83114410771725,-1400.8502683452152,1139.1088564947793
298.0029203,43.3545882,3958.619426703881,1.27,1.7308520577125264,5840.0,Kepler-1954,1,1351.4505982010412,-2541.396410401721,2717.637453984004
299.5347603,40.4777528,1282.0569106399794,1.06,1.9021662194983895,5825.0,Kepler-1955,1,480.7297265007404,-848.4854287276839,832.2507611381619
293.5808607,40.4275396,1804.506566836907,0.97,1.8102424078947394,6258.0,Kepler-1602,1,549.5143648847525,-1258.9348238526861,1170.1970012924464
293.4700919,39.2528182,1901.8262165152362,2.37,1.7767971411933234,5683.0,Kepler-597,1,586.5331073510861,-1350.8616804730148,1203.3680201980437
295.3298254,42.5349698,7834.584233238749,1.29,1.908138124509192,6241.0,Kepler-1603,1,2469.8662674922316,-5218.010535627515,5296.492875337174
285.4106549,44.4122318,1547.9473725653197,1.72,1.6785340090606566,5016.0,Kepler-1604,1,293.83289654673877,-1065.979281459315,1083.2781123231064
294.6208506,49.894219,1024.7217996041336,1.08940238,1.6413228811802976,4391.0,Kepler-1956,1,275.0164330490769,-600.110906905509,783.7650333805051
287.1349405,47.4886251,1562.5421352840815,5.18,2.3645188944553075,5447.0,Kepler-1605,1,311.0828071650742,-1009.0006465821579,1151.8173061823743
293.711436,47.8874467,1315.4908165864704,0.82,1.6919899282298987,4904.0,Kepler-1957,1,354.74101272069635,-807.6845308493719,975.8691515996719
286.3782987,43.0732287,2387.8425273336875,2.07,1.7361140297684075,5422.0,Kepler-1606,1,491.84723950060646,-1673.4934905879659,1630.7353449590373
294.6552312,39.3083446,3912.0644208483586,7.7,1.7116304300954515,5582.0,Kepler-688,1,1262.7143686935397,-2750.9979841265276,2478.267650455507
296.0598685,42.6560582,3704.6224948814315,1.09,1.9300083342005476,5771.0,Kepler-1607,1,1196.9033828367892,-2447.5214637735485,2510.236802794341
289.7528323,41.631884,86.59095014172249,0.5,1.664053473427873,5051.0,Kepler-444,5,21.873165280025464,-60.91234352884378,57.52602622207693
289.1041643,41.6901138,3803.87035562318,1.62,1.7380108030637555,5749.0,Kepler-1958,1,929.6743552101531,-2684.1084181522883,2529.959935504399
296.022301,44.7326691,1368.6584862090333,1.2,1.7121347533076936,5071.0,Kepler-1959,1,426.5651544798898,-873.7248848599838,963.2616707997669
294.6969361,46.7202043,4403.700337784072,0.97,1.8118251936543144,6363.0,Kepler-1960,1,1261.3974401347034,-2742.861075273655,3205.957935589582
290.1465356,39.6658026,5267.863157918172,2.05,1.867491293553981,6257.0,Kepler-1609,1,1396.6666586647411,-3806.987269359066,3362.5217361474242
288.7549882,39.563696,1548.6509090344052,2.54,1.8238882978220987,5417.0,Kepler-578,1,383.8589809863319,-1130.4887354560528,986.3909669984816
295.9049795,45.4054296,2483.511906282063,1.45,1.7065526764532568,5295.0,Kepler-1610,2,761.7604600900511,-1568.436825510944,1768.4904055349898
294.7106347,39.5216975,3257.6886482448026,2.89,1.7455110852701348,5518.0,Kepler-689,1,1050.4935031214006,-2282.820475652224,2073.0965739071903
286.3300783,39.6831276,2999.204138121603,1.11,1.694628761873,5401.0,Kepler-1961,1,648.9838796345514,-2215.034570739969,1915.1154629752841
296.5120204,49.7277506,2611.228384721408,0.66,1.6634861535426746,5511.0,Kepler-1611,1,753.4769781439156,-1510.44737105876,1992.3189653877132
295.1933631,39.5396946,2147.253321389156,2.45,1.869210917090113,6063.0,Kepler-624,1,704.8857790692439,-1498.4090348560003,1366.968627637305
291.2503022,45.6550536,2195.1343342522555,0.88,1.713141536850343,5543.0,Kepler-1612,1,556.1133767607085,-1430.0208473432888,1569.8385374822712
289.5483989,40.1641457,2490.7354597403673,1.21463929,1.8002086711146967,5700.0,Kepler-1962,1,636.8898964999748,-1793.70485803114,1606.473551733672
288.6986828,39.7082044,1821.4117085776033,2.17,1.8010204964295577,5741.0,Kepler-626,1,449.2209837174866,-1327.2667007313055,1163.6598407873807
292.1042198,39.7678585,2830.867838030954,3.36,1.9240497168517043,6419.0,Kepler-627,1,818.7843713949446,-2015.9967905261835,1810.8456063799474
289.8750066,43.4209318,4348.025414736702,1.85,1.8951405886846167,6302.0,Kepler-1613,1,1073.6481936609377,-2969.967655654164,2988.6278938357295
284.8713893,49.7758867,3429.837942285186,1.56,1.7096068917466236,5376.0,Kepler-1614,1,568.4590426086935,-2140.727501842843,2618.76466870721
286.3592066,42.2273971,4016.5236628425905,1.94,1.7985801673205084,6035.0,Kepler-1615,1,837.6995356679963,-2853.7587996683906,2699.4041074710003
294.4899225,39.7714758,4802.515764189433,5.95,1.858430733578619,5913.0,Kepler-690,1,1530.1347284080155,-3359.1397971193624,3072.2996601270247
286.5436691,45.3048716,3275.29153603097,1.337,2.03938382163973,6153.0,Kepler-1616,1,655.9480411670074,-2208.2615818994504,2328.2713757619003
284.4722473,39.911889,519.238084595848,4.47,1.789088231497176,5750.0,Kepler-1656,2,99.53262553615737,-385.6345894050751,333.14772759696746
296.5875182,47.207129,1407.9870433944448,0.74437023,1.789088231497176,5726.0,Kepler-1963,1,428.1024038256726,-855.3661202322915,1033.2011646161013
287.9371747,46.4184781,2581.8883082699235,1.08,1.846270927892368,6300.0,Kepler-1617,1,548.1682693720613,-1693.4042728452973,1870.3049894452658
289.4179128,39.9450757,1058.2541427520603,1.43,1.7441152253649648,5441.0,Kepler-629,1,269.72867272949344,-765.1724475199181,679.4552224509442
284.566954,49.0127077,757.0160398758447,1.64,1.553395263317391,4340.0,Kepler-441,1,124.8804514177381,-480.55952845151603,571.4373956064348
299.303559,41.4410233,762.5429992152845,1.45,2.010551735086567,6237.0,Kepler-1911,1,279.7770169843394,-498.4842247710299,504.6881453670289
295.1753619,45.9308594,3540.0297036571496,1.07,1.9308946820252668,6725.0,Kepler-1618,1,1047.388168584656,-2228.2998395498876,2543.5149207633426
288.3953074,39.8725067,812.9978553747491,0.802,1.9305994462510239,5818.0,Kepler-1972,2,196.90192250647235,-592.070913188751,521.1978314546553
293.4270647,39.9423967,2412.443142057218,5.8,2.017057239698844,6070.0,Kepler-630,1,735.3651956015528,-1697.1287905852837,1548.829819871546
295.0020771,39.9528613,1517.7676846898244,1.6,1.7065526764532568,5214.0,Kepler-579,1,491.74602037966287,-1054.45294043495,974.6453675761057
292.5147146,38.0219872,1491.7860539343856,1.06,1.7274679137439348,5864.0,Kepler-1965,1,450.00491561086096,-1085.6193017312544,918.8862488620292
292.4637788,41.2990438,1384.113126834455,0.8,1.6260577050085931,5013.0,Kepler-1966,1,397.3258769570125,-960.947314994095,913.4996185995002
288.8117314,40.0332311,789.1876334745118,2.14,1.5304684744203585,3721.0,Kepler-691,1,194.84889759182192,-571.9809604448226,507.6305830276289
285.703595,44.4221528,2108.636986308251,1.115,1.9510486046953481,5650.0,Kepler-1619,1,407.6133394436403,-1449.7814417632446,1475.9183841437962
297.2709026,46.9284743,2572.504926803646,1.61,1.8823813274233343,6157.0,Kepler-1620,1,804.958706766729,-1561.5241525556569,1879.2193591528385
299.1376276,43.4984724,702.2936415129574,1.85,2.03938382163973,4970.0,Kepler-1967,1,248.05033963346943,-444.97057798625985,483.4134593118241
291.5080318,45.3700933,2155.191992163773,1.50004034,1.7003749178788539,5008.0,Kepler-1968,1,555.107970686544,-1408.6445699638793,1533.7627389783588
285.3666029,39.2800704,1040.636778906858,1.34,1.5875967150686388,4402.0,Kepler-442,1,213.45694388026612,-776.7186352485799,658.839282663474
294.3735518,40.1946345,1598.506456349834,2.37,1.8098457519570923,6108.0,Kepler-1725,1,503.899345811602,-1112.2043360571704,1031.653941561012
288.6104839,49.9685458,2303.8350615436475,2.32,1.6525547148479038,4721.0,Kepler-443,1,472.90531940051375,-1404.3596272735244,1764.0268101604036
297.5885341,43.8411937,4705.091886886055,2.456,1.9410958438420556,6087.0,Kepler-1621,1,1571.6423035060673,-3007.740299159378,3259.0379603011343
294.7842662,49.4920557,3468.4890199077745,1.72,1.8006147853176704,6046.0,Kepler-1969,1,944.4509201812725,-2045.4540364276809,2637.1473840973026
294.7768068,40.1537027,2851.2182818219035,3.62,1.7973545174916377,5601.0,Kepler-692,1,913.2840229324322,-1978.6308181108031,1838.5804496061555
297.3288329,47.815459,2287.0602043342633,1.47,1.9634989249010557,6436.0,Kepler-1622,1,705.0844564145276,-1364.3910237289458,1694.6791501461248
287.2621474,42.0322257,479.7763476673175,0.42,1.2774337765079347,3396.0,KOI-4777,1,105.74850594600319,-340.31106455269884,321.2335234906028
294.082697,39.5560655,2405.7754692658455,1.2,1.7422466328003265,5520.0,Kepler-1623,1,756.8833311543651,-1693.4057002307925,1532.0771409977465
296.885724,40.2281717,2187.1435496651134,2.637,1.8843704014781735,6158.0,Kepler-631,1,755.1212570089126,-1489.3449146927774,1412.529829466888
298.6738034,43.7955099,1467.5676071693701,2.59,2.2644262810685793,6036.0,Kepler-1988,1,508.28140207075006,-929.4035369507795,1015.6838895174051
283.253527,40.3582155,3314.955937785986,10.18,1.6634861535426746,4881.0,Kepler-693,1,579.1189026922526,-2458.75161429734,2146.6473080590836
291.2556226,48.8469171,1743.3481126272018,2.96,1.8348596769036147,6499.0,Kepler-1442,1,415.91215741967744,-1069.2057116283622,1312.6609864441862
291.1495269,40.4204569,2943.0659811851237,2.8,1.7767971411933234,5700.0,Kepler-694,1,808.4069333175556,-2089.6555702379096,1908.259730106711
282.1178211,46.2239547,841.0177152422707,1.18,1.7702916365810464,5738.0,Kepler-1912,1,122.14368622974341,-568.8860287901844,607.2564561310752
283.4357392,47.0667983,1699.8214983217338,0.79,1.8407891213921252,6379.0,Kepler-1443,1,269.0260932259456,-1126.1369674039724,1244.521441344629
285.3306799,42.0405016,906.6174243638147,2.18,1.8177066463718359,5810.0,Kepler-1444,1,178.01848635816555,-649.3596550037291,607.1215785394741
280.2495197,43.9150665,1447.1013549061431,1.134,1.9204324019904733,6078.0,Kepler-1445,1,185.48804369844595,-1025.8114284414892,1003.6968816803956
289.4240357,46.7260823,421.3799255214289,0.82,1.680172303484953,4865.0,Kepler-1446,1,96.0591788167044,-272.4100200441902,306.80035328700205
289.6434285,50.727016,2558.686080849143,2.9,1.7767971411933234,5722.0,Kepler-1447,1,544.4836129256485,-1525.427857656945,1980.7781063689902
287.8674123,50.5955846,2207.2276339698246,1.73,1.7848915425619567,6075.0,Kepler-1448,1,429.886995754122,-1333.5485358866085,1705.4909268231856
288.2317293,50.5678345,5790.27517636161,1.72,1.8566650551887136,6269.0,Kepler-1449,1,1150.63236336696,-3493.1473903754195,4472.276052691228
283.4997537,40.5528053,918.8467990363101,2.28,1.5607603979240374,4003.0,Kepler-580,1,162.9761026449568,-678.8571787918186,597.3869440059322
294.5536825,45.0813011,1445.5726830720814,1.71,1.6401224283008093,4524.0,Kepler-1450,1,424.15689788020165,-928.4211992849251,1023.6236538607351
290.216689,44.7795863,2518.164696399274,1.66,1.8277048886842229,6214.0,Kepler-1913,1,617.6911886767989,-1677.3276784766097,1773.7482607853228
292.9582727,42.8548909,2621.7698509104603,1.89,1.6702425703723875,5549.0,Kepler-1986,1,749.6822693047848,-1769.723070510021,1783.1808376992133
292.422792,38.2662824,2865.6480174676694,1.63,1.8780381718493224,6148.0,Kepler-1452,1,858.2120006768916,-2079.8296994254297,1774.7448107540638
291.4314024,38.6543635,4675.850247636006,2.76,1.781077325974338,5982.0,Kepler-1914,1,1334.2118577355855,-3399.0225316427936,2920.6335077137064
286.1255037,47.9475586,3443.879719548823,2.74,1.783200727693257,5936.0,Kepler-1453,1,640.6811482504678,-2215.9892999255385,2557.1911566427066
294.0830662,50.5027572,1016.4791315897883,1.93,1.5288933128885602,3950.0,Kepler-1455,1,263.8203908546571,-590.2458251165993,784.3713994398641
286.9453381,43.8228023,1053.2222646316063,1.14,1.5903217512391876,4257.0,Kepler-1456,1,221.47513587333563,-726.8920837012575,729.2830736813112
283.7705481,42.027203,2557.4961487964924,1.6,1.7459753146348196,5968.0,Kepler-1457,1,452.212034445144,-1845.1715762956105,1712.201121668435
283.2115971,41.0380135,1557.3886582677364,2.76,1.772471662610759,5653.0,Kepler-1458,1,268.47479021328536,-1143.606870438108,1022.518481890508
282.4229401,46.0139761,1299.79876859288,1.58,1.7398988152503025,4947.0,Kepler-1459,1,194.19197374834687,-881.5526605416037,935.2172062463931
285.5577888,44.0108221,1582.7738753909464,1.96,1.6340667040344243,4422.0,Kepler-1460,1,305.3155767043554,-1096.6360903466395,1099.7021526718036
292.9227926,38.4772173,3842.202959947005,1.8,1.8010204964295577,6020.0,Kepler-274,2,1171.5442774262892,-2770.358733933603,2390.631731733904
290.5817432,40.5773106,1968.0281296926225,9.77,1.6364997702162678,4988.0,Kepler-428,1,525.4780037137524,-1399.365297489344,1280.150128327538
285.8305091,43.198377,1947.2462993424397,1.96,1.6651857564557,4986.0,Kepler-1461,1,387.23430247854776,-1365.6809335638836,1332.9416089937538
296.397542,42.3969273,2927.895071316783,2.325,1.6828882863124597,5446.0,Kepler-1462,1,961.3184923447167,-1936.772165450629,1974.1706826039306
294.4872785,42.0069064,4866.673657831124,1.86,1.7767971411933234,5679.0,Kepler-1463,1,1498.9041001804187,-3290.9810509313875,3256.8762200458646
287.2356828,38.7540824,3315.592884383512,2.664,1.994957051511554,5845.0,Kepler-1464,2,766.1301917587667,-2469.5212357477412,2075.4916454761265
289.8194222,51.9048541,1021.9105489395993,4.98,2.071578955052095,4774.0,Kepler-1465,1,213.77104551610844,-593.1409807990514,804.2306180628306
289.8312418,44.6098415,1810.7167961627836,1.38,1.7641249735402877,6086.0,Kepler-1466,1,437.3144736369125,-1212.6126586918836,1271.6217625669542
295.0485389,45.3426781,2450.381997575301,2.99,1.6779864484808917,5290.0,Kepler-1467,1,729.1924017855886,-1560.3057232245571,1743.0136044483354
301.2786852,44.2505116,4366.352105474604,3.15,1.8200357347912157,6031.0,Kepler-1915,1,1623.8533243582215,-2673.009113674131,3046.826770292052
293.5198289,41.2773671,5479.79266218585,2.64,1.9624074585337903,5794.0,Kepler-1468,3,1643.4353413175995,-3776.068281389377,3615.0458135048934
293.8213286,39.3913385,3337.5096377620134,2.514,1.7255214628674054,5399.0,Kepler-1469,1,1041.7533010049797,-2359.5915941281746,2118.029308323946
295.2173259,40.5921599,1951.3980330735853,2.389,2.014419334956404,5856.0,Kepler-633,2,631.3312561564608,-1340.5948086251935,1269.7167745487745
288.6949475,39.8830802,1691.0055783696155,1.15,1.7126384550493992,4915.0,Kepler-1470,1,415.9192897466562,-1229.1375070685506,1084.3117629220403
293.0705754,48.387679,5933.124926915807,2.43,1.8531106509510002,6215.0,Kepler-1916,1,1543.9904200788028,-3624.9923550315025,4435.932304156337
289.6649171,50.0200612,2814.5706907697145,1.46,1.7303703205776042,5881.0,Kepler-1471,2,608.565886145698,-1702.9434769012414,2156.7195575779247
294.8526163,49.0574468,4263.514182092256,1.9,1.8889742753799745,6159.0,Kepler-1472,1,1174.2313110999407,-2535.1525900918555,3220.517870449545
290.6365144,48.9961494,1869.5011766908015,1.53,1.8137950958364613,5929.0,Kepler-1473,1,432.2998796039346,-1147.8934341704155,1410.8480171624317
294.1038932,45.0013533,2612.9452453229205,1.47,1.7045037803754797,5534.0,Kepler-1917,1,754.5409175705357,-1686.489895976276,1847.6749415244558
294.6940261,45.866809,3400.0462127918204,2.44,1.8538240087440452,6057.0,Kepler-1474,1,989.0967970944442,-2151.041409131739,2440.291505393988
295.9482766,44.753096,4521.882883743178,2.92,1.8986684984060007,6214.0,Kepler-1475,1,1405.0926910112837,-2887.4798151607088,3183.6456556902926
284.5320743,43.9898971,2884.2352772681957,1.8,1.8058578772852494,5893.0,Kepler-1476,1,520.6877281610073,-2008.710530945938,2003.1923091025892
281.2985305,42.6856727,1952.2318540739825,1.18,1.696203923404798,5100.0,Kepler-1477,1,281.15734224108263,-1407.2428827501283,1323.5661033413403
293.1650085,41.746184,5324.435596625692,1.4,1.7240555177994272,6081.0,Kepler-1478,1,1562.7318153155206,-3652.2850653342844,3545.17947324978
295.5761011,42.0233639,4342.321847477039,2.35,1.781077325974338,5982.0,Kepler-1696,1,1392.6038606673808,-2909.7024947023315,2906.8960949187267
285.7119953,49.7067574,2090.7387869177755,2.178,1.8619393723892377,5714.0,Kepler-1479,1,366.1460616445821,-1301.5600255807856,1594.6997323868586
291.9998055,49.3018321,1431.2790223812408,1.67,1.7116304300954515,5156.0,Kepler-1480,1,349.61742158160564,-865.3419413984356,1085.1316154697627
289.4390075,49.7312226,1310.2128454624271,1.23,1.7090994380356765,4891.0,Kepler-1481,1,281.84691775395004,-798.611891959383,999.7194913516504
297.4808253,46.5891373,4330.683096013158,2.51,1.8118251936543144,6197.0,Kepler-1997,1,1373.351794636829,-2640.341279875932,3146.000453281124
295.4097409,42.1507935,3668.953485419987,1.52,1.935297818803499,6337.0,Kepler-1483,1,1167.161250147769,-2456.957760044583,2462.176447715653
292.530546,42.2145765,2963.4772244240194,2.82,1.7654542557253547,5889.0,Kepler-1918,1,841.0140782001006,-2027.3298781583985,1991.1871195534027
290.5663221,40.6920756,2349.376743266743,2.47,1.783200727693257,5936.0,Kepler-545,1,625.7746756511355,-1667.822493671193,1531.7784652882306
292.6842738,38.1262604,8318.808407948707,2.3,1.7911705279599754,6283.0,Kepler-1484,1,2523.7152530374688,-6037.78990804092,5136.003083731877
283.1319153,43.956005,3390.289349002447,2.33,1.7156476998923782,5513.0,Kepler-1919,1,554.4841343213063,-2376.7555518653016,2353.2195523203636
298.0954404,44.7370612,1763.5566910396115,1.42,1.832988946353755,6053.0,Kepler-1485,1,589.9639558326343,-1105.115961340043,1241.287011661834
290.5903907,45.4396955,5103.125606103545,2.26,1.8238882978220987,6112.0,Kepler-1486,1,1259.26210583728,-3351.9193464984887,3636.0399605946404
295.4326552,40.6481874,2018.619060807013,2.16,1.7216005319712386,5601.0,Kepler-581,1,657.7343876508722,-1383.1503483916247,1314.9538021158946
286.6464265,49.9377735,2603.645824999044,1.86,1.908138124509192,5820.0,Kepler-1488,2,480.04522954330173,-1605.5267738365842,1992.689624131556
295.6935734,42.6094543,2479.426762422477,2.59,1.6774381534132086,5598.0,Kepler-1490,1,791.1661403141987,-1644.3938018942251,1678.5655283393012
293.6297645,45.7406293,5961.411146269566,1.39,1.7623458459799721,5880.0,Kepler-1491,2,1667.6381624658516,-3811.674301967405,4269.489996437026
288.5970695,41.0363254,941.0067502065942,1.26,1.6043375441510785,4790.0,Kepler-1492,1,226.36139937072988,-672.7331077123872,617.8061076073418
288.5493683,38.5651973,1588.0807986330594,1.41,1.901849478752847,5863.0,Kepler-1493,1,395.01777628819127,-1177.2118053526535,990.0171436604998
282.6573891,43.1625334,3702.827463561132,3.07,1.772471662610759,5659.0,Kepler-1494,1,591.8233686294998,-2635.264064272324,2532.994203862597
286.1306907,38.7795494,3905.666002755031,3.85,1.8204226291993424,5922.0,Kepler-1495,1,845.9087207716468,-2924.8384347037363,2446.21861085201
291.0620355,38.8632881,2545.9963674993446,2.81,1.8608899394336675,6299.0,Kepler-1920,1,712.4421835370914,-1849.9859061876687,1597.5217636526108
300.3161723,45.4953271,2670.7105112948975,2.3,2.081090097332719,6120.0,Kepler-1921,2,944.9728166107815,-1616.0798208801998,1904.732795840813
293.9739359,45.3507167,3767.043261438961,1.79,1.8118251936543144,6197.0,Kepler-1496,1,1075.672782165003,-2418.9614840477752,2679.9567791207887
291.19509,40.7027352,2552.1168452592065,1.89,1.885691093779522,6075.0,Kepler-634,1,699.505048992124,-1803.8901707562836,1664.3236855068776
283.986348,41.6505091,878.2269773850054,1.187,1.6977730382363734,5042.0,Kepler-1499,1,158.60279638764737,-636.7673944098045,583.6566303927077
288.883474,39.7446547,3506.937432703877,1.08,1.7623458459799721,6033.0,Kepler-1500,1,872.7040227377797,-2551.3609608183915,2242.221017921474
289.918589,42.001428,2149.7779460848037,1.38,1.867491293553981,6425.0,Kepler-1501,1,544.2642592746126,-1501.9906727705636,1438.5220375298684
296.1079271,39.3199201,4364.4991699181655,2.11,1.8566650551887136,6446.0,Kepler-1502,1,1485.858111952284,-3031.9519205433576,2765.5643595612446
295.1672065,38.637039,4930.1656527572195,2.84500003,1.7936553618229116,5819.0,Kepler-1980,1,1637.6968177839171,-3485.4596544180545,3078.319914185566
293.7271604,42.8067119,3529.3753242076277,2.14,1.6577692224259528,5334.0,Kepler-1503,1,1041.8980942073204,-2370.4563771852268,2398.3067160550468
291.6832878,37.7514726,864.6889669757751,2.54,1.7346856512211,5653.0,Kepler-1710,1,252.60573256569916,-635.3095167440051,529.3950995419943
289.7119947,50.1282265,7033.65283896812,2.13,1.7116304300954515,5393.0,Kepler-1504,1,1520.876539399166,-4244.843162271628,5398.1953779708
292.0020614,41.7869639,1414.6489257622036,1.08,1.7230752921218317,5627.0,Kepler-1505,1,395.1707185750839,-977.9805444650425,942.6694760035818
290.1498822,41.4645625,6831.219629427191,1.46,1.798172025587478,6063.0,Kepler-1506,1,1763.405970828649,-4805.764897519448,4523.337789430181
292.3303706,37.9970696,3873.0948699270075,1.47,1.7365890488941145,5933.0,Kepler-1922,1,1159.6584954053337,-2823.2759771828783,2384.35920157832
288.5616269,46.5361247,908.9422794447839,0.81,1.7327733487312433,5428.0,Kepler-1507,1,199.03516874387043,-592.7339279870391,659.7177878293371
298.1188802,40.3750316,3629.8681260263575,0.98,1.7641249735402877,5746.0,Kepler-1508,1,1303.2969454105883,-2438.923659276455,2351.3849256655267
283.7977792,46.9310139,5780.084030801197,1.91,1.8086534694053764,6077.0,Kepler-1509,1,941.3655878354372,-3833.1955274660954,4222.5364748426
298.0834457,40.3462551,2849.7764663420494,1.13,1.6893339480490963,5751.0,Kepler-1923,1,1022.4585391469074,-1916.2269924418617,1844.9603131991125
289.7732613,40.8007019,3284.758878639649,3.585,2.086571359311402,6282.0,Kepler-635,1,841.1866974566024,-2339.9116082098026,2146.359591631625
293.767386,42.8291562,5513.174454319816,1.2,1.7284376743688386,6028.0,Kepler-1924,1,1629.5381633026113,-3700.360849881762,3747.9364347287524
298.9591432,48.2578295,4892.093617496017,2.97,1.848443230144189,6286.0,Kepler-1510,1,1577.0206503140582,-2849.811228807833,3650.227635502898
297.0702037,40.868734,1063.158631553009,2.6,1.6519711973873963,4644.0,Kepler-159,2,365.8730452497481,-715.8964240973758,695.6547279864724
289.8287452,45.1026883,5109.408215724594,1.63,1.768978018166044,6003.0,Kepler-1925,1,1223.3321316614924,-3392.5943183281206,3619.3666022947
288.4211892,43.179773,4253.2651322957045,2.28,2.0110371910957294,6602.0,Kepler-1511,1,980.0815290394581,-2942.5999569810197,2910.4655942328845
296.3546093,41.3355698,3139.766671348321,3.40627075,2.1691825021003637,6056.0,Kepler-1927,1,1046.5574062826454,-2112.4766504907293,2073.715203926548
293.1507654,41.7291532,2549.328756289128,0.79,1.7308520577125264,6355.0,KOI-3503,2,747.9963613612889,-1749.3563288953071,1696.8591531376073
299.3160934,40.8223815,2421.600697002555,9.17,1.701928132838338,5035.0,Kepler-695,1,897.2527088951397,-1597.8337401368706,1583.039750285448
293.2135155,46.1751457,2374.310307348071,1.97,1.9715933262696894,6453.0,Kepler-320,2,648.0386641747931,-1511.0030054177676,1712.9697145403113
283.257573,40.9904095,2933.193308923474,7.0,1.8548917165648964,5967.0,Kepler-546,1,507.74165154598796,-2155.024925596164,1923.977383665941
290.4209694,37.8516556,613.873872929148,2.69962515,1.760031653022947,5511.0,Kepler-19,3,169.12474849907116,-454.2538138250675,376.68478059982533
284.4784454,40.9331723,805.5339993364695,1.64,1.4891450411946563,3679.0,Kepler-622,1,152.14964976607143,-589.2334115926313,527.7684102198403
285.9115968,41.0695091,1598.115602755898,2.55,1.7250333984372772,5185.0,Kepler-599,1,330.3116380927387,-1158.6778732703388,1049.9206100968129
290.39624,41.0399229,952.4775793856726,2.31,1.69985586522286,5098.0,Kepler-1665,1,250.3728878678929,-673.3676591765081,625.3822445738541
290.8332412,38.1841851,1051.2911583563805,7.31,1.6735793555283123,4941.0,Kepler-489,1,293.8885677414624,-772.3170470348188,649.8992139159654
293.5920614,41.0950891,879.4777088856015,3.58,1.623561490156622,4886.0,Kepler-636,1,265.26388392728626,-607.3944230486072,578.0900683802893
297.503718,41.0570326,1756.3736705466047,2.986,1.6796269346092947,5288.0,Kepler-582,1,611.6181196575424,-1174.7213526568983,1153.6036970761982
289.7636212,51.962683,976.6468075499699,11.24,1.8455442540802358,6007.0,PH2,1,203.4878343612499,-566.3371880951956,769.216404755478
293.4965906,41.1375635,4081.9844017974015,6.73,1.8709233364847413,6067.0,Kepler-696,1,1225.6961700075294,-2819.3669751669504,2685.4115912992042
289.7917561,39.2852655,992.2346279185106,7.878,1.7533321640530786,5469.0,Kepler-1513,2,260.04426050602734,-722.6269348513475,628.2649540168582
293.2815266,45.3096572,2650.4353430109277,11.559,1.794480294316163,5793.0,KOI-3680,1,736.7387180007904,-1712.2075567742836,1884.2422485989014
292.6274943,37.8601653,1131.3350791827254,22.02,2.1335713261010385,6382.0,Kepler-1514,2,343.64880742637513,-824.4479034311003,694.3415680138103
290.9739057,48.1782059,1542.5391169099644,10.486,1.9755812009415323,6339.0,Kepler-1515,1,368.17622049681006,-960.4390278101872,1149.5347196657783
291.4945795,44.5234227,3915.5386750166817,1.61,1.7924148330659788,5914.0,Kepler-1516,1,1022.8928547932132,-2597.485403360465,2745.5787918931965
296.0898796,48.9554121,1958.178619125428,0.78,1.7940680361756507,6095.0,Kepler-1031,1,565.4832104795368,-1154.8111039284775,1476.855970401046
287.4786474,38.2290751,649.5052446371029,2.059,1.8277048886842229,5678.0,Kepler-454,3,153.24304056670425,-486.65715388871644,401.91845926494653
296.6627402,41.2611985,2217.013449877267,2.2,1.7065526764532568,5506.0,Kepler-1722,1,747.8456602162402,-1489.3376144456647,1462.1042971107543
282.9734874,41.3217991,806.5473234688969,1.53,1.6401224283008093,4671.0,Kepler-202,2,135.9859197511563,-590.2657331936203,532.5530760794378
283.8643937,41.3463859,3679.2314873346077,3.96,1.7322938719470335,5576.0,Kepler-697,1,661.8693905689653,-2681.6354303071244,2430.535880447729
287.8072115,43.1888008,2434.2006587863384,9.76,2.0707413442842593,7010.0,Kepler-1517,1,542.7550816776052,-1689.7534116051013,1665.978144069694
288.5099994,41.3017465,5758.688415547944,3.97,1.7907549164227266,5870.0,Kepler-698,1,1373.43310193467,-4102.379393283412,3800.875832678544
296.6679448,49.4617774,4154.914787214107,6.84,1.7487496731023373,5911.0,Kepler-1519,1,1212.039781676038,-2413.235398151275,3157.6211567816054
292.4172566,41.4168384,2256.9905345074317,2.76,1.954127217693136,6722.0,Kepler-637,1,645.4537970716613,-1564.6505572304095,1493.0721022309958
287.154224,41.5657775,4300.051755095782,4.73,1.6877320364821677,5665.0,Kepler-700,1,948.918393849224,-3074.152444049562,2852.9959216691896
288.4749028,40.6512848,3669.6193841355816,8.993,2.053180854090596,6054.0,KIC 5437945,2,882.2506909960412,-2640.6127303455983,2390.586654149432
290.9662102,51.5047656,1741.1390660185102,5.77,1.6577692224259528,4677.0,Kepler-1520,1,387.7921045955632,-1012.0164640706078,1362.7197831099313
284.5211975,41.6296562,2119.6590576572544,3.05,1.8106386792894882,5674.0,Kepler-170,2,397.25660871783873,-1533.7362682906487,1408.1174549263696
284.9194213,41.6172093,2850.865065981457,3.797,2.120419931810473,5320.0,Kepler-638,1,548.7259700271102,-2059.4542090135537,1893.4042873162673
288.99418,41.6333125,2222.424600744429,3.09,1.7627913543746674,5501.0,Kepler-701,1,540.6308823131376,-1570.6243466145345,1476.491963034347
292.6903779,37.8350549,580.3502154166421,6.46,2.0696919113286896,5089.0,Kepler-1521,1,176.80860379716984,-422.87403549101145,355.98123583271223
293.7084179,41.6151084,6052.697174542241,2.4,1.8114300714276372,6187.0,Kepler-557,1,1819.4769274852988,-4143.230104566072,4019.737690158114
289.8432347,52.0702094,2338.1549023030607,1.56,1.7327733487312433,5770.0,Kepler-1522,1,487.87238894462547,-1351.9160019557132,1844.2537794255375
293.8781041,41.6617245,2853.346262500001,8.24,1.7029603402345106,5386.0,Kepler-702,1,862.8893189583533,-1949.2311668598534,1896.7089326231603
293.3450181,39.2577469,624.8264591947848,0.99,1.6834293239978946,5014.0,Kepler-1698,1,191.7169772892174,-444.2008025122826,395.39644886673153
296.0540705,45.8270447,2487.1743492178366,1.58,1.781077325974338,5708.0,Kepler-1523,1,761.223587890995,-1557.0086341188664,1783.8999428008376
290.4406294,38.5235721,925.9777057167922,2.1461328,1.7473648476840138,5620.0,Kepler-1928,1,253.0011360852671,-678.8257896996571,576.7327664202334
293.8853557,39.5198348,1086.4042871508939,2.86,1.7985801673205084,5900.0,Kepler-1524,1,339.3358903302176,-766.2836648910638,691.3282676086377
292.1868271,41.726944,2442.721267134149,2.806,1.997221621911438,5834.0,Kepler-639,1,688.4400749405692,-1688.0802144507074,1625.8298317183567
290.5594479,49.9428629,1089.9248647081274,0.84,1.7650116418091568,5812.0,Kepler-1525,1,246.32487452987095,-656.7476955654388,834.2318210583668
285.1197266,38.8664618,1589.5949944080864,2.43,1.6460897446698746,4601.0,Kepler-1526,1,322.8314413028462,-1194.8307466796343,997.4826281908668
299.1868586,41.742699,3330.3584645988826,5.4,1.7408395611469554,5796.0,Kepler-703,1,1211.7951924623378,-2169.420447106445,2217.3080160246263
297.4144457,46.0608077,5314.447115891765,6.67,2.028605394141383,6092.0,Kepler-1527,1,1697.8884388858721,-3273.5385266279345,3826.8091814709815
283.3163671,41.8370942,3538.8137146982367,2.59,1.7763666473023791,5653.0,Kepler-704,1,607.275876243331,-2565.683825776005,2360.441700957816
299.5833362,47.4481244,1452.4401254781321,3.07250761,1.9555189586075263,5786.0,Kepler-1929,1,484.912887838293,-854.179396097318,1069.9623211076548
287.4029864,46.5740084,2348.024679352904,1.39,1.7973545174916377,6040.0,Kepler-1528,1,482.75370294973715,-1540.1876082608999,1705.2832282345928
289.8707469,41.0407482,1894.8661273313633,1.94,1.654300285806776,5057.0,Kepler-1529,1,485.7805755639453,-1344.097781985919,1244.160771513494
288.1624396,48.165153,1399.3853691160396,5.5,1.9059480868310934,5678.0,Kepler-1530,3,290.9427453863024,-886.86641640879,1042.6407289423073
285.146622,39.3708055,1910.26865414426,1.27,1.97105865789827,6522.0,Kepler-1531,1,385.85910537321377,-1425.444681323967,1211.7534989806795
285.2866912,41.8609357,443.51381978545066,1.17,1.4977507045582352,3834.0,Kepler-205,2,87.08703915770501,-318.6273697854909,295.9678279391286
292.1373281,48.9171579,2351.5713138164,1.32,1.666314911625875,5496.0,Kepler-1699,1,582.3248487849287,-1431.4171500427335,1772.5209045354975
296.902784,41.1981424,2292.1818340207324,1.35,1.7403694588390506,5835.0,Kepler-1532,1,780.3982600709379,-1538.063773611604,1509.7800979601416
297.577145,40.0276768,779.2831138829856,1.456,1.6768891218845003,5081.0,Kepler-1930,1,276.2486491806686,-528.9287045114937,501.2018365417381
290.8723061,43.3330104,1776.3853745561428,1.96,1.9358813362640066,6478.0,Kepler-1931,1,460.35865731272764,-1207.3108437727458,1219.0223263266882
295.9755645,44.7133739,2780.1842601387416,3.28,1.9201295091187633,6325.0,Kepler-1533,1,865.3311569512138,-1776.113899683058,1956.028099104232
289.5085612,41.8120234,782.7197302978178,2.76,1.5160686088099018,3674.0,Kepler-705,1,194.82151220008396,-549.897837612975,521.8305498628223
286.613685,38.8919507,2580.217771057322,1.97,1.7289216932669214,6049.0,Kepler-1535,1,574.1974434628927,-1924.4280287379581,1619.99932228641
287.3629145,38.6497341,1331.026523142486,2.28,1.9225463907302753,5747.0,Kepler-467,1,310.2117742728547,-992.1369463983576,831.3029171142158
299.1224639,41.8667953,870.841292065513,8.305,1.7641249735402877,5816.0,Kepler-539,2,315.6175244767421,-566.5299601424939,581.2004288285149
291.5852554,45.7158742,1102.2555717938656,2.98,1.6089046744768138,4386.0,Kepler-1536,1,283.1294874489579,-715.641463511577,789.0895605636412
283.8330588,41.9786358,1775.31993661119,2.76,1.696727631242831,5309.0,Kepler-600,1,315.5470050668202,-1281.4849268605858,1187.4288808815622
294.3853917,43.8254461,1478.7604960149827,2.2,1.949359536541197,5305.0,Kepler-1537,1,440.4751479546745,-971.6805242124209,1023.9878942033743
285.3314903,41.0638435,2047.4987985811943,1.22,1.707063299769716,5210.0,Kepler-1932,1,408.17742660891327,-1488.8299312127472,1345.00109833539
283.995085,39.9170121,930.7403291392011,2.24,2.063551488454425,5759.0,Kepler-1933,1,172.6375547095429,-692.6645379696099,597.2350231101697
280.8015188,44.0339733,2172.9048979986046,2.33,1.6972506689490903,5592.0,Kepler-439,1,292.76058780796376,-1534.4837540411652,1510.3531184979208
283.345611,45.2743573,3239.0724363262075,2.94,1.8367218847334936,6210.0,Kepler-1538,1,526.1356729087172,-2217.8229897526744,2301.3110801422727
286.9497376,45.3537626,2058.685897003193,3.41,1.8883197453575415,5814.0,Kepler-1700,1,421.75888142963555,-1383.8518658335163,1464.670980761263
284.2194566,44.2685146,2147.6528606185134,2.71,1.707063299769716,5269.0,Kepler-1539,1,377.7604582208688,-1490.7658859497815,1499.108708271687
283.3445555,41.2017544,690.3016742086307,2.3,1.6147026995153708,4366.0,Kepler-1540,1,119.87610386551759,-505.35594105532897,454.7103407416035
290.0847389,51.2086144,1992.9443225031093,0.963,1.6818040577943414,5113.0,Kepler-1409,1,428.7650133927618,-1172.6231677735354,1553.364909571618
292.0333777,37.9744551,2041.05984752257,1.64,1.6757888415117432,4791.0,Kepler-1899,1,603.5874173928188,-1491.4292233778494,1255.8847090352158
288.8744026,51.1542215,765.2702887374178,1.37,1.5119769438967334,3805.0,Kepler-1904,1,155.27670076230945,-454.18816065561646,596.0208685481499
294.9510368,43.0124348,2482.185899274487,0.79,1.7014110500221729,5559.0,Kepler-1425,1,765.6412526503834,-1645.593021048045,1693.2406562196097
292.5029676,41.8299933,248.003930238447,4.6,1.595047282617736,3888.0,Kepler-1649,2,70.72660540007817,-170.72411892765328,165.39943143395206
282.0046852,42.1764657,1182.0968277937252,1.858,1.6871966678245351,5048.0,Kepler-601,1,182.20670644639407,-856.8706130547807,793.6790150237498
291.0571451,44.632306,1484.0587336216745,0.863,1.7255214628674054,5079.0,Kepler-607,2,379.4558361367037,-985.5770266131682,1042.6320146019443
284.2233265,48.8317229,2240.994489274113,1.98,1.8196484738321974,5370.0,Kepler-1454,1,362.4561388549817,-1429.9644231855327,1686.9746876544853
287.663331,43.4713782,698.4401145979261,2.13,2.011764295784941,4928.0,Kepler-1697,1,153.79636967645447,-482.97468524975613,480.521304170592
291.1987905,44.1662033,1913.3694259894876,2.77,1.7225842963731024,5256.0,Kepler-1926,1,496.3032301924028,-1279.6262355617498,1333.1250358739774
290.007564,42.1164698,1694.4074522427645,1.35,1.6828882863124597,5228.0,Kepler-707,1,430.0351556335135,-1181.0267341984168,1136.337200061539
292.5798564,37.3762616,730.8896485300589,6.528,1.566558422962594,3560.0,Kepler-1624,1,223.01530204995882,-536.2912089847841,443.6841134699296
296.0318985,42.1418634,3337.538589880083,2.7,1.927635300472081,5763.0,Kepler-602,1,1086.0916564032796,-2223.674964949268,2239.383487276751
296.0322,42.1317392,1596.002098136835,2.73,1.7940680361756507,5749.0,Kepler-640,1,519.4547812178547,-1063.5227442994667,1070.6581153126433
293.8164588,42.2125159,4017.652795447296,2.983,1.8258010477404696,5896.0,Kepler-708,1,1201.6142451027163,-2722.3059677661654,2699.3901919871496
282.1113206,42.3545514,2492.0238289944537,2.89,1.8559566426861462,5638.0,Kepler-583,1,386.3852603331884,-1800.5903797031,1678.9173533542612
292.105272,42.3803077,1905.9518933401189,3.19,1.7196258715527752,5239.0,Kepler-709,1,529.8069129442241,-1304.4127543212023,1284.7040986497511
295.429322,39.8865068,6669.348337301429,11.67,2.036430876953843,5548.0,Kepler-1625,1,2197.4406149489996,-4621.693463789729,4276.845977446603
288.230615,42.4136181,5333.873987116301,4.0,1.8513217907144042,6491.0,Kepler-584,1,1231.965146779888,-3740.306324138504,3597.580046248459
292.1370409,42.4294835,1250.2327424581447,1.92,1.5679951692983014,4072.0,Kepler-28,2,347.73510269373816,-854.7825820590612,843.5098968461682
291.8235292,42.5161945,2789.2086353409595,2.961,2.0022095289745643,5605.0,Kepler-641,1,764.2743693864264,-1908.5488215562161,1884.9432074988194
296.5004384,40.7212069,3944.143367669203,1.599,1.9691817917724417,6553.0,Kepler-1626,1,1333.8120816934475,-2675.161904718629,2573.0761782348677
284.6579709,42.6526751,1897.3617999089415,2.34,1.7050169680281613,5292.0,Kepler-558,1,353.1191406925915,-1350.04400896561,1285.5620739918738
291.9641255,42.6961308,4174.341658438643,1.6,1.6834293239978946,5666.0,Kepler-710,1,1147.502657521773,-2845.2966437496234,2830.662986196676
292.3159795,42.6262429,2952.996557682913,2.4,1.7936553618229116,6133.0,Kepler-604,1,825.0340228040653,-2010.0438496320935,1999.8078041299543
284.0566675,41.5767277,900.137940339893,3.15,1.6617794541459707,5388.0,Kepler-1627,1,163.54764236210548,-653.2008929115823,597.3517170115554
293.8345542,42.624948,2243.9360244699596,2.9,2.0049271533873414,6570.0,Kepler-642,1,667.2018688336458,-1510.2816387938826,1519.5854433565107
296.6939428,42.6261145,1649.2566241136062,2.76,1.5304684744203585,3861.0,Kepler-1729,1,545.1358159665701,-1084.1674435337054,1116.895388438264
290.3272423,42.8982283,3060.3799636021495,10.99,2.2022423095636845,4883.0,Kepler-643,1,778.8030399938808,-2102.305679542672,2083.195184392574
297.4600468,42.8398172,1789.3675042984414,3.427,1.6972506689490903,4906.0,Kepler-711,1,605.0335018244912,-1164.2399761291001,1216.682294229738
292.2349191,42.9094618,1068.30631814574,2.5,1.7932422704166875,5712.0,Kepler-1718,1,296.0868089329901,-724.2764774249555,727.3476302394092
293.5863887,42.9288624,3520.6028324326126,10.712,1.9219435087453647,5970.0,Kepler-434,1,1031.4525484471783,-2362.431227650169,2397.846667044761
294.9096739,42.9351987,2507.142625050271,3.07,1.680172303484953,5067.0,Kepler-712,2,773.1094754433476,-1664.7857131475296,1707.7922621394991
297.5083004,43.7110543,940.0223781922363,2.62,1.6834293239978946,5037.0,Kepler-1630,1,313.83625030748004,-602.660647146667,649.5760339451332
294.6325781,43.8076687,3762.2082577213782,1.897,1.8165371064847706,5870.0,Kepler-1631,1,1131.632354224073,-2467.9909470936077,2604.350182752736
294.4948769,43.9135575,2056.262604720788,1.66,1.7126384550493992,6070.0,Kepler-1632,1,614.1665978555422,-1347.9849952581915,1426.166800276336
292.5034196,43.0832188,654.9511380459485,4.263,1.655459872149479,3914.0,Kepler-210,2,183.08363261843894,-441.92838522679983,447.37085178378885
296.5245187,39.2498503,868.7683204117471,3.07,1.6941023562475501,4957.0,Kepler-472,1,300.44578412098394,-601.9557886952449,549.6725878295744
295.6513819,43.0297781,3136.495082006483,2.947,1.8382055666226182,5845.0,Kepler-713,1,992.5293864802319,-2066.810035449614,2140.2764059319047
292.2873012,43.1972542,4088.7302453075613,22.30591,2.2744812835390564,6090.0,Kepler-435,1,1130.4300108899229,-2758.0141568761405,2798.785615198676
282.6994685,43.2727437,6012.888012196879,9.19,1.8231206846168477,6167.0,Kepler-714,1,962.4420764642174,-4270.877029147945,4121.66676219325
288.5151733,44.9232545,3208.991185652148,2.621,2.0644039473904403,5875.0,Kepler-1633,1,721.5301716546154,-2154.5300375752927,2266.058021801527
294.043399,45.1398201,1768.4177516634563,4.92,1.9216417339722125,5636.0,Kepler-1634,1,508.2283187767679,-1139.1764828230116,1253.5079821743327
285.3490542,45.5561768,3077.374856908861,3.28,1.6935752718267783,5484.0,Kepler-1635,1,570.3748699790763,-2077.9479310786455,2197.0527789193325
283.6307971,43.3793638,3824.3105509801444,3.995,1.8502447046849357,6074.0,Kepler-715,1,655.0515393814435,-2701.3046701122494,2626.635062265371
292.9655071,43.346345,8103.5494101030545,5.733,2.09495430170022,6007.0,Kepler-717,1,2299.3301134891267,-5425.961931488819,5562.331452657039
295.4757022,43.4931119,3797.1245121130205,2.95,2.003199847839766,6440.0,Kepler-644,1,1184.8533370416178,-2486.8101591210175,2613.4368870671788
294.0575681,46.4409844,5619.631392460833,3.23,1.8058578772852494,5797.0,Kepler-1636,1,1578.6395898860594,-3536.1164295577637,4072.35001307443
293.0613138,43.5813577,2120.0499112511907,4.14,1.7250333984372772,5191.0,Kepler-248,2,601.5801819396704,-1413.027993271227,1461.5282416448556
299.5618676,43.5035173,3751.611782507994,13.38,1.8180957505532118,6015.0,Kepler-718,1,1342.5220910171288,-2366.9327558525524,2582.6061896959914
281.9605834,43.7030386,4112.789455423194,4.56,1.852038274529174,5942.0,Kepler-1730,1,616.1748116477318,-2908.7126575048733,2841.6115818672392
282.2368006,48.1542016,1623.2170891220283,0.89,1.8058578772852494,5789.0,Kepler-1637,1,229.52208995919216,-1058.290408814332,1209.204175997647
286.5284924,43.8733751,1675.3309016468668,2.54,1.7533321640530786,5461.0,Kepler-585,1,343.5814817079312,-1157.7970634510702,1161.1164262486188
295.4823299,48.5244695,4397.794105697923,1.87,1.7767971411933234,5710.0,Kepler-1638,1,1253.1214566839571,-2629.3102850385185,3294.997274035343
283.068651,48.8021209,2966.9514785923416,2.5,1.8531106509510002,6495.0,Kepler-1639,1,441.8843680121617,-1903.6024820557689,2232.4508666348943
295.5360628,43.8844116,7211.911029921138,14.821,2.0288377066862378,5853.0,Kepler-719,1,2240.7107999276673,-4690.148450778836,4999.338288638064
296.6368878,43.8027948,2229.824762122956,4.17,1.8367218847334936,5602.0,Kepler-559,1,721.5155299402775,-1438.5192423354324,1543.436490194006
290.3227098,44.0358625,3378.824310246983,2.638,1.9739907167882618,6192.0,Kepler-645,1,843.6280763848748,-2277.8479316758317,2348.6494392333843
290.7351869,44.091262,3606.272149799834,4.42,1.821581120040963,6032.0,Kepler-1989,1,917.0377052736146,-2422.3697557756504,2509.2559518374833
298.6356478,44.1709388,3065.5623927365637,8.41,1.7636809171015375,5618.0,Kepler-720,1,1053.7571555104541,-1929.869467648434,2136.0881252442728
286.1185888,44.3452063,1078.2947988796675,3.8,1.6735793555283123,4882.0,Kepler-547,1,214.08692861836633,-740.8193996405796,753.7062275196273
290.4714596,44.3870422,1289.1299130843229,1.795,1.719130712301831,5334.0,Kepler-646,1,322.19939574700584,-863.0717890620035,901.7486174729465
292.42737,44.3812406,3499.0914087070823,2.78,1.8102424078947394,6241.0,Kepler-606,1,954.0877099392269,-2311.655368098689,2447.367317623399
284.4305132,44.4803776,2663.7880598645143,2.836,1.7303703205776042,5201.0,Kepler-721,1,473.6371551560074,-1840.6249221099845,1866.422934181878
287.9754691,38.7402988,1890.1787794159345,3.71,1.86507160159861,6109.0,Kepler-1981,1,454.9899971329798,-1402.3579051908685,1182.857652641231
294.5577857,40.8504949,5365.547604284176,4.82,1.9439643041166978,6324.0,Kepler-1640,1,1686.7985595891037,-3691.470944343872,3509.5375735661737
284.8304434,44.6580932,3084.1786046551597,10.85,1.7050169680281613,5649.0,Kepler-723,1,561.5285778322958,-2120.7371325429367,2167.7908885185047
296.359456,41.5745321,2472.043972314792,3.92,1.9593908108073512,6486.0,Kepler-1641,2,821.0999779074577,-1657.0383265972055,1640.4329341750617
297.2121215,43.643789,1179.3405861535227,2.77,1.6941023562475501,5255.0,Kepler-1642,2,390.25866400606714,-758.9662405217055,813.9487938841626
293.882901,44.6380717,2721.9383890068134,3.629,1.8110345668862156,6030.0,Kepler-608,1,784.1581026432962,-1770.9800304713128,1912.5047438580905
300.4310076,44.7510129,970.5987100852817,1.72,1.6322323528107965,5094.0,Kepler-1643,1,349.1271921808601,-594.3357184716443,683.3279691684776
292.2203009,44.6999902,3066.865238049685,3.35,1.8513217907144042,5971.0,Kepler-609,1,824.3802471136254,-2018.0379193726374,2157.216389818274
293.4548441,44.7927823,2451.050791502703,3.94,1.774207350618636,5609.0,Kepler-724,1,692.331324011707,-1595.6909455021168,1726.8751335174134
283.9774949,44.8115613,2177.0189939762604,10.8,1.7455110852701348,5395.0,Kepler-725,2,373.0450618603594,-1498.7095968569245,1534.313731361342
287.051694,40.2114232,791.9496655383283,2.47,1.696727631242831,4995.0,Kepler-475,1,177.34408024630997,-578.2000387572548,511.2905877570694
290.6249953,44.8737757,1111.306003902346,2.71,1.8292216025271144,5946.0,Kepler-540,1,277.4113896963665,-737.0645650763852,784.0789386821272
285.4750512,48.0348356,1802.9605237320034,1.8,1.7171440551144164,5722.0,Kepler-1644,1,321.67700786872564,-1161.894226610696,1340.5940321041771
297.4795142,48.418582,3462.495931467418,1.89,1.8250370215149068,5929.0,Kepler-1645,1,1060.3703446026761,-2038.731886073214,2589.9932633935514
291.7172776,44.8873466,2187.476499022911,2.6,1.6566161781869733,5481.0,Kepler-726,1,573.4742758459176,-1439.8132480369268,1543.7352426818168
283.8996207,45.0169137,1822.532155546887,2.85,1.7413091234176281,5796.0,Kepler-648,1,309.48816419627076,-1250.6191518019823,1289.1052212177617
285.3138209,48.72527,1624.2854222787876,1.276,1.8208091577498182,5428.0,Kepler-1482,1,282.9873676358424,-1033.4480884066854,1220.7400752635606
285.6558336,45.0794516,1468.4998653712034,2.26,1.772471662610759,5871.0,Kepler-649,1,279.82826870231344,-998.4746772597229,1039.8251360211489
294.8469333,45.0344155,2389.4493698865367,2.65,1.7473648476840138,5431.0,Kepler-727,1,709.5340644067861,-1532.2748079380099,1690.6104269334462
300.3323404,44.9861065,2596.9434096659884,3.289,1.9831824866389631,6427.0,Kepler-1518,2,927.5919083263461,-1585.3284046009169,1835.8709579326671
300.2066441,45.0182402,297.5604021742195,1.57,1.3056348826054913,3387.0,Kepler-560,1,105.82628769217136,-181.77927759293925,210.47395091356591
287.2411783,39.3326977,1310.7832021883933,1.44,1.7737741190871752,5754.0,Kepler-1185,1,300.5033837607826,-968.3054628134932,830.803737457364
289.0009451,45.1542968,2541.552217375699,3.49,1.9831824866389631,6042.0,Kepler-650,1,583.5446025564736,-1694.6457742621972,1801.981983886026
291.0923621,45.1155087,5091.805327938427,3.2,1.7546969530060337,5894.0,Kepler-728,1,1293.0879627896923,-3352.4463365389524,3607.7012873486506
293.7471107,45.1071981,1780.1115121516686,6.567,1.7510473402634537,5479.0,Kepler-561,2,505.94154764296826,-1149.9969435908106,1261.0817482603309
283.5441984,45.2256548,1838.0041674431504,2.51,1.7045037803754797,5351.0,Kepler-1721,1,303.1744818993285,-1258.53487412937,1304.7737442421324
286.0049121,45.4803043,4021.5323792685886,2.04,1.9140240347150765,5573.0,Kepler-611,1,777.451200574033,-2710.4175217570387,2867.390654581985
286.3600604,45.4142664,5543.226752875806,3.58,1.7592136167706003,5633.0,Kepler-729,1,1096.047715809694,-3733.657740594036,3947.89084380111
290.3579781,40.5676965,1853.2706193011213,8.3,1.6577692224259528,5152.0,Kepler-425,1,489.7570490022059,-1319.879161483342,1205.2671987569572
299.9059167,45.4396103,2157.6413413524406,13.8017218,1.7646071163295316,5353.54,Kepler-548,1,754.8120677105783,-1312.3447937440949,1537.3438270876197
285.5547895,45.578842,5583.441244874139,10.3,1.8477204113675578,6116.0,Kepler-730,2,1047.9687731434879,-3764.869343248195,3987.7733653942405
293.0571982,45.5511266,1989.690104432114,2.79,1.7636809171015375,5575.0,Kepler-586,1,545.6956846852531,-1282.0185994661163,1420.391228504987
296.3931945,45.568533,3620.8350651887195,13.75,1.8165371064847706,6028.0,Kepler-731,1,1126.7853208059962,-2270.5714440683973,2585.596010110141
284.3861498,45.7197342,1111.8213516039805,2.44,1.7473648476840138,5470.0,Kepler-1726,1,192.8610155483127,-751.8985821912784,795.9898671860847
291.3546278,45.7478551,4166.206113261154,4.367,1.9659441200991363,5620.0,Kepler-612,1,1058.6444066106556,-2707.6517580353434,2984.152703152891
293.0181882,45.9147063,2635.148624670309,2.82,1.7361140297684075,5418.0,Kepler-733,1,716.8817653483784,-1687.3781254107148,1892.8401597858801
297.0698263,40.5252039,336.8571120297547,2.27,1.756509611904199,5763.0,Kepler-96,1,116.52308112850679,-228.0020738112396,218.8838500829154
296.9603348,46.0342954,3042.5165067533585,13.89916,1.935297818803499,6350.0,Kepler-39,1,957.6152443220603,-1882.6466227132635,2189.8679027957373
297.0456122,46.0273893,3331.458645085518,4.03,1.742714582378245,5112.0,Kepler-734,1,1051.7566175413217,-2060.1325471875202,2397.5568000345133
284.6888328,46.1721391,1993.4336132984815,2.98,1.7080826367360533,5173.0,Kepler-735,1,350.0375998316039,-1335.3242482792907,1438.1100101486384
285.3913092,46.1809293,2892.023397028852,2.9,1.7116304300954515,5335.0,Kepler-736,1,531.453794825453,-1930.5745787781595,2086.6810941548915
282.7868415,46.2449846,2475.298190385787,2.3,1.7592136167706003,5938.0,Kepler-613,1,378.87607956905686,-1669.4038193367517,1787.91636707129
291.1481028,40.669413,1072.1887971788406,3.78,1.7965353711019243,5621.0,KOI-142,3,293.3993381326514,-758.4656008379235,698.7385616414045
287.3327284,46.2034366,1455.9346461291034,2.29,1.7289216932669214,5655.0,Kepler-651,1,300.19994619084264,-961.8954934933382,1050.8961631404406
290.1196007,46.2737393,2855.367120341242,5.12,1.7441152253649648,5815.0,Kepler-562,1,678.9044652514917,-1853.2289511343372,2063.432231420491
292.4461832,46.2897548,1617.484569744296,2.998,1.690929606204274,5157.0,Kepler-563,1,426.7554399538251,-1033.02211985745,1169.1883628038418
284.6351885,40.7198296,642.4698799462495,2.63,1.8698967459618616,6139.0,Kepler-506,1,123.03037522305094,-471.1344944699879,419.1221319986962
288.0080899,46.4736108,1123.3964084081085,2.57,1.7515053278874668,5392.0,Kepler-652,1,239.18115851703976,-735.7704101782224,814.5267137060974
291.8629793,46.4291614,574.9506453967074,1.88,1.480354295685435,3750.0,Kepler-737,1,147.57194579829556,-367.78323787513926,416.5648273600089
287.5696516,46.5679011,3205.3432187754092,2.31,1.680172303484953,5465.0,Kepler-738,1,665.2064407014705,-2100.8566727574944,2327.6870025690937
292.24719,47.9695429,968.5865378794615,15.043,2.0797717861151823,6532.23,HAT-P-7,1,245.52170573269345,-600.2189824734403,719.455451333839
290.067994,46.5791535,3949.4126531578268,3.37,1.756509611904199,5997.0,Kepler-739,1,931.4867635925165,-2549.8197849332155,2868.555695561481
287.5264859,42.9129356,350.4935596404208,1.23,1.2471418530042557,3299.0,Kepler-1646,1,77.30364819858048,-244.78123504436005,238.64624089803112
286.4822566,46.692456,4156.0439198188105,4.87,1.7645685480945823,5739.0,Kepler-740,1,808.7930499979708,-2733.547872903298,3024.280227142276
289.4317294,46.6174978,4792.556235573576,2.48,1.8106386792894882,6319.0,Kepler-741,1,1095.1412424853686,-3104.3339217497664,3483.155441896971
296.8383661,46.6263912,2479.765502203889,4.627,1.7785145971303806,5780.0,Kepler-564,1,768.8557425450045,-1519.5464977374118,1802.5194130133636
283.8659676,46.7896522,1397.5816521603188,3.73,1.7116304300954515,4743.0,Kepler-742,1,229.32111200650724,-929.0095959502415,1018.6203771158488
294.4627362,46.8214022,2329.9122342887154,3.0,1.821581120040963,6089.0,Kepler-1723,1,660.201819149598,-1451.1810634003461,1699.0285750122143
296.003752,44.2775861,1578.4571145868056,1.13,1.7034754681056734,5578.0,Kepler-452,1,495.47915661031294,-1015.7139984295069,1101.976561161253
297.5936232,40.9772546,5419.1958790666895,7.93,1.8404210404022199,6057.0,Kepler-433,1,1895.0934791106515,-3625.9623353873158,3553.6884814904975
297.0683931,46.8342497,2801.3858962009303,3.04,2.003941015607058,6106.0,Kepler-654,1,872.0921163532361,-1706.5381715240853,2043.2683987081223
297.2590664,46.843165,2159.9169778326923,2.71,1.885691093779522,6170.0,Kepler-655,1,676.6608128107513,-1313.3075799583212,1575.6251762269546
296.8086813,47.1718557,1803.4671857982173,3.17,1.7313332277641686,5582.0,Kepler-1720,1,552.9416417162801,-1094.2263988374136,1322.655669172575
288.5814928,41.0897335,2652.102985011723,17.29,2.073249044859275,6027.0,Kepler-7,1,636.936694303329,-1894.6433256325593,1743.0687190108238
288.6706571,47.3991249,2262.210601395336,2.16,1.7417781468903961,5757.0,Kepler-587,1,490.1994340504706,-1450.6777983053958,1665.1832468007406
291.1973006,47.3077545,4879.44154189971,3.17,1.7592136167706003,5955.0,Kepler-657,1,1196.3094875047555,-3084.7010365096003,3586.4206231672433
296.9867284,47.4773531,2116.894130381631,3.01,1.7361140297684075,5443.0,Kepler-623,1,649.2605579791255,-1274.975593190144,1560.1726583510804
297.4537402,41.0110188,1137.4323952481316,14.63,1.967835877116599,6635.0,KOI-12,2,395.69830888222765,-761.6301288893286,746.3878675833844
282.983621,47.5783897,1105.5445324065445,1.39,1.5343800249557331,3736.0,Kepler-658,1,167.5560773173921,-726.712841599262,816.1140361142793
283.7407247,47.5161237,482.987137561209,1.37,1.5160686088099018,3890.0,Kepler-617,1,77.48211876825007,-316.8654554959698,356.18728140415766
287.6081777,47.5096893,2073.286450145569,2.33,1.6496287616835965,4867.0,Kepler-659,1,423.63944567277326,-1334.819694989753,1528.8239618395385
293.9476365,48.0652589,748.3072427605829,2.22,1.742714582378245,5241.0,KOI-7368,1,202.983892533834,-457.0329435156885,556.6706005180661
296.8136883,47.5265446,6654.582757086058,7.0,1.8254192131385143,6354.0,Kepler-40,1,2026.9752255622288,-4010.347942524513,4908.355374843333
282.3705675,48.259234,2011.3723456542536,3.55299997,1.6076049789090858,4406.0,Kepler-1999,1,286.87893581439846,-1308.003634871599,1500.8150053258987
284.2572531,47.6889081,3482.5597492894813,2.59,1.7924148330659788,6123.0,Kepler-588,1,577.3460012661271,-2272.099700428527,2575.3556945606224
288.1382985,47.7245642,1626.8187326098562,2.47,1.6496287616835965,4856.0,Kepler-660,1,340.68503737519063,-1039.9726299225279,1203.7150090827247
283.7107463,47.8631748,1529.4151217891258,3.14,1.647863083293692,4536.0,Kepler-661,1,243.20416606025682,-996.8509962255016,1134.1298160671056
291.6408978,41.2411044,1733.4870212127798,2.42,1.7308520577125264,5022.0,Kepler-496,1,480.7086902623572,-1211.6040793824295,1142.76505137463
291.5544735,47.8144362,1614.7920227638463,2.15,1.7014110500221729,5132.0,Kepler-566,1,398.3884446078681,-1008.5549738379904,1196.518611945225
297.7001786,47.8637046,1521.1811394102012,4.42,1.7216005319712386,5322.0,Kepler-550,1,474.399743106378,-903.5915129397971,1128.033386199668
280.2066276,43.7743281,954.1423261746604,0.68,1.7515053278874668,5713.0,Kepler-1629,1,122.08234928473343,-678.0551369855115,660.0944703591083
290.4650801,47.9291252,2342.532462555147,3.348,1.7720365865593914,4943.0,Kepler-662,1,548.7936947291988,-1470.547013852317,1738.9006006095315
296.1207272,47.9214736,3052.244418424661,2.45,1.7737741190871752,6092.0,Kepler-1724,1,900.5410956917749,-1836.5511239289099,2265.45838495661
297.8082232,47.9466342,3058.961309816751,2.4,1.7014110500221729,5249.0,Kepler-663,1,955.868191294432,-1812.3348160231515,2271.3438336054837
285.485045,48.0543774,882.0081240048631,2.11,1.4977507045582352,3797.0,Kepler-551,1,157.40377475428903,-568.1555002293205,656.0195957918099
286.2498525,48.0609256,3518.9236095845904,2.31,1.8018307125752475,6086.0,Kepler-618,1,658.1065330468797,-2257.882864247254,2617.572182880823
174.011661,-2.5209338,1361.2467439832785,2.08,1.8098457519570923,5840.0,K2-44,1,-1352.5084215688148,141.87606208808154,-59.873621878827855
174.2662454,-0.90721,1281.7268564939889,2.04,1.8440870193401402,6445.0,K2-46,1,-1275.1543666153932,128.03608569053785,-20.2937606348167
171.5151874,1.2306237,703.8657415241235,4.58049508,1.7337569115483376,5368.0,K2-27,1,-696.0013653006968,103.82949859911515,15.116772523480662
170.1031027,1.2858679,712.4095115663899,2.2,1.6460897446698746,4523.0,K2-35,2,-701.6311527218388,122.41508702979341,15.986999967911734
288.7549029,48.226203,3484.6443017904744,2.75,1.816146515043995,6031.0,Kepler-664,1,746.3906399982058,-2198.177921355796,2598.780627253444
290.7476903,48.2419838,2423.748944163301,3.5,1.7977634759166157,6045.0,Kepler-552,1,571.8297062019539,-1509.5023740073134,1808.0299539288578
176.6657559,-5.1720463,1130.237793907897,2.79,1.6460897446698746,4476.0,K2-42,1,-1123.7305902595317,65.46777700104322,-101.8871997225172
169.6327547,-1.7740582,1415.1382165575753,11.0,1.627919912838472,4271.0,K2-45,1,-1391.368159308837,254.5417222961494,-43.810145329637585
171.933659,-0.0628488,1068.7348094931667,1.81,1.821581120040963,5894.0,K2-164,1,-1058.160389375035,149.9643592932037,-1.1723147393367284
296.3855467,48.2334177,4097.531689200645,3.51,1.8030430335183127,6050.0,Kepler-590,1,1212.9508928584678,-2445.0221916045534,3056.203945759936
168.5825696,2.7805614,994.0701922041076,2.53,1.6691242279191756,4810.0,K2-47,1,-973.2513303552377,196.55002853519608,48.22324411821746
176.1233077,3.2723812,889.5038273730191,2.78,1.6634861535426746,4728.0,K2-48,1,-886.0214592875249,60.04078813915097,50.77535182432893
177.3202331,3.4755183,1304.5642872270957,1.93,1.471370331589931,4175.0,K2-49,1,-1300.7409372107188,60.881035430996654,79.08535450619445
169.4490102,3.8665038,298.837190581078,2.65,1.680172303484953,4953.0,K2-36,2,-293.1158614024967,54.59567442061686,20.151193592983205
293.0925275,41.3555095,3390.347253238586,14.8,1.9662149077285622,6050.0,Kepler-74,1,998.1444925770644,-2340.9629755446495,2240.1014299825
297.6726072,48.3023458,1598.9638998153296,2.2,1.680172303484953,5091.0,Kepler-567,1,493.9698577010617,-941.9678861897171,1193.8910477856496
169.483654,5.988289,726.4426031946061,1.59,1.5504116448755787,4326.0,K2-50,2,-710.3430187107762,131.86392389823226,75.7862591712967
175.9080328,6.5637842,391.8835076323703,10.6,1.7065526764532568,5192.0,WASP-85 A,1,-388.32235390296137,27.780570922340015,44.795902633411536
242.5734559,-24.9906029,474.90370619624514,7.5,1.858430733578619,5625.0,K2-24,2,-198.26626474920627,-382.0610745324355,-200.63238459542842
246.6114157,-24.9699462,2987.507482421584,11.1,1.9607647748293109,6113.0,K2-52,1,-1075.0857731755484,-2485.7353222177885,-1261.1548064053488
286.024052,48.431729,2254.228502443615,3.814,1.7737741190871752,5458.0,Kepler-591,1,412.87642293516,-1437.5932875542676,1686.536314519306
243.4509662,-24.7870527,502.0636881571068,2.5,1.6634861535426746,4740.0,K2-37,3,-203.73030848542706,-407.74554640325704,-210.48866420465185
245.4405531,-23.548273,301.0896653668738,34.0,1.7546969530060337,5465.0,K2-31,1,-114.72252707155985,-251.04503047166685,-120.29181621594688
238.8197061,-21.0269691,523.1379348997901,2.71,1.7408395611469554,5484.0,K2-365,1,-252.81049292560394,-417.7639417956578,-187.70573388494157
244.1419684,-20.4005984,380.681933151337,2.47,1.6634861535426746,4684.0,K2-53,1,-155.61788755670062,-321.0807279142864,-132.69880731288075
243.6800912,-19.3468837,519.4465398459474,1.84,1.6519711973873963,4574.0,K2-366,1,-217.30782744556004,-439.3046102001176,-172.08566281285871
297.0255947,48.4785669,1755.3864033204397,2.86,1.7196258715527752,5015.0,Kepler-665,1,528.7473092933036,-1036.580034507925,1314.2714863896692
242.5613635,-19.3193831,384.3009479100063,0.868,1.0486886341576926,2890.0,K2-33,1,-167.1134158322311,-321.8630519296715,-127.13968938113236
246.6429443,-15.7925384,775.2471886241175,3.2,1.4022597203138618,3809.0,K2-289,1,-295.7528551788124,-684.852386154933,-210.98734867539548
336.5761233,-18.011665,215.31148803571233,2.34,1.963226331418683,5908.0,K2-167,1,187.88538896283183,-81.39824390519452,-66.5765978673328
333.7518786,-17.2508002,442.9405678476774,4.43,1.6216792738837174,4237.0,K2-55,1,379.39697402620595,-187.08241785575038,-131.35620150654358
298.1061315,48.4016448,359.3355364988018,2.11,1.5144368545005131,3744.0,Kepler-568,1,112.38926588866018,-210.43218842224346,268.7172766677185
337.0442461,-14.5993376,663.9755132481663,1.41,1.7216005319712386,5347.0,K2-169,1,591.6522465498125,-250.60243430430148,-167.36045311388216
335.4506923,-14.5933554,1118.5382429960707,1.8017647,1.7901781791954015,5748.0,K2-170,2,984.6030992332256,-449.733195991098,-281.8236868126883
342.0316493,-14.4947789,382.57250646126585,1.66165565,1.7497020147352418,5509.0,K2-265,1,352.330126909678,-114.263867941822,-95.75475369316865
283.507219,48.552633,1829.107181560438,3.06,1.7627913543746674,5851.0,Kepler-569,1,282.790937846875,-1177.2555646008573,1371.033078639597
331.2771441,-14.1218019,1051.9946948254656,4.0,1.9634989249010557,6438.0,EPIC 206024342,3,894.6713083358541,-490.28220413602065,-256.66992088879647
342.6918241,-14.0700007,746.0431871275593,2.1,1.6030232217592926,4434.0,K2-57,1,690.89288918065,-215.29732881379564,-181.36844528391663
333.8218395,-14.049857,507.2837550450115,2.68,1.7361140297684075,5413.0,K2-58,3,441.63106057202964,-217.10036608113563,-123.15131147506459
338.94255,-14.027727,882.4076632342202,2.69,1.6691242279191756,4775.0,K2-59,2,798.9236241216672,-307.59751384141083,-213.88804649479843
338.6062312,-13.7318044,1405.158421459069,9.46238398,1.9496415330419778,5630.0,K2-60,1,1270.9411441061866,-497.91694528022657,-333.5528642032734
339.6748444,-13.5600447,1155.770666833261,2.48,1.9234490497169126,6293.0,K2-61,1,1053.5969272997647,-390.2632996374862,-270.98691122037036
332.3407712,-13.4288624,1735.959532095903,2.68657205,2.018836104084375,5250.0,K2-171,1,1495.5423409459643,-783.8202365079591,-403.15560315230374
337.8588454,-13.2644554,493.44174739605296,2.413,1.605647653963872,4348.0,K2-367,1,444.86087120740876,-181.01159865293428,-113.21821626825096
335.3081368,-12.5569819,704.1465770693961,3.20569097,1.7403172441299901,5569.0,K2-172,2,624.4617044466632,-287.11285698227016,-153.0888272657208
285.7907395,48.6832431,3319.646180913222,2.53,1.8444518153587026,5831.0,Kepler-592,1,596.4161124813722,-2108.990856617315,2493.2902265738962
334.3645089,-12.1874776,306.7063762723286,2.18,1.6460897446698746,4500.0,K2-62,2,270.2835495728232,-129.7040966418661,-64.74914200772022
333.4267738,-12.0663429,1479.461137272261,2.99,1.7767971411933234,5686.0,K2-63,2,1293.9418751609182,-647.2017303051857,-309.27269632793707
336.1523363,-11.5793181,124.07207267312847,0.71889232,1.6445620636280793,4547.0,K2-116,1,111.16969553207997,-49.142189311222005,-24.90428160800327
332.4138478,-11.4286687,1428.3809153624984,2.07,1.66687832165535,5312.0,K2-64,1,1240.8942034836655,-648.3419815188649,-283.03054628898303
294.9513923,48.6511709,2800.3320391032057,3.0,1.8177066463718359,6202.0,Kepler-593,1,780.4278489094469,-1677.3466469514103,2102.213149953009
329.7262534,-10.8750666,518.2971407585941,1.37,1.7216005319712386,5350.0,K2-369,1,439.57645480811146,-256.5976175289565,-97.78613999606254
331.5266563,-10.7115362,1468.8733476942978,2.93,1.987316569025403,6490.0,K2-66,1,1268.6983757993846,-688.0829516498105,-273.0113449282668
334.0195539,-10.5673649,469.3738516449983,2.01,1.6634861535426746,4720.0,K2-68,1,414.7844934775585,-202.12871206771865,-86.07915157848277
335.7596816,-10.4886817,504.24667785953613,3.07,1.5957179208513068,4059.0,K2-69,1,452.1053214726116,-203.5667073743477,-91.79371480276868
338.4759328,-10.0849917,655.5707133726327,2.89,1.7680999213478592,5622.0,K2-70,1,600.430733585542,-236.80735073310336,-114.79622396489972
297.7101763,48.0818635,90.4273953070927,4.36,1.6419217881177266,4780.0,HAT-P-11,2,28.09137950530036,-53.4831108112774,67.28703498790108
290.4376111,48.7918597,1625.9993876684932,2.36,1.7384836242982802,5480.0,Kepler-570,1,374.050231894787,-1003.773454462563,1223.2740023535462
341.7248656,-9.8816109,424.6138771097759,3.32,1.5679951692983014,3891.0,K2-71,1,397.21540899868273,-131.1752232005756,-72.86922743164112
334.6227504,-9.6120084,173.42559026123476,0.75,1.2005666912830546,3497.0,K2-72,4,154.49120653048027,-73.28265768431137,-28.957806286702805
335.025662,-9.0560881,760.4323898080287,2.58,1.8208091577498182,5867.0,K2-73,2,680.736985446649,-317.0617573923489,-119.69301614310497
338.3682095,-9.0229405,871.2813642601673,5.71,2.237174921383187,4912.0,K2-39,1,799.8966003720146,-317.214975882789,-136.64297821707999
339.9192984,-8.7145697,1074.9653053016918,2.94,1.8018307125752475,5804.0,K2-74,1,997.9624646929342,-364.82129940422726,-162.87033544318288
337.6178427,-7.972456,891.2004214918834,2.094,1.6845092557004964,4752.0,EPIC 206317286,2,816.0968636523396,-336.07357330021006,-123.60685148224492
335.6233145,-7.9563525,163.47995866205,1.6,1.0968329107104695,2997.0,K2-28,1,147.47259706646193,-66.82419339655652,-22.62868037509363
292.16706,48.7275345,3786.8754623164687,12.21,1.8299778541982827,5712.0,Kepler-1976,1,942.5076480718099,-2313.34533780225,2846.1444883366876
338.844896,-7.469895,1607.9969606529685,2.54862479,1.8850385447634146,6022.0,K2-75,2,1486.9021339965207,-575.3913377503965,-209.04802756205686
298.4568899,48.7915925,4349.125595223338,2.21,1.7848915425619567,6075.0,Kepler-666,1,1365.2619176115586,-2519.0176795198113,3271.926537930365
59.464829,18.4649505,262.55700190718886,1.27572042,1.6196942060577153,4441.0,K2-85,1,126.52901583215005,214.50243870584455,83.15822985300072
338.0541631,-17.5440636,487.6223716641127,1.15,1.4065399050948764,3798.0,K2-54,1,431.25007299878604,-173.76230196062355,-146.98848357344494
295.5549918,49.0172956,6647.171014860302,11.406,2.1140593306981086,5465.0,Kepler-667,1,1880.555207873052,-3932.947023733869,5017.999832547167
55.228521,12.572448,391.4318545904884,2.79975419,1.7032056220639147,4865.6,K2-77,1,217.88260215883858,313.8252066307329,85.20450779049379
55.2559307,13.5191871,722.2966598870746,4.15,1.8951405886846167,5897.0,K2-79,1,400.23932882999424,577.0701415324231,168.85199523099837
57.4854562,14.5020556,711.6046426840619,1.82,1.6095529758207554,4530.0,K2-81,1,370.3103513599352,580.9453445120992,178.19629023891363
59.9013782,15.5587994,344.52363289451984,1.244,1.4470436991615014,3910.0,K2-83,2,166.4439066203187,287.1467251321736,92.41059364419473
285.4992845,49.2772713,2252.725887515816,2.52,1.69985586522286,5592.0,Kepler-668,1,392.7362316570415,-1416.2297777984447,1707.2859728542007
60.7929729,16.347166,270.40707920051375,2.6,1.6377108938035625,4455.0,K2-174,1,126.61544729269617,226.4864363040618,76.10789156788898
55.8093566,16.6344396,805.866948694267,2.41,1.7680999213478592,5652.0,K2-84,2,433.9038678912913,638.6944852808194,230.6909770638078
51.5531053,18.6355718,730.0789892241172,1.97521161,1.6645996254170712,5129.0,K2-86,1,430.15431125734943,541.8081072031184,233.29503634282074
291.9361615,49.2539473,5955.099584530445,4.46,1.837835150728063,6174.0,Kepler-669,1,1452.0564499244115,-3605.526744562997,4511.642718805263
66.2363638,18.8273617,1403.3402284443137,7.6,1.9355896816589326,5747.0,K2-87,1,535.2395835747926,1215.6395747773238,452.8827764223632
54.7514566,19.1199667,301.18810256830966,1.23,1.2408044561104365,3537.0,K2-88,1,164.2340346911282,232.3983191119959,98.65331343493149
57.0671234,20.4594885,230.19056055391513,1.08,1.5421361388848283,3677.0,K2-89,1,117.25034198851816,181.0136020618513,80.46196207087517
59.8903081,21.2985263,561.2736648207442,1.22263837,1.764881422098058,5741.0,K2-111,2,262.33604605857516,452.3770441253007,203.86989897510134
59.1527391,22.4724517,369.5932719307741,2.6,1.6017046596105142,4484.0,K2-90,2,175.11870275205172,293.2141843960752,141.27302881965156
297.0154644,49.2252988,2701.848514278488,12.21,1.7789428359455266,5532.0,Kepler-670,1,801.5088182723298,-1572.0005792979389,2046.0652939306483
63.2182348,24.2047218,162.2686020420282,1.1,1.2832318015464914,3622.0,K2-91,1,66.68916999675629,132.12658656313377,66.52983493886468
129.1299193,10.1472175,246.6452073374522,1.56,1.4333192570227917,3669.0,K2-354,1,-153.2184205338022,188.33419992524222,43.45345843751262
126.4643579,10.246577,571.4126965686322,2.24179614,1.6460897446698746,5110.0,K2-180,1,-334.18726290330653,452.2162242419844,101.64560809673644
127.762837,10.8475571,2524.331497548046,8.04276104,2.2398379160401287,4836.0,K2-97,1,-1518.2636580793967,1959.9573852928095,475.07054413497855
127.5541103,10.9101444,1026.004378434606,2.84,1.8254192131385143,5608.0,K2-181,1,-614.0570895292855,798.6918558634985,194.19112941410475
130.180046,10.9829509,429.3562340495362,2.93924,1.7014110500221729,5069.2,K2-182,1,-271.94318846566375,322.0287269341127,81.79961487393038
126.4882114,11.5110933,1482.6198133536277,4.93,1.9808385584544133,6103.0,K2-98,1,-863.9173658688358,1168.019837438972,295.8681382779086
128.0670932,11.6307099,1263.1280158462353,13.024,1.6724701176381787,4925.0,K2-371,1,-762.8329468974846,974.0284889731165,254.65031359119538
294.2657519,49.3140933,3363.4507355521555,2.33,1.7220927101302448,5641.0,Kepler-671,1,901.1219619636315,-1998.9488697589557,2550.4869096395196
126.8968265,11.6674131,444.68638056725956,2.67656,1.955240989258719,6266.98,K2-330,1,-261.4626764360525,348.27576367475285,89.9290738842198
127.882912,11.922255,1358.5107688257244,10.88,1.7408395611469554,5039.0,K2-114,1,-816.1987765185662,1049.0988378052646,280.6469218443338
126.5535002,12.281851,1178.5241364239669,11.80305668,1.733730618282741,5870.0,K2-115,1,-685.8329912003293,925.0423845434603,250.69669944619275
130.7988719,13.0094226,1324.121442982945,2.945,1.7645685480945823,5479.0,K2-372,1,-842.9817537871116,976.6426361135109,298.0746884163336
130.1551381,13.0146799,1025.5672014517586,1.1956395,1.907911530920685,6035.0,K2-269,1,-644.3582872039758,763.7071948100388,230.95844431527505
135.0194934,13.2737056,758.9905743281748,10.55,1.54665123278218,3711.0,K2-419 A,1,-522.5271129321425,522.171681302896,174.2665872022504
125.4202985,13.4975122,554.3106804250644,3.37,1.7592136167706003,5464.0,K2-105,1,-312.388561594833,439.2437679070793,129.37785503246315
135.8832666,14.2504994,337.786475019781,2.2,1.2774337765079347,3315.0,K2-332,1,-235.0425186017955,227.90519278479874,83.15010677886984
129.1405227,14.4618826,199.9272010571993,1.55,1.696203923404798,5220.0,K2-184,1,-122.20020967363278,150.15022538998687,49.92899251559275
125.2239144,16.0907958,1615.3044752536734,6.92239107,1.8070743124099218,5545.3,K2-271,1,-895.1653628007767,1267.854000944215,447.6982837872466
123.3818484,16.419516,1362.9607093729846,5.28,2.026508618266858,5474.0,K2-108,1,-719.3395481324674,1091.6880909346778,385.2656510753147
129.3896679,16.5220648,1596.5985117690636,2.52633631,1.9383152286491785,5985.0,K2-335,1,-971.3530848701557,1182.9794695514925,454.047978649933
133.8382032,16.7940663,673.8829280514994,1.3172461,1.6973092075168978,5277.0,K2-336,1,-446.84061418135855,465.3395912927646,194.70678214374425
127.761137,16.9004702,1201.8161154107627,2.62,1.9112465342545746,5869.0,K2-337,1,-704.172175676302,909.085873495711,349.3800178528516
132.0098683,16.9017663,1039.5250175729946,2.29,1.6397273089808477,4752.8,K2-119,1,-665.6595472639782,739.0338078562223,302.2228650217954
124.3609294,17.0241557,435.4969782920463,1.03,1.6089046744768138,4558.0,K2-338,1,-235.02588252580742,343.749252824019,127.50256400322743
132.6211743,17.5423852,1205.9533730828734,3.2,1.7075732860013981,5490.0,K2-272,1,-778.6318457862034,846.1279644089924,363.487901617956
126.9366624,17.5793267,471.5336796529722,7.50399,1.6216792738837174,4664.8,K2-121,1,-270.12660895925103,359.29580952049963,142.41540450476737
129.7768928,19.0100046,873.1198237575713,2.8,1.7255214628674054,5170.0,K2-273,1,-528.1556085539819,634.432151639732,284.4041574189903
127.9373409,19.0745863,2118.1506523058406,3.36,1.8477204113675578,5532.0,K2-340,1,-1230.736894468395,1578.827303819911,692.2089476239809
286.5510448,49.418731,2076.862036727134,2.49,1.7294051397001768,5632.0,Kepler-571,1,384.8736252388495,-1295.0735998329062,1577.3435209901877
136.5741931,19.4020565,507.12162318382303,5.5,1.9314845146119857,6019.0,EPIC 211945201,1,-347.38899192876306,328.80595913605515,168.4632607541836
129.6366594,19.7737202,529.1223377047257,1.79,1.4977507045582352,3712.0,K2-104,1,-317.6335942990032,383.45325857683287,179.0054371174758
129.6010863,20.1060074,528.1669178084371,3.59,1.8790445422674094,6168.0,K2-100,1,-316.1564662732817,382.15276557132734,181.56168557006146
130.5013137,20.3593003,1996.4475287895013,1.75532562,1.8236865552140236,5838.0,K2-375,1,-1215.6228412958553,1423.2453959995303,694.5764073848454
291.7219993,49.4808492,2974.536933526513,2.82,1.8122199343046632,5481.0,Kepler-672,1,715.2483326419931,-1795.3328384866184,2261.209806855114
126.4762179,20.3593384,189.6743874852987,1.21,1.588961504021594,4027.0,K2-122,1,-105.71517593198838,142.98994982409806,65.98900737921352
129.2823699,20.3992512,642.1456162238728,2.2,1.67468559141778,5065.0,K2-274,1,-381.0724295103597,465.8719267838456,223.8261462325536
134.4441404,21.4532748,448.8265334511773,2.66,1.5834747919544212,3880.0,K2-123,1,-292.500280326562,298.23149179942646,164.15486723753287
132.7075876,21.7890367,451.2961491224932,2.11,1.5304684744203585,3779.0,K2-345,1,-284.22639828108544,307.9313662378014,167.5166929588642
125.9528309,22.6339399,1394.3940239608826,3.77,1.7313332277641686,5139.0,K2-276,1,-755.622866627154,1041.828234866586,536.6215673291174
125.9864854,22.663226,286.767052557964,2.99459349,1.657727193454635,4678.0,K2-346,1,-155.49187815343785,214.12240190183934,110.49531784146208
133.6410515,23.1329509,387.53489949835324,2.9,1.417048296462751,3620.0,K2-124,1,-245.94830750300486,257.9009079169645,152.24930233407142
126.3726821,23.2974061,908.5311593681992,2.41,1.6089046744768138,4599.0,K2-347,1,-494.86013307220094,671.8824045695105,359.32763693957685
297.4865503,49.6233975,432.6162425441455,2.215,1.7416374963487766,5534.0,Kepler-538,1,129.3479087585954,-248.61749437786634,329.5683135589109
202.0161895,-15.9379749,308.60563521767835,2.18575124,1.7865753921591394,5680.0,K2-277,1,-275.1036074816825,-111.23950483301978,-84.74205451353944
203.3018653,-14.5041057,2257.998068216245,2.98,1.992426059451779,6747.0,K2-278,1,-2007.7277691500697,-864.7416695519852,-565.5142137846082
199.0996546,-14.4447454,1294.2631236180193,1.38,1.5061789188581765,4385.0,K2-349,1,-1184.353926215861,-410.11132215263854,-322.84905769842715
288.9217259,49.7620237,2208.0875118764848,2.18,1.7408395611469554,5485.0,Kepler-594,1,462.5295196189616,-1349.2684509840217,1685.5834452097342
203.5467021,-13.5769705,279.16133114114456,1.79540442,1.581323180984366,4396.0,K2-126,1,-248.76540617068437,-108.40746869724859,-65.53351988017477
201.6391407,-12.8066737,812.5606783919019,1.57889322,1.7263478901466534,5176.0,K2-191,1,-736.5062228229592,-292.1856028663419,-180.11388977365849
207.3497402,-12.2849182,318.30748998271906,2.592,1.6594927130117003,5010.0,K2-110,1,-276.2526906194292,-142.88849414279989,-67.72730133578193
206.6522408,-11.8049588,1992.4926694612275,2.54,1.8177066463718359,5769.0,K2-351,1,-1743.1174879577452,-874.8769988778022,-407.62568352249195
207.0782895,-11.5889878,2036.6880776940973,8.37,1.627919912838472,4575.0,K2-127,1,-1776.4682865342577,-908.2155055324316,-409.1495426733181
206.5823122,-11.5563527,623.112493805079,1.52,1.7116304300954515,5222.0,K2-192,1,-545.9483955346368,-273.1798204117273,-124.82914350806432
205.1596569,-11.1172332,1972.9181424345365,2.88,1.6702425703723875,4823.0,K2-378,1,-1752.2308087216063,-823.0307523352864,-380.41236891639016
205.2371043,-11.0093342,1173.6949231299984,3.95,1.7895055402742792,5817.0,K2-193,1,-1042.1282403771463,-491.21288975122013,-224.1392427305437
204.6089755,-8.9271609,1803.6553745656677,3.64229858,1.8990244063916282,5979.0,K2-194,1,-1619.966724041749,-741.9856605207093,-279.8889114965237
202.3934779,-7.3739779,698.0521562157969,2.56,1.7680999213478592,5667.0,K2-197,1,-640.0737871082914,-263.7341424875847,-89.59163990413087
204.7792935,-6.0417592,510.86513205019065,1.21,1.7361140297684075,5558.0,K2-279,1,-461.25290826726246,-212.9265134554157,-53.77022993601348
208.7737624,-5.4424943,1484.3685212850169,10.53585955,2.1340127360335224,6033.0,K2-99,2,-1295.223933018281,-711.283191692358,-140.78739835104324
202.251206,-4.6100532,514.1888352045526,1.3643987,1.702308288342065,5233.0,K2-200,1,-474.3588645233749,-194.07699109633998,-41.32732055311747
132.1698795,20.4550162,338.46974500621775,2.50448263,1.6721061869083642,4783.6,K2-275,2,-212.89798374484232,235.04195386749592,118.28565730512241
198.8436817,-6.4649888,301.20547383915124,1.423,1.683969646497814,5212.9,K2-198,3,-283.2490995968882,-96.66689389086194,-33.914549587346535
208.9014508,-6.1360833,292.377973039805,1.88203097,1.6324908829556453,4681.0,K2-199,2,-254.4965091888289,-140.4980289367277,-31.252356622496205
290.7857595,50.0540561,2639.50302322794,5.941,1.7055295121851843,5504.0,Kepler-673,1,601.4171516007073,-1584.4279886663808,2023.5764300170463
60.3752402,15.6251296,643.0547127312506,1.60826194,1.7280277463619647,5580.0,K2-173,1,306.1260833722326,538.3375557714534,173.20179182406102
58.7967878,23.7567524,533.5259548630746,2.51267885,1.6899021844765483,5015.0,K2-179,1,252.98486572820886,417.67481587066914,214.9333627253767
285.1761864,50.1496897,971.9884117526108,1.32,1.471370331589931,3741.0,Kepler-674,1,163.05069106852446,-601.1135671028442,746.2160706982488
202.897887,-12.0951142,546.0882788933676,1.693,1.6466817127844446,4200.0,K2-377,1,-491.8890945123146,-207.76071170065126,-114.42470763875478
293.8334488,50.2303479,1908.375185622524,2.38,1.6674409561718069,4989.0,Kepler-675,1,493.29715176094766,-1116.6882964616307,1466.8200358973695
296.2220259,50.2873626,835.7455345418413,3.07,1.5061789188581765,3672.0,Kepler-676,1,235.94351246982197,-479.0355812873349,642.9044791341372
290.0980478,50.3215731,5638.566077678191,5.5,1.8137950958364613,6014.0,Kepler-677,1,1237.0943562472476,-3380.8761438563224,4339.666054662229
295.4552577,50.4945093,5268.181631216936,10.79,2.065254632217087,5489.0,Kepler-678,1,1440.4373017031467,-3026.018617133255,4064.7373110837852
294.5703593,50.6730147,1842.7378387474898,1.11,1.749210240938861,5121.0,Kepler-595,2,485.5943133596897,-1062.0812713696862,1425.434768128746
291.6467764,41.8846843,2472.000544137688,3.49,1.9683747749028553,6325.0,Kepler-483,1,678.8857365401313,-1710.588168947783,1650.3905486869642
291.221172,50.5813487,1442.208446952422,2.444,1.6845092557004964,5217.0,Kepler-572,1,331.48273596438156,-853.6777399924601,1114.1448363924014
296.0213374,50.5678019,2651.1823076571172,2.69,1.6812608631474,5557.0,Kepler-679,1,738.7531227998711,-1513.2378164041443,2047.7115917511364
291.622381,50.6181793,4302.136307596776,1.96,1.7623458459799721,5880.0,Kepler-680,1,1005.8396389363196,-2537.56447206227,3325.271414488479
291.2012559,51.1442437,2399.9097701449946,11.441,1.999723183646189,5804.0,Kepler-1704,1,544.4970549314577,-1403.7059525342336,1868.8765236976813
289.3997364,51.2502428,1969.8781700372544,3.16,1.6935752718267783,5127.0,Kepler-681,1,409.54483219808407,-1162.9826631726241,1536.282643386
289.5211955,51.2374057,2214.662537890035,2.79,1.8058578772852494,5746.0,Kepler-573,1,463.336370705441,-1306.8849028320626,1726.876201429816
291.1593939,51.3348228,3904.913247685228,3.32,1.8790445422674094,6155.0,Kepler-620,1,880.6308309158346,-2275.1830696376005,3048.9963613003056
296.4068982,51.3581938,1980.306722965836,4.617,1.7865753921591394,5458.0,Kepler-554,1,549.9700513489514,-1107.5726427709624,1546.748363706348
289.5006797,51.6857106,2945.3531985126037,3.375,1.901849478752847,5984.0,Kepler-596,1,609.5666205943162,-1721.2981396006908,2310.9882547630677
289.1122204,51.7373589,5711.438558858757,14.789,2.0461179757907697,5802.0,Kepler-682,1,1158.0519487296701,-3341.949077899096,4484.509165604569
290.2470519,52.1491051,1958.2191520907252,2.7,1.7455110852701348,5666.0,Kepler-574,1,415.8294303725813,-1127.3336202103687,1546.2299444760201
286.7485252,45.1587234,766.4949633317515,2.34,1.7003749178788539,4324.0,KOI-7913 A,1,155.75395166686633,-517.5619958432595,543.493160777429
298.1772916,42.2370289,1690.041472837906,1.94,1.824654472201379,5757.0,Kepler-1711,1,590.845140459482,-1102.9709802860455,1136.0445486662807
